solid OpenSCAD_Model
  facet normal 0 0 1
    outer loop
      vertex 0 33.4 3
      vertex -3.75 25.4 3
      vertex 0 17.4 3
    endloop
  endfacet
  facet normal 0 0 1
    outer loop
      vertex 0 33.4 3
      vertex -3.76925 25.6937 3
      vertex -3.75 25.4 3
    endloop
  endfacet
  facet normal 0 0 1
    outer loop
      vertex 0 33.4 3
      vertex -3.82667 25.9823 3
      vertex -3.76925 25.6937 3
    endloop
  endfacet
  facet normal 0 0 1
    outer loop
      vertex 0 33.4 3
      vertex -3.92127 26.261 3
      vertex -3.82667 25.9823 3
    endloop
  endfacet
  facet normal 0 0 1
    outer loop
      vertex 0 33.4 3
      vertex -4.05144 26.525 3
      vertex -3.92127 26.261 3
    endloop
  endfacet
  facet normal 0 0 1
    outer loop
      vertex 0 33.4 3
      vertex -4.21496 26.7697 3
      vertex -4.05144 26.525 3
    endloop
  endfacet
  facet normal 0 0 1
    outer loop
      vertex 0 33.4 3
      vertex -4.40901 26.991 3
      vertex -4.21496 26.7697 3
    endloop
  endfacet
  facet normal 0 0 1
    outer loop
      vertex 0 33.4 3
      vertex -4.63029 27.185 3
      vertex -4.40901 26.991 3
    endloop
  endfacet
  facet normal 0 0 1
    outer loop
      vertex 0 33.4 3
      vertex -4.875 27.3486 3
      vertex -4.63029 27.185 3
    endloop
  endfacet
  facet normal 0 0 1
    outer loop
      vertex 0 33.4 3
      vertex -5.13896 27.4787 3
      vertex -4.875 27.3486 3
    endloop
  endfacet
  facet normal 0 0 1
    outer loop
      vertex 0 33.4 3
      vertex -5.41766 27.5733 3
      vertex -5.13896 27.4787 3
    endloop
  endfacet
  facet normal 0 0 1
    outer loop
      vertex 0 33.4 3
      vertex -5.70632 27.6308 3
      vertex -5.41766 27.5733 3
    endloop
  endfacet
  facet normal 0 0 1
    outer loop
      vertex 0 33.4 3
      vertex -6 27.65 3
      vertex -5.70632 27.6308 3
    endloop
  endfacet
  facet normal -0 0 1
    outer loop
      vertex -12 33.4 3
      vertex -6 27.65 3
      vertex 0 33.4 3
    endloop
  endfacet
  facet normal 0 0 1
    outer loop
      vertex -6 27.65 3
      vertex -12 33.4 3
      vertex -6.29368 27.6308 3
    endloop
  endfacet
  facet normal 0 0 1
    outer loop
      vertex -6.29368 27.6308 3
      vertex -12 33.4 3
      vertex -6.58234 27.5733 3
    endloop
  endfacet
  facet normal 0 0 1
    outer loop
      vertex -6.58234 27.5733 3
      vertex -12 33.4 3
      vertex -6.86104 27.4787 3
    endloop
  endfacet
  facet normal 0 0 1
    outer loop
      vertex -6.86104 27.4787 3
      vertex -12 33.4 3
      vertex -7.125 27.3486 3
    endloop
  endfacet
  facet normal 0 0 1
    outer loop
      vertex -8.23075 25.6937 3
      vertex -12 33.4 3
      vertex -8.25 25.4 3
    endloop
  endfacet
  facet normal 0 0 1
    outer loop
      vertex -8.17333 25.9823 3
      vertex -12 33.4 3
      vertex -8.23075 25.6937 3
    endloop
  endfacet
  facet normal 0 0 1
    outer loop
      vertex -8.07873 26.261 3
      vertex -12 33.4 3
      vertex -8.17333 25.9823 3
    endloop
  endfacet
  facet normal 0 0 1
    outer loop
      vertex -7.94856 26.525 3
      vertex -12 33.4 3
      vertex -8.07873 26.261 3
    endloop
  endfacet
  facet normal 0 0 1
    outer loop
      vertex -7.78505 26.7697 3
      vertex -12 33.4 3
      vertex -7.94856 26.525 3
    endloop
  endfacet
  facet normal 0 0 1
    outer loop
      vertex -7.59099 26.991 3
      vertex -12 33.4 3
      vertex -7.78505 26.7697 3
    endloop
  endfacet
  facet normal 0 0 1
    outer loop
      vertex -7.36971 27.185 3
      vertex -12 33.4 3
      vertex -7.59099 26.991 3
    endloop
  endfacet
  facet normal 0 0 1
    outer loop
      vertex -7.125 27.3486 3
      vertex -12 33.4 3
      vertex -7.36971 27.185 3
    endloop
  endfacet
  facet normal -0 0 1
    outer loop
      vertex -3.76925 25.1063 3
      vertex 0 17.4 3
      vertex -3.75 25.4 3
    endloop
  endfacet
  facet normal -0 0 1
    outer loop
      vertex -3.82667 24.8177 3
      vertex 0 17.4 3
      vertex -3.76925 25.1063 3
    endloop
  endfacet
  facet normal -0 0 1
    outer loop
      vertex -3.92127 24.539 3
      vertex 0 17.4 3
      vertex -3.82667 24.8177 3
    endloop
  endfacet
  facet normal -0 0 1
    outer loop
      vertex -4.05144 24.275 3
      vertex 0 17.4 3
      vertex -3.92127 24.539 3
    endloop
  endfacet
  facet normal -0 0 1
    outer loop
      vertex -4.21496 24.0303 3
      vertex 0 17.4 3
      vertex -4.05144 24.275 3
    endloop
  endfacet
  facet normal -0 0 1
    outer loop
      vertex -4.40901 23.809 3
      vertex 0 17.4 3
      vertex -4.21496 24.0303 3
    endloop
  endfacet
  facet normal -0 0 1
    outer loop
      vertex -4.63029 23.615 3
      vertex 0 17.4 3
      vertex -4.40901 23.809 3
    endloop
  endfacet
  facet normal -0 0 1
    outer loop
      vertex -4.875 23.4514 3
      vertex 0 17.4 3
      vertex -4.63029 23.615 3
    endloop
  endfacet
  facet normal -0 0 1
    outer loop
      vertex -5.13896 23.3213 3
      vertex 0 17.4 3
      vertex -4.875 23.4514 3
    endloop
  endfacet
  facet normal -0 0 1
    outer loop
      vertex -5.41766 23.2267 3
      vertex 0 17.4 3
      vertex -5.13896 23.3213 3
    endloop
  endfacet
  facet normal -0 0 1
    outer loop
      vertex -5.70632 23.1692 3
      vertex 0 17.4 3
      vertex -5.41766 23.2267 3
    endloop
  endfacet
  facet normal -0 0 1
    outer loop
      vertex -6 23.15 3
      vertex 0 17.4 3
      vertex -5.70632 23.1692 3
    endloop
  endfacet
  facet normal 0 0 1
    outer loop
      vertex -12 17.4 3
      vertex -6 23.15 3
      vertex -6.29368 23.1692 3
    endloop
  endfacet
  facet normal 0 0 1
    outer loop
      vertex -12 17.4 3
      vertex -6.29368 23.1692 3
      vertex -6.58234 23.2267 3
    endloop
  endfacet
  facet normal 0 0 1
    outer loop
      vertex -12 17.4 3
      vertex -6.58234 23.2267 3
      vertex -6.86104 23.3213 3
    endloop
  endfacet
  facet normal 0 0 1
    outer loop
      vertex -12 17.4 3
      vertex -6.86104 23.3213 3
      vertex -7.125 23.4514 3
    endloop
  endfacet
  facet normal 0 0 1
    outer loop
      vertex -12 17.4 3
      vertex -7.125 23.4514 3
      vertex -7.36971 23.615 3
    endloop
  endfacet
  facet normal 0 0 1
    outer loop
      vertex -12 17.4 3
      vertex -8.25 25.4 3
      vertex -12 33.4 3
    endloop
  endfacet
  facet normal 0 0 1
    outer loop
      vertex -8.25 25.4 3
      vertex -12 17.4 3
      vertex -8.23075 25.1063 3
    endloop
  endfacet
  facet normal 0 0 1
    outer loop
      vertex -8.23075 25.1063 3
      vertex -12 17.4 3
      vertex -8.17333 24.8177 3
    endloop
  endfacet
  facet normal 0 0 1
    outer loop
      vertex -6 23.15 3
      vertex -12 17.4 3
      vertex 0 17.4 3
    endloop
  endfacet
  facet normal 0 0 1
    outer loop
      vertex -7.59099 23.809 3
      vertex -12 17.4 3
      vertex -7.36971 23.615 3
    endloop
  endfacet
  facet normal 0 0 1
    outer loop
      vertex -7.78505 24.0303 3
      vertex -12 17.4 3
      vertex -7.59099 23.809 3
    endloop
  endfacet
  facet normal 0 0 1
    outer loop
      vertex -7.94856 24.275 3
      vertex -12 17.4 3
      vertex -7.78505 24.0303 3
    endloop
  endfacet
  facet normal 0 0 1
    outer loop
      vertex -8.07873 24.539 3
      vertex -12 17.4 3
      vertex -7.94856 24.275 3
    endloop
  endfacet
  facet normal 0 0 1
    outer loop
      vertex -8.17333 24.8177 3
      vertex -12 17.4 3
      vertex -8.07873 24.539 3
    endloop
  endfacet
  facet normal 0 0 -1
    outer loop
      vertex 0 17.4 0
      vertex -3.75 25.4 0
      vertex 0 33.4 0
    endloop
  endfacet
  facet normal 0 0 -1
    outer loop
      vertex 0 17.4 0
      vertex -3.76925 25.1063 0
      vertex -3.75 25.4 0
    endloop
  endfacet
  facet normal 0 0 -1
    outer loop
      vertex 0 17.4 0
      vertex -3.82667 24.8177 0
      vertex -3.76925 25.1063 0
    endloop
  endfacet
  facet normal 0 0 -1
    outer loop
      vertex 0 17.4 0
      vertex -3.92127 24.539 0
      vertex -3.82667 24.8177 0
    endloop
  endfacet
  facet normal 0 0 -1
    outer loop
      vertex 0 17.4 0
      vertex -4.05144 24.275 0
      vertex -3.92127 24.539 0
    endloop
  endfacet
  facet normal 0 0 -1
    outer loop
      vertex 0 17.4 0
      vertex -4.21496 24.0303 0
      vertex -4.05144 24.275 0
    endloop
  endfacet
  facet normal 0 0 -1
    outer loop
      vertex 0 17.4 0
      vertex -4.40901 23.809 0
      vertex -4.21496 24.0303 0
    endloop
  endfacet
  facet normal 0 0 -1
    outer loop
      vertex 0 17.4 0
      vertex -4.63029 23.615 0
      vertex -4.40901 23.809 0
    endloop
  endfacet
  facet normal 0 0 -1
    outer loop
      vertex 0 17.4 0
      vertex -4.875 23.4514 0
      vertex -4.63029 23.615 0
    endloop
  endfacet
  facet normal 0 0 -1
    outer loop
      vertex 0 17.4 0
      vertex -5.13896 23.3213 0
      vertex -4.875 23.4514 0
    endloop
  endfacet
  facet normal 0 0 -1
    outer loop
      vertex 0 17.4 0
      vertex -5.41766 23.2267 0
      vertex -5.13896 23.3213 0
    endloop
  endfacet
  facet normal 0 0 -1
    outer loop
      vertex 0 17.4 0
      vertex -5.70632 23.1692 0
      vertex -5.41766 23.2267 0
    endloop
  endfacet
  facet normal 0 0 -1
    outer loop
      vertex 0 17.4 0
      vertex -6 23.15 0
      vertex -5.70632 23.1692 0
    endloop
  endfacet
  facet normal 0 0 -1
    outer loop
      vertex -12 17.4 0
      vertex -6 23.15 0
      vertex 0 17.4 0
    endloop
  endfacet
  facet normal -0 0 -1
    outer loop
      vertex -6 23.15 0
      vertex -12 17.4 0
      vertex -6.29368 23.1692 0
    endloop
  endfacet
  facet normal -0 0 -1
    outer loop
      vertex -6.29368 23.1692 0
      vertex -12 17.4 0
      vertex -6.58234 23.2267 0
    endloop
  endfacet
  facet normal -0 0 -1
    outer loop
      vertex -6.58234 23.2267 0
      vertex -12 17.4 0
      vertex -6.86104 23.3213 0
    endloop
  endfacet
  facet normal -0 0 -1
    outer loop
      vertex -6.86104 23.3213 0
      vertex -12 17.4 0
      vertex -7.125 23.4514 0
    endloop
  endfacet
  facet normal -0 0 -1
    outer loop
      vertex -8.23075 25.1063 0
      vertex -12 17.4 0
      vertex -8.25 25.4 0
    endloop
  endfacet
  facet normal -0 0 -1
    outer loop
      vertex -8.17333 24.8177 0
      vertex -12 17.4 0
      vertex -8.23075 25.1063 0
    endloop
  endfacet
  facet normal -0 0 -1
    outer loop
      vertex -8.07873 24.539 0
      vertex -12 17.4 0
      vertex -8.17333 24.8177 0
    endloop
  endfacet
  facet normal -0 0 -1
    outer loop
      vertex -7.94856 24.275 0
      vertex -12 17.4 0
      vertex -8.07873 24.539 0
    endloop
  endfacet
  facet normal -0 0 -1
    outer loop
      vertex -7.78505 24.0303 0
      vertex -12 17.4 0
      vertex -7.94856 24.275 0
    endloop
  endfacet
  facet normal -0 0 -1
    outer loop
      vertex -7.59099 23.809 0
      vertex -12 17.4 0
      vertex -7.78505 24.0303 0
    endloop
  endfacet
  facet normal -0 0 -1
    outer loop
      vertex -7.36971 23.615 0
      vertex -12 17.4 0
      vertex -7.59099 23.809 0
    endloop
  endfacet
  facet normal -0 0 -1
    outer loop
      vertex -7.125 23.4514 0
      vertex -12 17.4 0
      vertex -7.36971 23.615 0
    endloop
  endfacet
  facet normal 0 0 -1
    outer loop
      vertex 127.1 0 0
      vertex 130.1 17.4 0
      vertex 130.1 3 0
    endloop
  endfacet
  facet normal 0 0 -1
    outer loop
      vertex 0 17.4 0
      vertex 130.1 17.4 0
      vertex 127.1 0 0
    endloop
  endfacet
  facet normal 0 0 -1
    outer loop
      vertex 127.1 0 0
      vertex 130.1 3 0
      vertex 130.074 2.60842 0
    endloop
  endfacet
  facet normal 0 0 -1
    outer loop
      vertex 130.1 17.4 0
      vertex 0 17.4 0
      vertex 130.1 33.4 0
    endloop
  endfacet
  facet normal 0 0 -1
    outer loop
      vertex 127.1 0 0
      vertex 130.074 2.60842 0
      vertex 129.998 2.22354 0
    endloop
  endfacet
  facet normal 0 0 -1
    outer loop
      vertex 130.1 33.4 0
      vertex 127.1 50.8 0
      vertex 130.1 47.8 0
    endloop
  endfacet
  facet normal 0 0 -1
    outer loop
      vertex 127.1 0 0
      vertex 129.998 2.22354 0
      vertex 129.872 1.85195 0
    endloop
  endfacet
  facet normal 0 0 -1
    outer loop
      vertex 130.1 47.8 0
      vertex 127.1 50.8 0
      vertex 130.074 48.1916 0
    endloop
  endfacet
  facet normal 0 0 -1
    outer loop
      vertex 127.1 0 0
      vertex 129.872 1.85195 0
      vertex 129.698 1.5 0
    endloop
  endfacet
  facet normal 0 0 -1
    outer loop
      vertex 130.074 48.1916 0
      vertex 127.1 50.8 0
      vertex 129.998 48.5765 0
    endloop
  endfacet
  facet normal 0 0 -1
    outer loop
      vertex 127.1 0 0
      vertex 129.698 1.5 0
      vertex 129.48 1.17372 0
    endloop
  endfacet
  facet normal 0 0 -1
    outer loop
      vertex 129.998 48.5765 0
      vertex 127.1 50.8 0
      vertex 129.872 48.9481 0
    endloop
  endfacet
  facet normal 0 0 -1
    outer loop
      vertex 127.1 0 0
      vertex 129.48 1.17372 0
      vertex 129.221 0.878679 0
    endloop
  endfacet
  facet normal 0 0 -1
    outer loop
      vertex 129.872 48.9481 0
      vertex 127.1 50.8 0
      vertex 129.698 49.3 0
    endloop
  endfacet
  facet normal 0 0 -1
    outer loop
      vertex 127.1 0 0
      vertex 129.221 0.878679 0
      vertex 128.926 0.61994 0
    endloop
  endfacet
  facet normal 0 0 -1
    outer loop
      vertex 129.698 49.3 0
      vertex 127.1 50.8 0
      vertex 129.48 49.6263 0
    endloop
  endfacet
  facet normal 0 0 -1
    outer loop
      vertex 127.1 0 0
      vertex 128.926 0.61994 0
      vertex 128.6 0.401923 0
    endloop
  endfacet
  facet normal 0 0 -1
    outer loop
      vertex 129.48 49.6263 0
      vertex 127.1 50.8 0
      vertex 129.221 49.9213 0
    endloop
  endfacet
  facet normal 0 0 -1
    outer loop
      vertex 127.1 0 0
      vertex 128.6 0.401923 0
      vertex 128.248 0.228361 0
    endloop
  endfacet
  facet normal 0 0 -1
    outer loop
      vertex 129.221 49.9213 0
      vertex 127.1 50.8 0
      vertex 128.926 50.1801 0
    endloop
  endfacet
  facet normal 0 0 -1
    outer loop
      vertex 127.1 0 0
      vertex 128.248 0.228361 0
      vertex 127.876 0.102222 0
    endloop
  endfacet
  facet normal 0 0 -1
    outer loop
      vertex 128.926 50.1801 0
      vertex 127.1 50.8 0
      vertex 128.6 50.3981 0
    endloop
  endfacet
  facet normal 0 0 -1
    outer loop
      vertex 127.1 0 0
      vertex 127.876 0.102222 0
      vertex 127.492 0.0256653 0
    endloop
  endfacet
  facet normal 0 0 -1
    outer loop
      vertex 128.6 50.3981 0
      vertex 127.1 50.8 0
      vertex 128.248 50.5716 0
    endloop
  endfacet
  facet normal 0 0 -1
    outer loop
      vertex 128.248 50.5716 0
      vertex 127.1 50.8 0
      vertex 127.876 50.6978 0
    endloop
  endfacet
  facet normal 0 0 -1
    outer loop
      vertex 127.876 50.6978 0
      vertex 127.1 50.8 0
      vertex 127.492 50.7743 0
    endloop
  endfacet
  facet normal 0 0 -1
    outer loop
      vertex 0 17.4 0
      vertex 127.1 0 0
      vertex 3 0 0
    endloop
  endfacet
  facet normal 0 0 -1
    outer loop
      vertex 0 33.4 0
      vertex 130.1 33.4 0
      vertex 0 17.4 0
    endloop
  endfacet
  facet normal 0 0 -1
    outer loop
      vertex 0 3 0
      vertex 3 0 0
      vertex 2.60842 0.0256653 0
    endloop
  endfacet
  facet normal 0 0 -1
    outer loop
      vertex 130.1 33.4 0
      vertex 0 33.4 0
      vertex 127.1 50.8 0
    endloop
  endfacet
  facet normal 0 0 -1
    outer loop
      vertex 0 3 0
      vertex 2.60842 0.0256653 0
      vertex 2.22354 0.102222 0
    endloop
  endfacet
  facet normal -0 0 -1
    outer loop
      vertex 127.1 50.8 0
      vertex 0 33.4 0
      vertex 3 50.8 0
    endloop
  endfacet
  facet normal 0 0 -1
    outer loop
      vertex 0 3 0
      vertex 2.22354 0.102222 0
      vertex 1.85195 0.228361 0
    endloop
  endfacet
  facet normal 0 0 -1
    outer loop
      vertex 0 47.8 0
      vertex 3 50.8 0
      vertex 0 33.4 0
    endloop
  endfacet
  facet normal 0 0 -1
    outer loop
      vertex 0 3 0
      vertex 1.85195 0.228361 0
      vertex 1.5 0.401923 0
    endloop
  endfacet
  facet normal 0 0 -1
    outer loop
      vertex 3 50.8 0
      vertex 0 47.8 0
      vertex 2.60842 50.7743 0
    endloop
  endfacet
  facet normal 0 0 -1
    outer loop
      vertex 0 3 0
      vertex 1.5 0.401923 0
      vertex 1.17372 0.61994 0
    endloop
  endfacet
  facet normal 0 0 -1
    outer loop
      vertex 2.60842 50.7743 0
      vertex 0 47.8 0
      vertex 2.22354 50.6978 0
    endloop
  endfacet
  facet normal 0 0 -1
    outer loop
      vertex 0 3 0
      vertex 1.17372 0.61994 0
      vertex 0.878679 0.878679 0
    endloop
  endfacet
  facet normal 0 0 -1
    outer loop
      vertex 2.22354 50.6978 0
      vertex 0 47.8 0
      vertex 1.85195 50.5716 0
    endloop
  endfacet
  facet normal 0 0 -1
    outer loop
      vertex 0 3 0
      vertex 0.878679 0.878679 0
      vertex 0.61994 1.17372 0
    endloop
  endfacet
  facet normal 0 0 -1
    outer loop
      vertex 1.85195 50.5716 0
      vertex 0 47.8 0
      vertex 1.5 50.3981 0
    endloop
  endfacet
  facet normal 0 0 -1
    outer loop
      vertex 0 3 0
      vertex 0.61994 1.17372 0
      vertex 0.401923 1.5 0
    endloop
  endfacet
  facet normal 0 0 -1
    outer loop
      vertex 1.5 50.3981 0
      vertex 0 47.8 0
      vertex 1.17372 50.1801 0
    endloop
  endfacet
  facet normal 0 0 -1
    outer loop
      vertex 0 3 0
      vertex 0.401923 1.5 0
      vertex 0.228361 1.85195 0
    endloop
  endfacet
  facet normal 0 0 -1
    outer loop
      vertex 1.17372 50.1801 0
      vertex 0 47.8 0
      vertex 0.878679 49.9213 0
    endloop
  endfacet
  facet normal 0 0 -1
    outer loop
      vertex 0 3 0
      vertex 0.228361 1.85195 0
      vertex 0.102222 2.22354 0
    endloop
  endfacet
  facet normal 0 0 -1
    outer loop
      vertex 0.878679 49.9213 0
      vertex 0 47.8 0
      vertex 0.61994 49.6263 0
    endloop
  endfacet
  facet normal 0 0 -1
    outer loop
      vertex 0 3 0
      vertex 0.102222 2.22354 0
      vertex 0.0256653 2.60842 0
    endloop
  endfacet
  facet normal 0 0 -1
    outer loop
      vertex 0.61994 49.6263 0
      vertex 0 47.8 0
      vertex 0.401923 49.3 0
    endloop
  endfacet
  facet normal 0 0 -1
    outer loop
      vertex 3 0 0
      vertex 0 3 0
      vertex 0 17.4 0
    endloop
  endfacet
  facet normal 0 0 -1
    outer loop
      vertex 0.401923 49.3 0
      vertex 0 47.8 0
      vertex 0.228361 48.9481 0
    endloop
  endfacet
  facet normal 0 0 -1
    outer loop
      vertex 0.228361 48.9481 0
      vertex 0 47.8 0
      vertex 0.102222 48.5765 0
    endloop
  endfacet
  facet normal 0 0 -1
    outer loop
      vertex 0.102222 48.5765 0
      vertex 0 47.8 0
      vertex 0.0256653 48.1916 0
    endloop
  endfacet
  facet normal 0 0 -1
    outer loop
      vertex -3.76925 25.6937 0
      vertex 0 33.4 0
      vertex -3.75 25.4 0
    endloop
  endfacet
  facet normal 0 0 -1
    outer loop
      vertex -3.82667 25.9823 0
      vertex 0 33.4 0
      vertex -3.76925 25.6937 0
    endloop
  endfacet
  facet normal 0 0 -1
    outer loop
      vertex -3.92127 26.261 0
      vertex 0 33.4 0
      vertex -3.82667 25.9823 0
    endloop
  endfacet
  facet normal 0 0 -1
    outer loop
      vertex -4.05144 26.525 0
      vertex 0 33.4 0
      vertex -3.92127 26.261 0
    endloop
  endfacet
  facet normal 0 0 -1
    outer loop
      vertex -4.21496 26.7697 0
      vertex 0 33.4 0
      vertex -4.05144 26.525 0
    endloop
  endfacet
  facet normal 0 0 -1
    outer loop
      vertex -4.40901 26.991 0
      vertex 0 33.4 0
      vertex -4.21496 26.7697 0
    endloop
  endfacet
  facet normal 0 0 -1
    outer loop
      vertex -4.63029 27.185 0
      vertex 0 33.4 0
      vertex -4.40901 26.991 0
    endloop
  endfacet
  facet normal 0 0 -1
    outer loop
      vertex -4.875 27.3486 0
      vertex 0 33.4 0
      vertex -4.63029 27.185 0
    endloop
  endfacet
  facet normal 0 0 -1
    outer loop
      vertex -5.13896 27.4787 0
      vertex 0 33.4 0
      vertex -4.875 27.3486 0
    endloop
  endfacet
  facet normal 0 0 -1
    outer loop
      vertex -5.41766 27.5733 0
      vertex 0 33.4 0
      vertex -5.13896 27.4787 0
    endloop
  endfacet
  facet normal 0 0 -1
    outer loop
      vertex -5.70632 27.6308 0
      vertex 0 33.4 0
      vertex -5.41766 27.5733 0
    endloop
  endfacet
  facet normal 0 0 -1
    outer loop
      vertex -6 27.65 0
      vertex 0 33.4 0
      vertex -5.70632 27.6308 0
    endloop
  endfacet
  facet normal 0 0 -1
    outer loop
      vertex -12 33.4 0
      vertex -6 27.65 0
      vertex -6.29368 27.6308 0
    endloop
  endfacet
  facet normal 0 0 -1
    outer loop
      vertex -12 33.4 0
      vertex -6.29368 27.6308 0
      vertex -6.58234 27.5733 0
    endloop
  endfacet
  facet normal 0 0 -1
    outer loop
      vertex -12 33.4 0
      vertex -6.58234 27.5733 0
      vertex -6.86104 27.4787 0
    endloop
  endfacet
  facet normal 0 0 -1
    outer loop
      vertex -12 33.4 0
      vertex -6.86104 27.4787 0
      vertex -7.125 27.3486 0
    endloop
  endfacet
  facet normal 0 0 -1
    outer loop
      vertex -12 33.4 0
      vertex -7.125 27.3486 0
      vertex -7.36971 27.185 0
    endloop
  endfacet
  facet normal 0 0 -1
    outer loop
      vertex -12 33.4 0
      vertex -8.25 25.4 0
      vertex -12 17.4 0
    endloop
  endfacet
  facet normal 0 0 -1
    outer loop
      vertex -8.25 25.4 0
      vertex -12 33.4 0
      vertex -8.23075 25.6937 0
    endloop
  endfacet
  facet normal 0 0 -1
    outer loop
      vertex -8.23075 25.6937 0
      vertex -12 33.4 0
      vertex -8.17333 25.9823 0
    endloop
  endfacet
  facet normal 0 0 -1
    outer loop
      vertex -6 27.65 0
      vertex -12 33.4 0
      vertex 0 33.4 0
    endloop
  endfacet
  facet normal 0 0 -1
    outer loop
      vertex -7.59099 26.991 0
      vertex -12 33.4 0
      vertex -7.36971 27.185 0
    endloop
  endfacet
  facet normal 0 0 -1
    outer loop
      vertex -7.78505 26.7697 0
      vertex -12 33.4 0
      vertex -7.59099 26.991 0
    endloop
  endfacet
  facet normal 0 0 -1
    outer loop
      vertex -7.94856 26.525 0
      vertex -12 33.4 0
      vertex -7.78505 26.7697 0
    endloop
  endfacet
  facet normal 0 0 -1
    outer loop
      vertex -8.07873 26.261 0
      vertex -12 33.4 0
      vertex -7.94856 26.525 0
    endloop
  endfacet
  facet normal 0 0 -1
    outer loop
      vertex -8.17333 25.9823 0
      vertex -12 33.4 0
      vertex -8.07873 26.261 0
    endloop
  endfacet
  facet normal 0 0 -1
    outer loop
      vertex 142.1 17.4 0
      vertex 138.35 25.4 0
      vertex 142.1 33.4 0
    endloop
  endfacet
  facet normal 0 0 -1
    outer loop
      vertex 142.1 17.4 0
      vertex 138.331 25.1063 0
      vertex 138.35 25.4 0
    endloop
  endfacet
  facet normal 0 0 -1
    outer loop
      vertex 142.1 17.4 0
      vertex 138.273 24.8177 0
      vertex 138.331 25.1063 0
    endloop
  endfacet
  facet normal 0 0 -1
    outer loop
      vertex 142.1 17.4 0
      vertex 138.179 24.539 0
      vertex 138.273 24.8177 0
    endloop
  endfacet
  facet normal 0 0 -1
    outer loop
      vertex 142.1 17.4 0
      vertex 138.049 24.275 0
      vertex 138.179 24.539 0
    endloop
  endfacet
  facet normal 0 0 -1
    outer loop
      vertex 142.1 17.4 0
      vertex 137.885 24.0303 0
      vertex 138.049 24.275 0
    endloop
  endfacet
  facet normal 0 0 -1
    outer loop
      vertex 142.1 17.4 0
      vertex 137.691 23.809 0
      vertex 137.885 24.0303 0
    endloop
  endfacet
  facet normal 0 0 -1
    outer loop
      vertex 142.1 17.4 0
      vertex 137.47 23.615 0
      vertex 137.691 23.809 0
    endloop
  endfacet
  facet normal 0 0 -1
    outer loop
      vertex 142.1 17.4 0
      vertex 137.225 23.4514 0
      vertex 137.47 23.615 0
    endloop
  endfacet
  facet normal 0 0 -1
    outer loop
      vertex 142.1 17.4 0
      vertex 136.961 23.3213 0
      vertex 137.225 23.4514 0
    endloop
  endfacet
  facet normal 0 0 -1
    outer loop
      vertex 142.1 17.4 0
      vertex 136.682 23.2267 0
      vertex 136.961 23.3213 0
    endloop
  endfacet
  facet normal 0 0 -1
    outer loop
      vertex 142.1 17.4 0
      vertex 136.394 23.1692 0
      vertex 136.682 23.2267 0
    endloop
  endfacet
  facet normal 0 0 -1
    outer loop
      vertex 142.1 17.4 0
      vertex 136.1 23.15 0
      vertex 136.394 23.1692 0
    endloop
  endfacet
  facet normal 0 0 -1
    outer loop
      vertex 130.1 17.4 0
      vertex 136.1 23.15 0
      vertex 142.1 17.4 0
    endloop
  endfacet
  facet normal -0 0 -1
    outer loop
      vertex 136.1 23.15 0
      vertex 130.1 17.4 0
      vertex 135.806 23.1692 0
    endloop
  endfacet
  facet normal -0 0 -1
    outer loop
      vertex 135.806 23.1692 0
      vertex 130.1 17.4 0
      vertex 135.518 23.2267 0
    endloop
  endfacet
  facet normal -0 0 -1
    outer loop
      vertex 135.518 23.2267 0
      vertex 130.1 17.4 0
      vertex 135.239 23.3213 0
    endloop
  endfacet
  facet normal -0 0 -1
    outer loop
      vertex 135.239 23.3213 0
      vertex 130.1 17.4 0
      vertex 134.975 23.4514 0
    endloop
  endfacet
  facet normal -0 0 -1
    outer loop
      vertex 133.869 25.1063 0
      vertex 130.1 17.4 0
      vertex 133.85 25.4 0
    endloop
  endfacet
  facet normal -0 0 -1
    outer loop
      vertex 133.927 24.8177 0
      vertex 130.1 17.4 0
      vertex 133.869 25.1063 0
    endloop
  endfacet
  facet normal -0 0 -1
    outer loop
      vertex 134.021 24.539 0
      vertex 130.1 17.4 0
      vertex 133.927 24.8177 0
    endloop
  endfacet
  facet normal -0 0 -1
    outer loop
      vertex 134.151 24.275 0
      vertex 130.1 17.4 0
      vertex 134.021 24.539 0
    endloop
  endfacet
  facet normal -0 0 -1
    outer loop
      vertex 134.315 24.0303 0
      vertex 130.1 17.4 0
      vertex 134.151 24.275 0
    endloop
  endfacet
  facet normal -0 0 -1
    outer loop
      vertex 134.509 23.809 0
      vertex 130.1 17.4 0
      vertex 134.315 24.0303 0
    endloop
  endfacet
  facet normal -0 0 -1
    outer loop
      vertex 134.73 23.615 0
      vertex 130.1 17.4 0
      vertex 134.509 23.809 0
    endloop
  endfacet
  facet normal -0 0 -1
    outer loop
      vertex 134.975 23.4514 0
      vertex 130.1 17.4 0
      vertex 134.73 23.615 0
    endloop
  endfacet
  facet normal 0 0 -1
    outer loop
      vertex 138.331 25.6937 0
      vertex 142.1 33.4 0
      vertex 138.35 25.4 0
    endloop
  endfacet
  facet normal 0 0 -1
    outer loop
      vertex 138.273 25.9823 0
      vertex 142.1 33.4 0
      vertex 138.331 25.6937 0
    endloop
  endfacet
  facet normal 0 0 -1
    outer loop
      vertex 138.179 26.261 0
      vertex 142.1 33.4 0
      vertex 138.273 25.9823 0
    endloop
  endfacet
  facet normal 0 0 -1
    outer loop
      vertex 138.049 26.525 0
      vertex 142.1 33.4 0
      vertex 138.179 26.261 0
    endloop
  endfacet
  facet normal 0 0 -1
    outer loop
      vertex 137.885 26.7697 0
      vertex 142.1 33.4 0
      vertex 138.049 26.525 0
    endloop
  endfacet
  facet normal 0 0 -1
    outer loop
      vertex 137.691 26.991 0
      vertex 142.1 33.4 0
      vertex 137.885 26.7697 0
    endloop
  endfacet
  facet normal 0 0 -1
    outer loop
      vertex 137.47 27.185 0
      vertex 142.1 33.4 0
      vertex 137.691 26.991 0
    endloop
  endfacet
  facet normal 0 0 -1
    outer loop
      vertex 137.225 27.3486 0
      vertex 142.1 33.4 0
      vertex 137.47 27.185 0
    endloop
  endfacet
  facet normal 0 0 -1
    outer loop
      vertex 136.961 27.4787 0
      vertex 142.1 33.4 0
      vertex 137.225 27.3486 0
    endloop
  endfacet
  facet normal 0 0 -1
    outer loop
      vertex 136.682 27.5733 0
      vertex 142.1 33.4 0
      vertex 136.961 27.4787 0
    endloop
  endfacet
  facet normal 0 0 -1
    outer loop
      vertex 136.394 27.6308 0
      vertex 142.1 33.4 0
      vertex 136.682 27.5733 0
    endloop
  endfacet
  facet normal 0 0 -1
    outer loop
      vertex 136.1 27.65 0
      vertex 142.1 33.4 0
      vertex 136.394 27.6308 0
    endloop
  endfacet
  facet normal 0 0 -1
    outer loop
      vertex 130.1 33.4 0
      vertex 136.1 27.65 0
      vertex 135.806 27.6308 0
    endloop
  endfacet
  facet normal 0 0 -1
    outer loop
      vertex 130.1 33.4 0
      vertex 135.806 27.6308 0
      vertex 135.518 27.5733 0
    endloop
  endfacet
  facet normal 0 0 -1
    outer loop
      vertex 130.1 33.4 0
      vertex 135.518 27.5733 0
      vertex 135.239 27.4787 0
    endloop
  endfacet
  facet normal 0 0 -1
    outer loop
      vertex 130.1 33.4 0
      vertex 135.239 27.4787 0
      vertex 134.975 27.3486 0
    endloop
  endfacet
  facet normal 0 0 -1
    outer loop
      vertex 130.1 33.4 0
      vertex 134.975 27.3486 0
      vertex 134.73 27.185 0
    endloop
  endfacet
  facet normal 0 0 -1
    outer loop
      vertex 130.1 33.4 0
      vertex 133.85 25.4 0
      vertex 130.1 17.4 0
    endloop
  endfacet
  facet normal 0 0 -1
    outer loop
      vertex 133.85 25.4 0
      vertex 130.1 33.4 0
      vertex 133.869 25.6937 0
    endloop
  endfacet
  facet normal 0 0 -1
    outer loop
      vertex 133.869 25.6937 0
      vertex 130.1 33.4 0
      vertex 133.927 25.9823 0
    endloop
  endfacet
  facet normal 0 0 -1
    outer loop
      vertex 136.1 27.65 0
      vertex 130.1 33.4 0
      vertex 142.1 33.4 0
    endloop
  endfacet
  facet normal 0 0 -1
    outer loop
      vertex 134.509 26.991 0
      vertex 130.1 33.4 0
      vertex 134.73 27.185 0
    endloop
  endfacet
  facet normal 0 0 -1
    outer loop
      vertex 134.315 26.7697 0
      vertex 130.1 33.4 0
      vertex 134.509 26.991 0
    endloop
  endfacet
  facet normal 0 0 -1
    outer loop
      vertex 134.151 26.525 0
      vertex 130.1 33.4 0
      vertex 134.315 26.7697 0
    endloop
  endfacet
  facet normal 0 0 -1
    outer loop
      vertex 134.021 26.261 0
      vertex 130.1 33.4 0
      vertex 134.151 26.525 0
    endloop
  endfacet
  facet normal 0 0 -1
    outer loop
      vertex 133.927 25.9823 0
      vertex 130.1 33.4 0
      vertex 134.021 26.261 0
    endloop
  endfacet
  facet normal -1 0 0
    outer loop
      vertex -12 17.4 0
      vertex -12 33.4 3
      vertex -12 33.4 0
    endloop
  endfacet
  facet normal -1 -0 0
    outer loop
      vertex -12 33.4 3
      vertex -12 17.4 0
      vertex -12 17.4 3
    endloop
  endfacet
  facet normal 0 1 -0
    outer loop
      vertex 0 33.4 0
      vertex -12 33.4 3
      vertex 0 33.4 3
    endloop
  endfacet
  facet normal 0 1 0
    outer loop
      vertex -12 33.4 3
      vertex 0 33.4 0
      vertex -12 33.4 0
    endloop
  endfacet
  facet normal 0 -1 0
    outer loop
      vertex -12 17.4 0
      vertex 0 17.4 3
      vertex -12 17.4 3
    endloop
  endfacet
  facet normal 0 -1 -0
    outer loop
      vertex 0 17.4 3
      vertex -12 17.4 0
      vertex 0 17.4 0
    endloop
  endfacet
  facet normal -0.980776 -0.195136 0
    outer loop
      vertex -3.76925 25.6937 0
      vertex -3.82667 25.9823 3
      vertex -3.82667 25.9823 0
    endloop
  endfacet
  facet normal -0.980776 -0.195136 0
    outer loop
      vertex -3.82667 25.9823 3
      vertex -3.76925 25.6937 0
      vertex -3.76925 25.6937 3
    endloop
  endfacet
  facet normal -0.997859 -0.0654027 0
    outer loop
      vertex -3.75 25.4 0
      vertex -3.76925 25.6937 3
      vertex -3.76925 25.6937 0
    endloop
  endfacet
  facet normal -0.997859 -0.0654027 0
    outer loop
      vertex -3.76925 25.6937 3
      vertex -3.75 25.4 0
      vertex -3.75 25.4 3
    endloop
  endfacet
  facet normal -0.946936 -0.321421 0
    outer loop
      vertex -3.82667 25.9823 0
      vertex -3.92127 26.261 3
      vertex -3.92127 26.261 0
    endloop
  endfacet
  facet normal -0.946936 -0.321421 0
    outer loop
      vertex -3.92127 26.261 3
      vertex -3.82667 25.9823 0
      vertex -3.82667 25.9823 3
    endloop
  endfacet
  facet normal 0.555782 -0.831328 0
    outer loop
      vertex -7.36971 27.185 0
      vertex -7.125 27.3486 3
      vertex -7.36971 27.185 3
    endloop
  endfacet
  facet normal 0.555782 -0.831328 0
    outer loop
      vertex -7.125 27.3486 3
      vertex -7.36971 27.185 0
      vertex -7.125 27.3486 0
    endloop
  endfacet
  facet normal 0.321421 -0.946936 0
    outer loop
      vertex -6.86104 27.4787 0
      vertex -6.58234 27.5733 3
      vertex -6.86104 27.4787 3
    endloop
  endfacet
  facet normal 0.321421 -0.946936 0
    outer loop
      vertex -6.58234 27.5733 3
      vertex -6.86104 27.4787 0
      vertex -6.58234 27.5733 0
    endloop
  endfacet
  facet normal -0.659236 0.751936 0
    outer loop
      vertex -4.40901 23.809 0
      vertex -4.63029 23.615 3
      vertex -4.40901 23.809 3
    endloop
  endfacet
  facet normal -0.659236 0.751936 0
    outer loop
      vertex -4.63029 23.615 3
      vertex -4.40901 23.809 0
      vertex -4.63029 23.615 0
    endloop
  endfacet
  facet normal 0.321421 0.946936 -0
    outer loop
      vertex -6.58234 23.2267 0
      vertex -6.86104 23.3213 3
      vertex -6.58234 23.2267 3
    endloop
  endfacet
  facet normal 0.321421 0.946936 0
    outer loop
      vertex -6.86104 23.3213 3
      vertex -6.58234 23.2267 0
      vertex -6.86104 23.3213 0
    endloop
  endfacet
  facet normal -0.8969 -0.442233 0
    outer loop
      vertex -3.92127 26.261 0
      vertex -4.05144 26.525 3
      vertex -4.05144 26.525 0
    endloop
  endfacet
  facet normal -0.8969 -0.442233 0
    outer loop
      vertex -4.05144 26.525 3
      vertex -3.92127 26.261 0
      vertex -3.92127 26.261 3
    endloop
  endfacet
  facet normal -0.442096 -0.896968 0
    outer loop
      vertex -5.13896 27.4787 0
      vertex -4.875 27.3486 3
      vertex -5.13896 27.4787 3
    endloop
  endfacet
  facet normal -0.442096 -0.896968 -0
    outer loop
      vertex -4.875 27.3486 3
      vertex -5.13896 27.4787 0
      vertex -4.875 27.3486 0
    endloop
  endfacet
  facet normal 0.980776 0.195136 0
    outer loop
      vertex -8.17333 24.8177 3
      vertex -8.23075 25.1063 0
      vertex -8.23075 25.1063 3
    endloop
  endfacet
  facet normal 0.980776 0.195136 0
    outer loop
      vertex -8.23075 25.1063 0
      vertex -8.17333 24.8177 3
      vertex -8.17333 24.8177 0
    endloop
  endfacet
  facet normal 0.751865 -0.659317 0
    outer loop
      vertex -7.78505 26.7697 3
      vertex -7.59099 26.991 0
      vertex -7.59099 26.991 3
    endloop
  endfacet
  facet normal 0.751865 -0.659317 0
    outer loop
      vertex -7.59099 26.991 0
      vertex -7.78505 26.7697 3
      vertex -7.78505 26.7697 0
    endloop
  endfacet
  facet normal 0.442096 0.896968 -0
    outer loop
      vertex -6.86104 23.3213 0
      vertex -7.125 23.4514 3
      vertex -6.86104 23.3213 3
    endloop
  endfacet
  facet normal 0.442096 0.896968 0
    outer loop
      vertex -7.125 23.4514 3
      vertex -6.86104 23.3213 0
      vertex -7.125 23.4514 0
    endloop
  endfacet
  facet normal 0.751865 0.659317 0
    outer loop
      vertex -7.59099 23.809 3
      vertex -7.78505 24.0303 0
      vertex -7.78505 24.0303 3
    endloop
  endfacet
  facet normal 0.751865 0.659317 0
    outer loop
      vertex -7.78505 24.0303 0
      vertex -7.59099 23.809 3
      vertex -7.59099 23.809 0
    endloop
  endfacet
  facet normal -0.321421 0.946936 0
    outer loop
      vertex -5.13896 23.3213 0
      vertex -5.41766 23.2267 3
      vertex -5.13896 23.3213 3
    endloop
  endfacet
  facet normal -0.321421 0.946936 0
    outer loop
      vertex -5.41766 23.2267 3
      vertex -5.13896 23.3213 0
      vertex -5.41766 23.2267 0
    endloop
  endfacet
  facet normal -0.980776 0.195136 0
    outer loop
      vertex -3.82667 24.8177 0
      vertex -3.76925 25.1063 3
      vertex -3.76925 25.1063 0
    endloop
  endfacet
  facet normal -0.980776 0.195136 0
    outer loop
      vertex -3.76925 25.1063 3
      vertex -3.82667 24.8177 0
      vertex -3.82667 24.8177 3
    endloop
  endfacet
  facet normal 0.065238 -0.99787 0
    outer loop
      vertex -6.29368 27.6308 0
      vertex -6 27.65 3
      vertex -6.29368 27.6308 3
    endloop
  endfacet
  facet normal 0.065238 -0.99787 0
    outer loop
      vertex -6 27.65 3
      vertex -6.29368 27.6308 0
      vertex -6 27.65 0
    endloop
  endfacet
  facet normal 0.946936 0.321421 0
    outer loop
      vertex -8.07873 24.539 3
      vertex -8.17333 24.8177 0
      vertex -8.17333 24.8177 3
    endloop
  endfacet
  facet normal 0.946936 0.321421 0
    outer loop
      vertex -8.17333 24.8177 0
      vertex -8.07873 24.539 3
      vertex -8.07873 24.539 0
    endloop
  endfacet
  facet normal 0.659236 0.751936 -0
    outer loop
      vertex -7.36971 23.615 0
      vertex -7.59099 23.809 3
      vertex -7.36971 23.615 3
    endloop
  endfacet
  facet normal 0.659236 0.751936 0
    outer loop
      vertex -7.59099 23.809 3
      vertex -7.36971 23.615 0
      vertex -7.59099 23.809 0
    endloop
  endfacet
  facet normal -0.555782 -0.831328 0
    outer loop
      vertex -4.875 27.3486 0
      vertex -4.63029 27.185 3
      vertex -4.875 27.3486 3
    endloop
  endfacet
  facet normal -0.555782 -0.831328 -0
    outer loop
      vertex -4.63029 27.185 3
      vertex -4.875 27.3486 0
      vertex -4.63029 27.185 0
    endloop
  endfacet
  facet normal -0.946936 0.321421 0
    outer loop
      vertex -3.92127 24.539 0
      vertex -3.82667 24.8177 3
      vertex -3.82667 24.8177 0
    endloop
  endfacet
  facet normal -0.946936 0.321421 0
    outer loop
      vertex -3.82667 24.8177 3
      vertex -3.92127 24.539 0
      vertex -3.92127 24.539 3
    endloop
  endfacet
  facet normal -0.442096 0.896968 0
    outer loop
      vertex -4.875 23.4514 0
      vertex -5.13896 23.3213 3
      vertex -4.875 23.4514 3
    endloop
  endfacet
  facet normal -0.442096 0.896968 0
    outer loop
      vertex -5.13896 23.3213 3
      vertex -4.875 23.4514 0
      vertex -5.13896 23.3213 0
    endloop
  endfacet
  facet normal 0.980776 -0.195136 0
    outer loop
      vertex -8.23075 25.6937 3
      vertex -8.17333 25.9823 0
      vertex -8.17333 25.9823 3
    endloop
  endfacet
  facet normal 0.980776 -0.195136 0
    outer loop
      vertex -8.17333 25.9823 0
      vertex -8.23075 25.6937 3
      vertex -8.23075 25.6937 0
    endloop
  endfacet
  facet normal -0.195358 0.980732 0
    outer loop
      vertex -5.41766 23.2267 0
      vertex -5.70632 23.1692 3
      vertex -5.41766 23.2267 3
    endloop
  endfacet
  facet normal -0.195358 0.980732 0
    outer loop
      vertex -5.70632 23.1692 3
      vertex -5.41766 23.2267 0
      vertex -5.70632 23.1692 0
    endloop
  endfacet
  facet normal 0.831459 0.555586 0
    outer loop
      vertex -7.78505 24.0303 3
      vertex -7.94856 24.275 0
      vertex -7.94856 24.275 3
    endloop
  endfacet
  facet normal 0.831459 0.555586 0
    outer loop
      vertex -7.94856 24.275 0
      vertex -7.78505 24.0303 3
      vertex -7.78505 24.0303 0
    endloop
  endfacet
  facet normal 0.946936 -0.321421 0
    outer loop
      vertex -8.17333 25.9823 3
      vertex -8.07873 26.261 0
      vertex -8.07873 26.261 3
    endloop
  endfacet
  facet normal 0.946936 -0.321421 0
    outer loop
      vertex -8.07873 26.261 0
      vertex -8.17333 25.9823 3
      vertex -8.17333 25.9823 0
    endloop
  endfacet
  facet normal -0.831443 -0.555609 0
    outer loop
      vertex -4.05144 26.525 0
      vertex -4.21496 26.7697 3
      vertex -4.21496 26.7697 0
    endloop
  endfacet
  facet normal -0.831443 -0.555609 0
    outer loop
      vertex -4.21496 26.7697 3
      vertex -4.05144 26.525 0
      vertex -4.05144 26.525 3
    endloop
  endfacet
  facet normal -0.321421 -0.946936 0
    outer loop
      vertex -5.41766 27.5733 0
      vertex -5.13896 27.4787 3
      vertex -5.41766 27.5733 3
    endloop
  endfacet
  facet normal -0.321421 -0.946936 -0
    outer loop
      vertex -5.13896 27.4787 3
      vertex -5.41766 27.5733 0
      vertex -5.13896 27.4787 0
    endloop
  endfacet
  facet normal 0.195358 -0.980732 0
    outer loop
      vertex -6.58234 27.5733 0
      vertex -6.29368 27.6308 3
      vertex -6.58234 27.5733 3
    endloop
  endfacet
  facet normal 0.195358 -0.980732 0
    outer loop
      vertex -6.29368 27.6308 3
      vertex -6.58234 27.5733 0
      vertex -6.29368 27.6308 0
    endloop
  endfacet
  facet normal -0.751882 -0.659298 0
    outer loop
      vertex -4.21496 26.7697 0
      vertex -4.40901 26.991 3
      vertex -4.40901 26.991 0
    endloop
  endfacet
  facet normal -0.751882 -0.659298 0
    outer loop
      vertex -4.40901 26.991 3
      vertex -4.21496 26.7697 0
      vertex -4.21496 26.7697 3
    endloop
  endfacet
  facet normal -0.997859 0.0654027 0
    outer loop
      vertex -3.76925 25.1063 0
      vertex -3.75 25.4 3
      vertex -3.75 25.4 0
    endloop
  endfacet
  facet normal -0.997859 0.0654027 0
    outer loop
      vertex -3.75 25.4 3
      vertex -3.76925 25.1063 0
      vertex -3.76925 25.1063 3
    endloop
  endfacet
  facet normal -0.659236 -0.751936 0
    outer loop
      vertex -4.63029 27.185 0
      vertex -4.40901 26.991 3
      vertex -4.63029 27.185 3
    endloop
  endfacet
  facet normal -0.659236 -0.751936 -0
    outer loop
      vertex -4.40901 26.991 3
      vertex -4.63029 27.185 0
      vertex -4.40901 26.991 0
    endloop
  endfacet
  facet normal -0.8969 0.442233 0
    outer loop
      vertex -4.05144 24.275 0
      vertex -3.92127 24.539 3
      vertex -3.92127 24.539 0
    endloop
  endfacet
  facet normal -0.8969 0.442233 0
    outer loop
      vertex -3.92127 24.539 3
      vertex -4.05144 24.275 0
      vertex -4.05144 24.275 3
    endloop
  endfacet
  facet normal -0.555782 0.831328 0
    outer loop
      vertex -4.63029 23.615 0
      vertex -4.875 23.4514 3
      vertex -4.63029 23.615 3
    endloop
  endfacet
  facet normal -0.555782 0.831328 0
    outer loop
      vertex -4.875 23.4514 3
      vertex -4.63029 23.615 0
      vertex -4.875 23.4514 0
    endloop
  endfacet
  facet normal 0.555782 0.831328 -0
    outer loop
      vertex -7.125 23.4514 0
      vertex -7.36971 23.615 3
      vertex -7.125 23.4514 3
    endloop
  endfacet
  facet normal 0.555782 0.831328 0
    outer loop
      vertex -7.36971 23.615 3
      vertex -7.125 23.4514 0
      vertex -7.36971 23.615 0
    endloop
  endfacet
  facet normal 0.442096 -0.896968 0
    outer loop
      vertex -7.125 27.3486 0
      vertex -6.86104 27.4787 3
      vertex -7.125 27.3486 3
    endloop
  endfacet
  facet normal 0.442096 -0.896968 0
    outer loop
      vertex -6.86104 27.4787 3
      vertex -7.125 27.3486 0
      vertex -6.86104 27.4787 0
    endloop
  endfacet
  facet normal 0.831459 -0.555586 0
    outer loop
      vertex -7.94856 26.525 3
      vertex -7.78505 26.7697 0
      vertex -7.78505 26.7697 3
    endloop
  endfacet
  facet normal 0.831459 -0.555586 0
    outer loop
      vertex -7.78505 26.7697 0
      vertex -7.94856 26.525 3
      vertex -7.94856 26.525 0
    endloop
  endfacet
  facet normal 0.8969 -0.442233 0
    outer loop
      vertex -8.07873 26.261 3
      vertex -7.94856 26.525 0
      vertex -7.94856 26.525 3
    endloop
  endfacet
  facet normal 0.8969 -0.442233 0
    outer loop
      vertex -7.94856 26.525 0
      vertex -8.07873 26.261 3
      vertex -8.07873 26.261 0
    endloop
  endfacet
  facet normal 0.8969 0.442233 0
    outer loop
      vertex -7.94856 24.275 3
      vertex -8.07873 24.539 0
      vertex -8.07873 24.539 3
    endloop
  endfacet
  facet normal 0.8969 0.442233 0
    outer loop
      vertex -8.07873 24.539 0
      vertex -7.94856 24.275 3
      vertex -7.94856 24.275 0
    endloop
  endfacet
  facet normal -0.751882 0.659298 0
    outer loop
      vertex -4.40901 23.809 0
      vertex -4.21496 24.0303 3
      vertex -4.21496 24.0303 0
    endloop
  endfacet
  facet normal -0.751882 0.659298 0
    outer loop
      vertex -4.21496 24.0303 3
      vertex -4.40901 23.809 0
      vertex -4.40901 23.809 3
    endloop
  endfacet
  facet normal -0.065238 0.99787 0
    outer loop
      vertex -5.70632 23.1692 0
      vertex -6 23.15 3
      vertex -5.70632 23.1692 3
    endloop
  endfacet
  facet normal -0.065238 0.99787 0
    outer loop
      vertex -6 23.15 3
      vertex -5.70632 23.1692 0
      vertex -6 23.15 0
    endloop
  endfacet
  facet normal 0.195358 0.980732 -0
    outer loop
      vertex -6.29368 23.1692 0
      vertex -6.58234 23.2267 3
      vertex -6.29368 23.1692 3
    endloop
  endfacet
  facet normal 0.195358 0.980732 0
    outer loop
      vertex -6.58234 23.2267 3
      vertex -6.29368 23.1692 0
      vertex -6.58234 23.2267 0
    endloop
  endfacet
  facet normal -0.831443 0.555609 0
    outer loop
      vertex -4.21496 24.0303 0
      vertex -4.05144 24.275 3
      vertex -4.05144 24.275 0
    endloop
  endfacet
  facet normal -0.831443 0.555609 0
    outer loop
      vertex -4.05144 24.275 3
      vertex -4.21496 24.0303 0
      vertex -4.21496 24.0303 3
    endloop
  endfacet
  facet normal -0.065238 -0.99787 0
    outer loop
      vertex -6 27.65 0
      vertex -5.70632 27.6308 3
      vertex -6 27.65 3
    endloop
  endfacet
  facet normal -0.065238 -0.99787 -0
    outer loop
      vertex -5.70632 27.6308 3
      vertex -6 27.65 0
      vertex -5.70632 27.6308 0
    endloop
  endfacet
  facet normal -0.195358 -0.980732 0
    outer loop
      vertex -5.70632 27.6308 0
      vertex -5.41766 27.5733 3
      vertex -5.70632 27.6308 3
    endloop
  endfacet
  facet normal -0.195358 -0.980732 -0
    outer loop
      vertex -5.41766 27.5733 3
      vertex -5.70632 27.6308 0
      vertex -5.41766 27.5733 0
    endloop
  endfacet
  facet normal 0.997859 0.0654027 0
    outer loop
      vertex -8.23075 25.1063 3
      vertex -8.25 25.4 0
      vertex -8.25 25.4 3
    endloop
  endfacet
  facet normal 0.997859 0.0654027 0
    outer loop
      vertex -8.25 25.4 0
      vertex -8.23075 25.1063 3
      vertex -8.23075 25.1063 0
    endloop
  endfacet
  facet normal 0.997859 -0.0654027 0
    outer loop
      vertex -8.25 25.4 3
      vertex -8.23075 25.6937 0
      vertex -8.23075 25.6937 3
    endloop
  endfacet
  facet normal 0.997859 -0.0654027 0
    outer loop
      vertex -8.23075 25.6937 0
      vertex -8.25 25.4 3
      vertex -8.25 25.4 0
    endloop
  endfacet
  facet normal 0.659236 -0.751936 0
    outer loop
      vertex -7.59099 26.991 0
      vertex -7.36971 27.185 3
      vertex -7.59099 26.991 3
    endloop
  endfacet
  facet normal 0.659236 -0.751936 0
    outer loop
      vertex -7.36971 27.185 3
      vertex -7.59099 26.991 0
      vertex -7.36971 27.185 0
    endloop
  endfacet
  facet normal 0.065238 0.99787 -0
    outer loop
      vertex -6 23.15 0
      vertex -6.29368 23.1692 3
      vertex -6 23.15 3
    endloop
  endfacet
  facet normal 0.065238 0.99787 0
    outer loop
      vertex -6.29368 23.1692 3
      vertex -6 23.15 0
      vertex -6.29368 23.1692 0
    endloop
  endfacet
  facet normal 1 -0 0
    outer loop
      vertex 142.1 17.4 3
      vertex 142.1 33.4 0
      vertex 142.1 33.4 3
    endloop
  endfacet
  facet normal 1 0 0
    outer loop
      vertex 142.1 33.4 0
      vertex 142.1 17.4 3
      vertex 142.1 17.4 0
    endloop
  endfacet
  facet normal 0 0 1
    outer loop
      vertex 142.1 33.4 3
      vertex 138.35 25.4 3
      vertex 142.1 17.4 3
    endloop
  endfacet
  facet normal 0 0 1
    outer loop
      vertex 142.1 33.4 3
      vertex 138.331 25.6937 3
      vertex 138.35 25.4 3
    endloop
  endfacet
  facet normal 0 0 1
    outer loop
      vertex 142.1 33.4 3
      vertex 138.273 25.9823 3
      vertex 138.331 25.6937 3
    endloop
  endfacet
  facet normal 0 0 1
    outer loop
      vertex 142.1 33.4 3
      vertex 138.179 26.261 3
      vertex 138.273 25.9823 3
    endloop
  endfacet
  facet normal 0 0 1
    outer loop
      vertex 142.1 33.4 3
      vertex 138.049 26.525 3
      vertex 138.179 26.261 3
    endloop
  endfacet
  facet normal 0 0 1
    outer loop
      vertex 142.1 33.4 3
      vertex 137.885 26.7697 3
      vertex 138.049 26.525 3
    endloop
  endfacet
  facet normal 0 0 1
    outer loop
      vertex 142.1 33.4 3
      vertex 137.691 26.991 3
      vertex 137.885 26.7697 3
    endloop
  endfacet
  facet normal 0 0 1
    outer loop
      vertex 142.1 33.4 3
      vertex 137.47 27.185 3
      vertex 137.691 26.991 3
    endloop
  endfacet
  facet normal 0 0 1
    outer loop
      vertex 142.1 33.4 3
      vertex 137.225 27.3486 3
      vertex 137.47 27.185 3
    endloop
  endfacet
  facet normal 0 0 1
    outer loop
      vertex 142.1 33.4 3
      vertex 136.961 27.4787 3
      vertex 137.225 27.3486 3
    endloop
  endfacet
  facet normal 0 0 1
    outer loop
      vertex 142.1 33.4 3
      vertex 136.682 27.5733 3
      vertex 136.961 27.4787 3
    endloop
  endfacet
  facet normal 0 0 1
    outer loop
      vertex 142.1 33.4 3
      vertex 136.394 27.6308 3
      vertex 136.682 27.5733 3
    endloop
  endfacet
  facet normal 0 0 1
    outer loop
      vertex 142.1 33.4 3
      vertex 136.1 27.65 3
      vertex 136.394 27.6308 3
    endloop
  endfacet
  facet normal -0 0 1
    outer loop
      vertex 130.1 33.4 3
      vertex 136.1 27.65 3
      vertex 142.1 33.4 3
    endloop
  endfacet
  facet normal 0 0 1
    outer loop
      vertex 136.1 27.65 3
      vertex 130.1 33.4 3
      vertex 135.806 27.6308 3
    endloop
  endfacet
  facet normal 0 0 1
    outer loop
      vertex 135.806 27.6308 3
      vertex 130.1 33.4 3
      vertex 135.518 27.5733 3
    endloop
  endfacet
  facet normal 0 0 1
    outer loop
      vertex 135.518 27.5733 3
      vertex 130.1 33.4 3
      vertex 135.239 27.4787 3
    endloop
  endfacet
  facet normal 0 0 1
    outer loop
      vertex 135.239 27.4787 3
      vertex 130.1 33.4 3
      vertex 134.975 27.3486 3
    endloop
  endfacet
  facet normal 0 0 1
    outer loop
      vertex 133.869 25.6937 3
      vertex 130.1 33.4 3
      vertex 133.85 25.4 3
    endloop
  endfacet
  facet normal 0 0 1
    outer loop
      vertex 133.927 25.9823 3
      vertex 130.1 33.4 3
      vertex 133.869 25.6937 3
    endloop
  endfacet
  facet normal 0 0 1
    outer loop
      vertex 134.021 26.261 3
      vertex 130.1 33.4 3
      vertex 133.927 25.9823 3
    endloop
  endfacet
  facet normal 0 0 1
    outer loop
      vertex 134.151 26.525 3
      vertex 130.1 33.4 3
      vertex 134.021 26.261 3
    endloop
  endfacet
  facet normal 0 0 1
    outer loop
      vertex 134.315 26.7697 3
      vertex 130.1 33.4 3
      vertex 134.151 26.525 3
    endloop
  endfacet
  facet normal 0 0 1
    outer loop
      vertex 134.509 26.991 3
      vertex 130.1 33.4 3
      vertex 134.315 26.7697 3
    endloop
  endfacet
  facet normal 0 0 1
    outer loop
      vertex 134.73 27.185 3
      vertex 130.1 33.4 3
      vertex 134.509 26.991 3
    endloop
  endfacet
  facet normal 0 0 1
    outer loop
      vertex 134.975 27.3486 3
      vertex 130.1 33.4 3
      vertex 134.73 27.185 3
    endloop
  endfacet
  facet normal -0 0 1
    outer loop
      vertex 138.331 25.1063 3
      vertex 142.1 17.4 3
      vertex 138.35 25.4 3
    endloop
  endfacet
  facet normal -0 0 1
    outer loop
      vertex 138.273 24.8177 3
      vertex 142.1 17.4 3
      vertex 138.331 25.1063 3
    endloop
  endfacet
  facet normal -0 0 1
    outer loop
      vertex 138.179 24.539 3
      vertex 142.1 17.4 3
      vertex 138.273 24.8177 3
    endloop
  endfacet
  facet normal -0 0 1
    outer loop
      vertex 138.049 24.275 3
      vertex 142.1 17.4 3
      vertex 138.179 24.539 3
    endloop
  endfacet
  facet normal -0 0 1
    outer loop
      vertex 137.885 24.0303 3
      vertex 142.1 17.4 3
      vertex 138.049 24.275 3
    endloop
  endfacet
  facet normal -0 0 1
    outer loop
      vertex 137.691 23.809 3
      vertex 142.1 17.4 3
      vertex 137.885 24.0303 3
    endloop
  endfacet
  facet normal -0 0 1
    outer loop
      vertex 137.47 23.615 3
      vertex 142.1 17.4 3
      vertex 137.691 23.809 3
    endloop
  endfacet
  facet normal -0 0 1
    outer loop
      vertex 137.225 23.4514 3
      vertex 142.1 17.4 3
      vertex 137.47 23.615 3
    endloop
  endfacet
  facet normal -0 0 1
    outer loop
      vertex 136.961 23.3213 3
      vertex 142.1 17.4 3
      vertex 137.225 23.4514 3
    endloop
  endfacet
  facet normal -0 0 1
    outer loop
      vertex 136.682 23.2267 3
      vertex 142.1 17.4 3
      vertex 136.961 23.3213 3
    endloop
  endfacet
  facet normal -0 0 1
    outer loop
      vertex 136.394 23.1692 3
      vertex 142.1 17.4 3
      vertex 136.682 23.2267 3
    endloop
  endfacet
  facet normal -0 0 1
    outer loop
      vertex 136.1 23.15 3
      vertex 142.1 17.4 3
      vertex 136.394 23.1692 3
    endloop
  endfacet
  facet normal 0 0 1
    outer loop
      vertex 130.1 17.4 3
      vertex 136.1 23.15 3
      vertex 135.806 23.1692 3
    endloop
  endfacet
  facet normal 0 0 1
    outer loop
      vertex 130.1 17.4 3
      vertex 135.806 23.1692 3
      vertex 135.518 23.2267 3
    endloop
  endfacet
  facet normal 0 0 1
    outer loop
      vertex 130.1 17.4 3
      vertex 135.518 23.2267 3
      vertex 135.239 23.3213 3
    endloop
  endfacet
  facet normal 0 0 1
    outer loop
      vertex 130.1 17.4 3
      vertex 135.239 23.3213 3
      vertex 134.975 23.4514 3
    endloop
  endfacet
  facet normal 0 0 1
    outer loop
      vertex 130.1 17.4 3
      vertex 134.975 23.4514 3
      vertex 134.73 23.615 3
    endloop
  endfacet
  facet normal 0 0 1
    outer loop
      vertex 130.1 17.4 3
      vertex 133.85 25.4 3
      vertex 130.1 33.4 3
    endloop
  endfacet
  facet normal 0 0 1
    outer loop
      vertex 133.85 25.4 3
      vertex 130.1 17.4 3
      vertex 133.869 25.1063 3
    endloop
  endfacet
  facet normal 0 0 1
    outer loop
      vertex 133.869 25.1063 3
      vertex 130.1 17.4 3
      vertex 133.927 24.8177 3
    endloop
  endfacet
  facet normal 0 0 1
    outer loop
      vertex 136.1 23.15 3
      vertex 130.1 17.4 3
      vertex 142.1 17.4 3
    endloop
  endfacet
  facet normal 0 0 1
    outer loop
      vertex 134.509 23.809 3
      vertex 130.1 17.4 3
      vertex 134.73 23.615 3
    endloop
  endfacet
  facet normal 0 0 1
    outer loop
      vertex 134.315 24.0303 3
      vertex 130.1 17.4 3
      vertex 134.509 23.809 3
    endloop
  endfacet
  facet normal 0 0 1
    outer loop
      vertex 134.151 24.275 3
      vertex 130.1 17.4 3
      vertex 134.315 24.0303 3
    endloop
  endfacet
  facet normal 0 0 1
    outer loop
      vertex 134.021 24.539 3
      vertex 130.1 17.4 3
      vertex 134.151 24.275 3
    endloop
  endfacet
  facet normal 0 0 1
    outer loop
      vertex 133.927 24.8177 3
      vertex 130.1 17.4 3
      vertex 134.021 24.539 3
    endloop
  endfacet
  facet normal 0 1 -0
    outer loop
      vertex 142.1 33.4 0
      vertex 130.1 33.4 3
      vertex 142.1 33.4 3
    endloop
  endfacet
  facet normal 0 1 0
    outer loop
      vertex 130.1 33.4 3
      vertex 142.1 33.4 0
      vertex 130.1 33.4 0
    endloop
  endfacet
  facet normal 0 -1 0
    outer loop
      vertex 130.1 17.4 0
      vertex 142.1 17.4 3
      vertex 130.1 17.4 3
    endloop
  endfacet
  facet normal 0 -1 -0
    outer loop
      vertex 142.1 17.4 3
      vertex 130.1 17.4 0
      vertex 142.1 17.4 0
    endloop
  endfacet
  facet normal -0.980397 -0.197031 0
    outer loop
      vertex 138.331 25.6937 0
      vertex 138.273 25.9823 3
      vertex 138.273 25.9823 0
    endloop
  endfacet
  facet normal -0.980397 -0.197031 0
    outer loop
      vertex 138.273 25.9823 3
      vertex 138.331 25.6937 0
      vertex 138.331 25.6937 3
    endloop
  endfacet
  facet normal -0.997914 -0.0645569 0
    outer loop
      vertex 138.35 25.4 0
      vertex 138.331 25.6937 3
      vertex 138.331 25.6937 0
    endloop
  endfacet
  facet normal -0.997914 -0.0645569 0
    outer loop
      vertex 138.331 25.6937 3
      vertex 138.35 25.4 0
      vertex 138.35 25.4 3
    endloop
  endfacet
  facet normal -0.947555 -0.319592 0
    outer loop
      vertex 138.273 25.9823 0
      vertex 138.179 26.261 3
      vertex 138.179 26.261 0
    endloop
  endfacet
  facet normal -0.947555 -0.319592 0
    outer loop
      vertex 138.179 26.261 3
      vertex 138.273 25.9823 0
      vertex 138.273 25.9823 3
    endloop
  endfacet
  facet normal 0.555327 -0.831632 0
    outer loop
      vertex 134.73 27.185 0
      vertex 134.975 27.3486 3
      vertex 134.73 27.185 3
    endloop
  endfacet
  facet normal 0.555327 -0.831632 0
    outer loop
      vertex 134.975 27.3486 3
      vertex 134.73 27.185 0
      vertex 134.975 27.3486 0
    endloop
  endfacet
  facet normal 0.321112 -0.947041 0
    outer loop
      vertex 135.239 27.4787 0
      vertex 135.518 27.5733 3
      vertex 135.239 27.4787 3
    endloop
  endfacet
  facet normal 0.321112 -0.947041 0
    outer loop
      vertex 135.518 27.5733 3
      vertex 135.239 27.4787 0
      vertex 135.518 27.5733 0
    endloop
  endfacet
  facet normal -0.659708 0.751522 0
    outer loop
      vertex 137.691 23.809 0
      vertex 137.47 23.615 3
      vertex 137.691 23.809 3
    endloop
  endfacet
  facet normal -0.659708 0.751522 0
    outer loop
      vertex 137.47 23.615 3
      vertex 137.691 23.809 0
      vertex 137.47 23.615 0
    endloop
  endfacet
  facet normal 0.321112 0.947041 -0
    outer loop
      vertex 135.518 23.2267 0
      vertex 135.239 23.3213 3
      vertex 135.518 23.2267 3
    endloop
  endfacet
  facet normal 0.321112 0.947041 0
    outer loop
      vertex 135.239 23.3213 3
      vertex 135.518 23.2267 0
      vertex 135.239 23.3213 0
    endloop
  endfacet
  facet normal -0.897129 -0.441768 0
    outer loop
      vertex 138.179 26.261 0
      vertex 138.049 26.525 3
      vertex 138.049 26.525 0
    endloop
  endfacet
  facet normal -0.897129 -0.441768 0
    outer loop
      vertex 138.049 26.525 3
      vertex 138.179 26.261 0
      vertex 138.179 26.261 3
    endloop
  endfacet
  facet normal -0.442042 -0.896995 0
    outer loop
      vertex 136.961 27.4787 0
      vertex 137.225 27.3486 3
      vertex 136.961 27.4787 3
    endloop
  endfacet
  facet normal -0.442042 -0.896995 -0
    outer loop
      vertex 137.225 27.3486 3
      vertex 136.961 27.4787 0
      vertex 137.225 27.3486 0
    endloop
  endfacet
  facet normal 0.980397 0.197031 0
    outer loop
      vertex 133.927 24.8177 3
      vertex 133.869 25.1063 0
      vertex 133.869 25.1063 3
    endloop
  endfacet
  facet normal 0.980397 0.197031 0
    outer loop
      vertex 133.869 25.1063 0
      vertex 133.927 24.8177 3
      vertex 133.927 24.8177 0
    endloop
  endfacet
  facet normal 0.751966 -0.659202 0
    outer loop
      vertex 134.315 26.7697 3
      vertex 134.509 26.991 0
      vertex 134.509 26.991 3
    endloop
  endfacet
  facet normal 0.751966 -0.659202 0
    outer loop
      vertex 134.509 26.991 0
      vertex 134.315 26.7697 3
      vertex 134.315 26.7697 0
    endloop
  endfacet
  facet normal 0.442042 0.896995 -0
    outer loop
      vertex 135.239 23.3213 0
      vertex 134.975 23.4514 3
      vertex 135.239 23.3213 3
    endloop
  endfacet
  facet normal 0.442042 0.896995 0
    outer loop
      vertex 134.975 23.4514 3
      vertex 135.239 23.3213 0
      vertex 134.975 23.4514 0
    endloop
  endfacet
  facet normal 0.751966 0.659202 0
    outer loop
      vertex 134.509 23.809 3
      vertex 134.315 24.0303 0
      vertex 134.315 24.0303 3
    endloop
  endfacet
  facet normal 0.751966 0.659202 0
    outer loop
      vertex 134.315 24.0303 0
      vertex 134.509 23.809 3
      vertex 134.509 23.809 0
    endloop
  endfacet
  facet normal -0.321112 0.947041 0
    outer loop
      vertex 136.961 23.3213 0
      vertex 136.682 23.2267 3
      vertex 136.961 23.3213 3
    endloop
  endfacet
  facet normal -0.321112 0.947041 0
    outer loop
      vertex 136.682 23.2267 3
      vertex 136.961 23.3213 0
      vertex 136.682 23.2267 0
    endloop
  endfacet
  facet normal -0.980397 0.197031 0
    outer loop
      vertex 138.273 24.8177 0
      vertex 138.331 25.1063 3
      vertex 138.331 25.1063 0
    endloop
  endfacet
  facet normal -0.980397 0.197031 0
    outer loop
      vertex 138.331 25.1063 3
      vertex 138.273 24.8177 0
      vertex 138.273 24.8177 3
    endloop
  endfacet
  facet normal 0.0651673 -0.997874 0
    outer loop
      vertex 135.806 27.6308 0
      vertex 136.1 27.65 3
      vertex 135.806 27.6308 3
    endloop
  endfacet
  facet normal 0.0651673 -0.997874 0
    outer loop
      vertex 136.1 27.65 3
      vertex 135.806 27.6308 0
      vertex 136.1 27.65 0
    endloop
  endfacet
  facet normal 0.947555 0.319592 0
    outer loop
      vertex 134.021 24.539 3
      vertex 133.927 24.8177 0
      vertex 133.927 24.8177 3
    endloop
  endfacet
  facet normal 0.947555 0.319592 0
    outer loop
      vertex 133.927 24.8177 0
      vertex 134.021 24.539 3
      vertex 134.021 24.539 0
    endloop
  endfacet
  facet normal 0.659708 0.751522 -0
    outer loop
      vertex 134.73 23.615 0
      vertex 134.509 23.809 3
      vertex 134.73 23.615 3
    endloop
  endfacet
  facet normal 0.659708 0.751522 0
    outer loop
      vertex 134.509 23.809 3
      vertex 134.73 23.615 0
      vertex 134.509 23.809 0
    endloop
  endfacet
  facet normal -0.555327 -0.831632 0
    outer loop
      vertex 137.225 27.3486 0
      vertex 137.47 27.185 3
      vertex 137.225 27.3486 3
    endloop
  endfacet
  facet normal -0.555327 -0.831632 -0
    outer loop
      vertex 137.47 27.185 3
      vertex 137.225 27.3486 0
      vertex 137.47 27.185 0
    endloop
  endfacet
  facet normal -0.947555 0.319592 0
    outer loop
      vertex 138.179 24.539 0
      vertex 138.273 24.8177 3
      vertex 138.273 24.8177 0
    endloop
  endfacet
  facet normal -0.947555 0.319592 0
    outer loop
      vertex 138.273 24.8177 3
      vertex 138.179 24.539 0
      vertex 138.179 24.539 3
    endloop
  endfacet
  facet normal -0.442042 0.896995 0
    outer loop
      vertex 137.225 23.4514 0
      vertex 136.961 23.3213 3
      vertex 137.225 23.4514 3
    endloop
  endfacet
  facet normal -0.442042 0.896995 0
    outer loop
      vertex 136.961 23.3213 3
      vertex 137.225 23.4514 0
      vertex 136.961 23.3213 0
    endloop
  endfacet
  facet normal 0.980397 -0.197031 0
    outer loop
      vertex 133.869 25.6937 3
      vertex 133.927 25.9823 0
      vertex 133.927 25.9823 3
    endloop
  endfacet
  facet normal 0.980397 -0.197031 0
    outer loop
      vertex 133.927 25.9823 0
      vertex 133.869 25.6937 3
      vertex 133.869 25.6937 0
    endloop
  endfacet
  facet normal -0.195789 0.980646 0
    outer loop
      vertex 136.682 23.2267 0
      vertex 136.394 23.1692 3
      vertex 136.682 23.2267 3
    endloop
  endfacet
  facet normal -0.195789 0.980646 0
    outer loop
      vertex 136.394 23.1692 3
      vertex 136.682 23.2267 0
      vertex 136.394 23.1692 0
    endloop
  endfacet
  facet normal 0.83069 0.556735 0
    outer loop
      vertex 134.315 24.0303 3
      vertex 134.151 24.275 0
      vertex 134.151 24.275 3
    endloop
  endfacet
  facet normal 0.83069 0.556735 0
    outer loop
      vertex 134.151 24.275 0
      vertex 134.315 24.0303 3
      vertex 134.315 24.0303 0
    endloop
  endfacet
  facet normal 0.947555 -0.319592 0
    outer loop
      vertex 133.927 25.9823 3
      vertex 134.021 26.261 0
      vertex 134.021 26.261 3
    endloop
  endfacet
  facet normal 0.947555 -0.319592 0
    outer loop
      vertex 134.021 26.261 0
      vertex 133.927 25.9823 3
      vertex 133.927 25.9823 0
    endloop
  endfacet
  facet normal 0.0651673 0.997874 -0
    outer loop
      vertex 136.1 23.15 0
      vertex 135.806 23.1692 3
      vertex 136.1 23.15 3
    endloop
  endfacet
  facet normal 0.0651673 0.997874 0
    outer loop
      vertex 135.806 23.1692 3
      vertex 136.1 23.15 0
      vertex 135.806 23.1692 0
    endloop
  endfacet
  facet normal -0.83069 -0.556735 0
    outer loop
      vertex 138.049 26.525 0
      vertex 137.885 26.7697 3
      vertex 137.885 26.7697 0
    endloop
  endfacet
  facet normal -0.83069 -0.556735 0
    outer loop
      vertex 137.885 26.7697 3
      vertex 138.049 26.525 0
      vertex 138.049 26.525 3
    endloop
  endfacet
  facet normal -0.321112 -0.947041 0
    outer loop
      vertex 136.682 27.5733 0
      vertex 136.961 27.4787 3
      vertex 136.682 27.5733 3
    endloop
  endfacet
  facet normal -0.321112 -0.947041 -0
    outer loop
      vertex 136.961 27.4787 3
      vertex 136.682 27.5733 0
      vertex 136.961 27.4787 0
    endloop
  endfacet
  facet normal 0.195789 -0.980646 0
    outer loop
      vertex 135.518 27.5733 0
      vertex 135.806 27.6308 3
      vertex 135.518 27.5733 3
    endloop
  endfacet
  facet normal 0.195789 -0.980646 0
    outer loop
      vertex 135.806 27.6308 3
      vertex 135.518 27.5733 0
      vertex 135.806 27.6308 0
    endloop
  endfacet
  facet normal -0.751966 -0.659202 0
    outer loop
      vertex 137.885 26.7697 0
      vertex 137.691 26.991 3
      vertex 137.691 26.991 0
    endloop
  endfacet
  facet normal -0.751966 -0.659202 0
    outer loop
      vertex 137.691 26.991 3
      vertex 137.885 26.7697 0
      vertex 137.885 26.7697 3
    endloop
  endfacet
  facet normal -0.997914 0.0645569 0
    outer loop
      vertex 138.331 25.1063 0
      vertex 138.35 25.4 3
      vertex 138.35 25.4 0
    endloop
  endfacet
  facet normal -0.997914 0.0645569 0
    outer loop
      vertex 138.35 25.4 3
      vertex 138.331 25.1063 0
      vertex 138.331 25.1063 3
    endloop
  endfacet
  facet normal -0.659708 -0.751522 0
    outer loop
      vertex 137.47 27.185 0
      vertex 137.691 26.991 3
      vertex 137.47 27.185 3
    endloop
  endfacet
  facet normal -0.659708 -0.751522 -0
    outer loop
      vertex 137.691 26.991 3
      vertex 137.47 27.185 0
      vertex 137.691 26.991 0
    endloop
  endfacet
  facet normal -0.897129 0.441768 0
    outer loop
      vertex 138.049 24.275 0
      vertex 138.179 24.539 3
      vertex 138.179 24.539 0
    endloop
  endfacet
  facet normal -0.897129 0.441768 0
    outer loop
      vertex 138.179 24.539 3
      vertex 138.049 24.275 0
      vertex 138.049 24.275 3
    endloop
  endfacet
  facet normal -0.555327 0.831632 0
    outer loop
      vertex 137.47 23.615 0
      vertex 137.225 23.4514 3
      vertex 137.47 23.615 3
    endloop
  endfacet
  facet normal -0.555327 0.831632 0
    outer loop
      vertex 137.225 23.4514 3
      vertex 137.47 23.615 0
      vertex 137.225 23.4514 0
    endloop
  endfacet
  facet normal 0.555327 0.831632 -0
    outer loop
      vertex 134.975 23.4514 0
      vertex 134.73 23.615 3
      vertex 134.975 23.4514 3
    endloop
  endfacet
  facet normal 0.555327 0.831632 0
    outer loop
      vertex 134.73 23.615 3
      vertex 134.975 23.4514 0
      vertex 134.73 23.615 0
    endloop
  endfacet
  facet normal 0.442042 -0.896995 0
    outer loop
      vertex 134.975 27.3486 0
      vertex 135.239 27.4787 3
      vertex 134.975 27.3486 3
    endloop
  endfacet
  facet normal 0.442042 -0.896995 0
    outer loop
      vertex 135.239 27.4787 3
      vertex 134.975 27.3486 0
      vertex 135.239 27.4787 0
    endloop
  endfacet
  facet normal 0.83069 -0.556735 0
    outer loop
      vertex 134.151 26.525 3
      vertex 134.315 26.7697 0
      vertex 134.315 26.7697 3
    endloop
  endfacet
  facet normal 0.83069 -0.556735 0
    outer loop
      vertex 134.315 26.7697 0
      vertex 134.151 26.525 3
      vertex 134.151 26.525 0
    endloop
  endfacet
  facet normal 0.897129 -0.441768 0
    outer loop
      vertex 134.021 26.261 3
      vertex 134.151 26.525 0
      vertex 134.151 26.525 3
    endloop
  endfacet
  facet normal 0.897129 -0.441768 0
    outer loop
      vertex 134.151 26.525 0
      vertex 134.021 26.261 3
      vertex 134.021 26.261 0
    endloop
  endfacet
  facet normal 0.897129 0.441768 0
    outer loop
      vertex 134.151 24.275 3
      vertex 134.021 24.539 0
      vertex 134.021 24.539 3
    endloop
  endfacet
  facet normal 0.897129 0.441768 0
    outer loop
      vertex 134.021 24.539 0
      vertex 134.151 24.275 3
      vertex 134.151 24.275 0
    endloop
  endfacet
  facet normal -0.751966 0.659202 0
    outer loop
      vertex 137.691 23.809 0
      vertex 137.885 24.0303 3
      vertex 137.885 24.0303 0
    endloop
  endfacet
  facet normal -0.751966 0.659202 0
    outer loop
      vertex 137.885 24.0303 3
      vertex 137.691 23.809 0
      vertex 137.691 23.809 3
    endloop
  endfacet
  facet normal -0.0651673 0.997874 0
    outer loop
      vertex 136.394 23.1692 0
      vertex 136.1 23.15 3
      vertex 136.394 23.1692 3
    endloop
  endfacet
  facet normal -0.0651673 0.997874 0
    outer loop
      vertex 136.1 23.15 3
      vertex 136.394 23.1692 0
      vertex 136.1 23.15 0
    endloop
  endfacet
  facet normal 0.195789 0.980646 -0
    outer loop
      vertex 135.806 23.1692 0
      vertex 135.518 23.2267 3
      vertex 135.806 23.1692 3
    endloop
  endfacet
  facet normal 0.195789 0.980646 0
    outer loop
      vertex 135.518 23.2267 3
      vertex 135.806 23.1692 0
      vertex 135.518 23.2267 0
    endloop
  endfacet
  facet normal -0.83069 0.556735 0
    outer loop
      vertex 137.885 24.0303 0
      vertex 138.049 24.275 3
      vertex 138.049 24.275 0
    endloop
  endfacet
  facet normal -0.83069 0.556735 0
    outer loop
      vertex 138.049 24.275 3
      vertex 137.885 24.0303 0
      vertex 137.885 24.0303 3
    endloop
  endfacet
  facet normal -0.0651673 -0.997874 0
    outer loop
      vertex 136.1 27.65 0
      vertex 136.394 27.6308 3
      vertex 136.1 27.65 3
    endloop
  endfacet
  facet normal -0.0651673 -0.997874 -0
    outer loop
      vertex 136.394 27.6308 3
      vertex 136.1 27.65 0
      vertex 136.394 27.6308 0
    endloop
  endfacet
  facet normal -0.195789 -0.980646 0
    outer loop
      vertex 136.394 27.6308 0
      vertex 136.682 27.5733 3
      vertex 136.394 27.6308 3
    endloop
  endfacet
  facet normal -0.195789 -0.980646 -0
    outer loop
      vertex 136.682 27.5733 3
      vertex 136.394 27.6308 0
      vertex 136.682 27.5733 0
    endloop
  endfacet
  facet normal 0.997914 0.0645569 0
    outer loop
      vertex 133.869 25.1063 3
      vertex 133.85 25.4 0
      vertex 133.85 25.4 3
    endloop
  endfacet
  facet normal 0.997914 0.0645569 0
    outer loop
      vertex 133.85 25.4 0
      vertex 133.869 25.1063 3
      vertex 133.869 25.1063 0
    endloop
  endfacet
  facet normal 0.997914 -0.0645569 0
    outer loop
      vertex 133.85 25.4 3
      vertex 133.869 25.6937 0
      vertex 133.869 25.6937 3
    endloop
  endfacet
  facet normal 0.997914 -0.0645569 0
    outer loop
      vertex 133.869 25.6937 0
      vertex 133.85 25.4 3
      vertex 133.85 25.4 0
    endloop
  endfacet
  facet normal 0.659708 -0.751522 0
    outer loop
      vertex 134.509 26.991 0
      vertex 134.73 27.185 3
      vertex 134.509 26.991 3
    endloop
  endfacet
  facet normal 0.659708 -0.751522 0
    outer loop
      vertex 134.73 27.185 3
      vertex 134.509 26.991 0
      vertex 134.73 27.185 0
    endloop
  endfacet
  facet normal 0.0654208 0.997858 -0
    outer loop
      vertex 127.492 50.7743 0
      vertex 127.1 50.8 36
      vertex 127.492 50.7743 36
    endloop
  endfacet
  facet normal 0.0654208 0.997858 0
    outer loop
      vertex 127.1 50.8 36
      vertex 127.492 50.7743 0
      vertex 127.1 50.8 0
    endloop
  endfacet
  facet normal 0.831501 0.555523 0
    outer loop
      vertex 129.698 49.3 36
      vertex 129.48 49.6263 0
      vertex 129.48 49.6263 36
    endloop
  endfacet
  facet normal 0.831501 0.555523 0
    outer loop
      vertex 129.48 49.6263 0
      vertex 129.698 49.3 36
      vertex 129.698 49.3 0
    endloop
  endfacet
  facet normal -0.896873 -0.442288 0
    outer loop
      vertex 0.401923 1.5 0
      vertex 0.228361 1.85195 36
      vertex 0.228361 1.85195 0
    endloop
  endfacet
  facet normal -0.896873 -0.442288 0
    outer loop
      vertex 0.228361 1.85195 36
      vertex 0.401923 1.5 0
      vertex 0.401923 1.5 36
    endloop
  endfacet
  facet normal 0.659478 0.751724 -0
    outer loop
      vertex 129.221 49.9213 0
      vertex 128.926 50.1801 36
      vertex 129.221 49.9213 36
    endloop
  endfacet
  facet normal 0.659478 0.751724 0
    outer loop
      vertex 128.926 50.1801 36
      vertex 129.221 49.9213 0
      vertex 128.926 50.1801 0
    endloop
  endfacet
  facet normal 0.751516 -0.659714 0
    outer loop
      vertex 129.221 0.878679 36
      vertex 129.48 1.17372 0
      vertex 129.48 1.17372 36
    endloop
  endfacet
  facet normal 0.751516 -0.659714 0
    outer loop
      vertex 129.48 1.17372 0
      vertex 129.221 0.878679 36
      vertex 129.221 0.878679 0
    endloop
  endfacet
  facet normal 0 1 0
    outer loop
      vertex 127.1 50.8 36
      vertex 80.45 50.8 28
      vertex 80.45 50.8 36
    endloop
  endfacet
  facet normal 0 1 0
    outer loop
      vertex 127.1 50.8 36
      vertex 80.4273 50.8 27.6541
      vertex 80.45 50.8 28
    endloop
  endfacet
  facet normal 0 1 0
    outer loop
      vertex 127.1 50.8 36
      vertex 80.3597 50.8 27.3141
      vertex 80.4273 50.8 27.6541
    endloop
  endfacet
  facet normal 0 1 0
    outer loop
      vertex 127.1 50.8 36
      vertex 80.2483 50.8 26.9859
      vertex 80.3597 50.8 27.3141
    endloop
  endfacet
  facet normal 0 1 -0
    outer loop
      vertex 127.1 50.8 0
      vertex 80.2483 50.8 26.9859
      vertex 127.1 50.8 36
    endloop
  endfacet
  facet normal 0 1 0
    outer loop
      vertex 80.2483 50.8 26.9859
      vertex 127.1 50.8 0
      vertex 80.095 50.8 26.675
    endloop
  endfacet
  facet normal 0 1 0
    outer loop
      vertex 80.095 50.8 26.675
      vertex 127.1 50.8 0
      vertex 79.9024 50.8 26.3868
    endloop
  endfacet
  facet normal 0 1 0
    outer loop
      vertex 79.9024 50.8 26.3868
      vertex 127.1 50.8 0
      vertex 79.6738 50.8 26.1262
    endloop
  endfacet
  facet normal 0 1 0
    outer loop
      vertex 79.6738 50.8 26.1262
      vertex 127.1 50.8 0
      vertex 79.4132 50.8 25.8976
    endloop
  endfacet
  facet normal 0 1 0
    outer loop
      vertex 79.4132 50.8 25.8976
      vertex 127.1 50.8 0
      vertex 79.125 50.8 25.705
    endloop
  endfacet
  facet normal 0 1 0
    outer loop
      vertex 79.125 50.8 25.705
      vertex 127.1 50.8 0
      vertex 78.8141 50.8 25.5517
    endloop
  endfacet
  facet normal 0 1 0
    outer loop
      vertex 76.7859 50.8 25.5517
      vertex 66.4054 50.8 25.0898
      vertex 66.775 50.8 25.272
    endloop
  endfacet
  facet normal 0 1 0
    outer loop
      vertex 77.4541 50.8 25.3727
      vertex 66.0153 50.8 24.9573
      vertex 66.4054 50.8 25.0898
    endloop
  endfacet
  facet normal 0 1 0
    outer loop
      vertex 77.4541 50.8 25.3727
      vertex 65.6112 50.8 24.8769
      vertex 66.0153 50.8 24.9573
    endloop
  endfacet
  facet normal 0 1 0
    outer loop
      vertex 127.1 50.8 0
      vertex 65.6112 50.8 24.8769
      vertex 77.8 50.8 25.35
    endloop
  endfacet
  facet normal 0 1 0
    outer loop
      vertex 65.6112 50.8 24.8769
      vertex 127.1 50.8 0
      vertex 65.2 50.8 24.85
    endloop
  endfacet
  facet normal 0 1 0
    outer loop
      vertex 78.1459 50.8 25.3727
      vertex 127.1 50.8 0
      vertex 77.8 50.8 25.35
    endloop
  endfacet
  facet normal 0 1 0
    outer loop
      vertex 78.4859 50.8 25.4403
      vertex 127.1 50.8 0
      vertex 78.1459 50.8 25.3727
    endloop
  endfacet
  facet normal 0 1 0
    outer loop
      vertex 78.8141 50.8 25.5517
      vertex 127.1 50.8 0
      vertex 78.4859 50.8 25.4403
    endloop
  endfacet
  facet normal 0 1 -0
    outer loop
      vertex 75.15 50.8 28
      vertex 68.35 50.8 36
      vertex 75.15 50.8 36
    endloop
  endfacet
  facet normal 0 1 0
    outer loop
      vertex 75.15 50.8 28
      vertex 68.35 50.8 28
      vertex 68.35 50.8 36
    endloop
  endfacet
  facet normal 0 1 0
    outer loop
      vertex 75.1727 50.8 27.6541
      vertex 68.35 50.8 28
      vertex 75.15 50.8 28
    endloop
  endfacet
  facet normal 0 1 0
    outer loop
      vertex 75.1727 50.8 27.6541
      vertex 68.3231 50.8 27.5888
      vertex 68.35 50.8 28
    endloop
  endfacet
  facet normal 0 1 0
    outer loop
      vertex 75.2403 50.8 27.3141
      vertex 68.3231 50.8 27.5888
      vertex 75.1727 50.8 27.6541
    endloop
  endfacet
  facet normal 0 1 0
    outer loop
      vertex 75.2403 50.8 27.3141
      vertex 68.2427 50.8 27.1847
      vertex 68.3231 50.8 27.5888
    endloop
  endfacet
  facet normal 0 1 0
    outer loop
      vertex 75.3517 50.8 26.9859
      vertex 68.2427 50.8 27.1847
      vertex 75.2403 50.8 27.3141
    endloop
  endfacet
  facet normal 0 1 0
    outer loop
      vertex 75.3517 50.8 26.9859
      vertex 68.1102 50.8 26.7945
      vertex 68.2427 50.8 27.1847
    endloop
  endfacet
  facet normal 0 1 0
    outer loop
      vertex 75.505 50.8 26.675
      vertex 68.1102 50.8 26.7945
      vertex 75.3517 50.8 26.9859
    endloop
  endfacet
  facet normal 0 1 0
    outer loop
      vertex 75.505 50.8 26.675
      vertex 67.928 50.8 26.425
      vertex 68.1102 50.8 26.7945
    endloop
  endfacet
  facet normal 0 1 0
    outer loop
      vertex 75.6976 50.8 26.3868
      vertex 67.928 50.8 26.425
      vertex 75.505 50.8 26.675
    endloop
  endfacet
  facet normal 0 1 0
    outer loop
      vertex 67.6991 50.8 26.0824
      vertex 75.6976 50.8 26.3868
      vertex 75.9262 50.8 26.1262
    endloop
  endfacet
  facet normal 0 1 0
    outer loop
      vertex 75.6976 50.8 26.3868
      vertex 67.6991 50.8 26.0824
      vertex 67.928 50.8 26.425
    endloop
  endfacet
  facet normal 0 1 0
    outer loop
      vertex 67.4274 50.8 25.7726
      vertex 75.9262 50.8 26.1262
      vertex 76.1868 50.8 25.8976
    endloop
  endfacet
  facet normal 0 1 0
    outer loop
      vertex 75.9262 50.8 26.1262
      vertex 67.4274 50.8 25.7726
      vertex 67.6991 50.8 26.0824
    endloop
  endfacet
  facet normal 0 1 0
    outer loop
      vertex 67.1176 50.8 25.5009
      vertex 76.1868 50.8 25.8976
      vertex 76.475 50.8 25.705
    endloop
  endfacet
  facet normal 0 1 0
    outer loop
      vertex 66.775 50.8 25.272
      vertex 76.475 50.8 25.705
      vertex 76.7859 50.8 25.5517
    endloop
  endfacet
  facet normal 0 1 0
    outer loop
      vertex 76.1868 50.8 25.8976
      vertex 67.1176 50.8 25.5009
      vertex 67.4274 50.8 25.7726
    endloop
  endfacet
  facet normal 0 1 0
    outer loop
      vertex 66.4054 50.8 25.0898
      vertex 76.7859 50.8 25.5517
      vertex 77.1141 50.8 25.4403
    endloop
  endfacet
  facet normal 0 1 0
    outer loop
      vertex 66.4054 50.8 25.0898
      vertex 77.1141 50.8 25.4403
      vertex 77.4541 50.8 25.3727
    endloop
  endfacet
  facet normal 0 1 0
    outer loop
      vertex 65.6112 50.8 24.8769
      vertex 77.4541 50.8 25.3727
      vertex 77.8 50.8 25.35
    endloop
  endfacet
  facet normal 0 1 0
    outer loop
      vertex 76.475 50.8 25.705
      vertex 66.775 50.8 25.272
      vertex 67.1176 50.8 25.5009
    endloop
  endfacet
  facet normal 0 1 -0
    outer loop
      vertex 62.05 50.8 28
      vertex 3 50.8 36
      vertex 62.05 50.8 36
    endloop
  endfacet
  facet normal 0 1 0
    outer loop
      vertex 62.077 50.8 27.5888
      vertex 3 50.8 36
      vertex 62.05 50.8 28
    endloop
  endfacet
  facet normal 0 1 0
    outer loop
      vertex 62.1573 50.8 27.1847
      vertex 3 50.8 36
      vertex 62.077 50.8 27.5888
    endloop
  endfacet
  facet normal 0 1 0
    outer loop
      vertex 3 50.8 0
      vertex 62.1573 50.8 27.1847
      vertex 62.2898 50.8 26.7945
    endloop
  endfacet
  facet normal 0 1 0
    outer loop
      vertex 3 50.8 0
      vertex 62.2898 50.8 26.7945
      vertex 62.472 50.8 26.425
    endloop
  endfacet
  facet normal 0 1 0
    outer loop
      vertex 3 50.8 0
      vertex 62.472 50.8 26.425
      vertex 62.7009 50.8 26.0824
    endloop
  endfacet
  facet normal 0 1 0
    outer loop
      vertex 3 50.8 0
      vertex 62.7009 50.8 26.0824
      vertex 62.9726 50.8 25.7726
    endloop
  endfacet
  facet normal 0 1 0
    outer loop
      vertex 3 50.8 0
      vertex 62.9726 50.8 25.7726
      vertex 63.2824 50.8 25.5009
    endloop
  endfacet
  facet normal 0 1 0
    outer loop
      vertex 3 50.8 0
      vertex 63.2824 50.8 25.5009
      vertex 63.625 50.8 25.272
    endloop
  endfacet
  facet normal 0 1 0
    outer loop
      vertex 3 50.8 0
      vertex 63.625 50.8 25.272
      vertex 63.9945 50.8 25.0898
    endloop
  endfacet
  facet normal 0 1 0
    outer loop
      vertex 3 50.8 0
      vertex 63.9945 50.8 25.0898
      vertex 64.3847 50.8 24.9573
    endloop
  endfacet
  facet normal 0 1 0
    outer loop
      vertex 3 50.8 0
      vertex 64.3847 50.8 24.9573
      vertex 64.7888 50.8 24.8769
    endloop
  endfacet
  facet normal 0 1 0
    outer loop
      vertex 3 50.8 0
      vertex 65.2 50.8 24.85
      vertex 127.1 50.8 0
    endloop
  endfacet
  facet normal 0 1 0
    outer loop
      vertex 65.2 50.8 24.85
      vertex 3 50.8 0
      vertex 64.7888 50.8 24.8769
    endloop
  endfacet
  facet normal 0 1 0
    outer loop
      vertex 62.1573 50.8 27.1847
      vertex 3 50.8 0
      vertex 3 50.8 36
    endloop
  endfacet
  facet normal 0.981056 -0.193723 0
    outer loop
      vertex 129.998 2.22354 36
      vertex 130.074 2.60842 0
      vertex 130.074 2.60842 36
    endloop
  endfacet
  facet normal 0.981056 -0.193723 0
    outer loop
      vertex 130.074 2.60842 0
      vertex 129.998 2.22354 36
      vertex 129.998 2.22354 0
    endloop
  endfacet
  facet normal -0.555547 0.831485 0
    outer loop
      vertex 1.5 50.3981 0
      vertex 1.17372 50.1801 36
      vertex 1.5 50.3981 36
    endloop
  endfacet
  facet normal -0.555547 0.831485 0
    outer loop
      vertex 1.17372 50.1801 36
      vertex 1.5 50.3981 0
      vertex 1.17372 50.1801 0
    endloop
  endfacet
  facet normal 0.321264 0.94699 -0
    outer loop
      vertex 128.248 50.5716 0
      vertex 127.876 50.6978 36
      vertex 128.248 50.5716 36
    endloop
  endfacet
  facet normal 0.321264 0.94699 0
    outer loop
      vertex 127.876 50.6978 36
      vertex 128.248 50.5716 0
      vertex 127.876 50.6978 0
    endloop
  endfacet
  facet normal -0.195089 -0.980786 0
    outer loop
      vertex 2.22354 0.102222 0
      vertex 2.60842 0.0256653 36
      vertex 2.22354 0.102222 36
    endloop
  endfacet
  facet normal -0.195089 -0.980786 -0
    outer loop
      vertex 2.60842 0.0256653 36
      vertex 2.22354 0.102222 0
      vertex 2.60842 0.0256653 0
    endloop
  endfacet
  facet normal 0.896405 0.443235 0
    outer loop
      vertex 129.872 48.9481 36
      vertex 129.698 49.3 0
      vertex 129.698 49.3 36
    endloop
  endfacet
  facet normal 0.896405 0.443235 0
    outer loop
      vertex 129.698 49.3 0
      vertex 129.872 48.9481 36
      vertex 129.872 48.9481 0
    endloop
  endfacet
  facet normal 0.65939 -0.751801 0
    outer loop
      vertex 128.926 0.61994 0
      vertex 129.221 0.878679 36
      vertex 128.926 0.61994 36
    endloop
  endfacet
  facet normal 0.65939 -0.751801 0
    outer loop
      vertex 129.221 0.878679 36
      vertex 128.926 0.61994 0
      vertex 129.221 0.878679 0
    endloop
  endfacet
  facet normal 1 -0 0
    outer loop
      vertex 130.1 3 36
      vertex 130.1 22.5 28
      vertex 130.1 22.5 36
    endloop
  endfacet
  facet normal 1 0 0
    outer loop
      vertex 130.1 22.5 28
      vertex 130.1 3 36
      vertex 130.1 17.4 3
    endloop
  endfacet
  facet normal 1 0 0
    outer loop
      vertex 130.1 3 0
      vertex 130.1 17.4 3
      vertex 130.1 3 36
    endloop
  endfacet
  facet normal 1 0 0
    outer loop
      vertex 130.1 17.4 3
      vertex 130.1 3 0
      vertex 130.1 17.4 0
    endloop
  endfacet
  facet normal 1 0 0
    outer loop
      vertex 130.1 47.8 36
      vertex 130.1 33.4 3
      vertex 130.1 47.8 0
    endloop
  endfacet
  facet normal 1 0 0
    outer loop
      vertex 130.1 28.3 28
      vertex 130.1 47.8 36
      vertex 130.1 28.3 36
    endloop
  endfacet
  facet normal 1 0 0
    outer loop
      vertex 130.1 28.2752 27.6215
      vertex 130.1 47.8 36
      vertex 130.1 28.3 28
    endloop
  endfacet
  facet normal 1 0 0
    outer loop
      vertex 130.1 28.2012 27.2494
      vertex 130.1 47.8 36
      vertex 130.1 28.2752 27.6215
    endloop
  endfacet
  facet normal 1 0 0
    outer loop
      vertex 130.1 28.0793 26.8902
      vertex 130.1 47.8 36
      vertex 130.1 28.2012 27.2494
    endloop
  endfacet
  facet normal 1 0 0
    outer loop
      vertex 130.1 27.9115 26.55
      vertex 130.1 47.8 36
      vertex 130.1 28.0793 26.8902
    endloop
  endfacet
  facet normal 1 0 0
    outer loop
      vertex 130.1 47.8 36
      vertex 130.1 27.9115 26.55
      vertex 130.1 33.4 3
    endloop
  endfacet
  facet normal 1 -0 0
    outer loop
      vertex 130.1 27.7007 26.2346
      vertex 130.1 33.4 3
      vertex 130.1 27.9115 26.55
    endloop
  endfacet
  facet normal 1 -0 0
    outer loop
      vertex 130.1 27.4506 25.9494
      vertex 130.1 33.4 3
      vertex 130.1 27.7007 26.2346
    endloop
  endfacet
  facet normal 1 -0 0
    outer loop
      vertex 130.1 27.1654 25.6993
      vertex 130.1 33.4 3
      vertex 130.1 27.4506 25.9494
    endloop
  endfacet
  facet normal 1 -0 0
    outer loop
      vertex 130.1 26.85 25.4885
      vertex 130.1 33.4 3
      vertex 130.1 27.1654 25.6993
    endloop
  endfacet
  facet normal 1 -0 0
    outer loop
      vertex 130.1 26.5098 25.3208
      vertex 130.1 33.4 3
      vertex 130.1 26.85 25.4885
    endloop
  endfacet
  facet normal 1 -0 0
    outer loop
      vertex 130.1 26.1506 25.1988
      vertex 130.1 33.4 3
      vertex 130.1 26.5098 25.3208
    endloop
  endfacet
  facet normal 1 -0 0
    outer loop
      vertex 130.1 25.7785 25.1248
      vertex 130.1 33.4 3
      vertex 130.1 26.1506 25.1988
    endloop
  endfacet
  facet normal 1 -0 0
    outer loop
      vertex 130.1 25.4 25.1
      vertex 130.1 33.4 3
      vertex 130.1 25.7785 25.1248
    endloop
  endfacet
  facet normal 1 0 0
    outer loop
      vertex 130.1 17.4 3
      vertex 130.1 25.4 25.1
      vertex 130.1 25.0215 25.1248
    endloop
  endfacet
  facet normal 1 0 0
    outer loop
      vertex 130.1 17.4 3
      vertex 130.1 25.0215 25.1248
      vertex 130.1 24.6494 25.1988
    endloop
  endfacet
  facet normal 1 0 0
    outer loop
      vertex 130.1 17.4 3
      vertex 130.1 24.6494 25.1988
      vertex 130.1 24.2902 25.3208
    endloop
  endfacet
  facet normal 1 0 0
    outer loop
      vertex 130.1 17.4 3
      vertex 130.1 24.2902 25.3208
      vertex 130.1 23.95 25.4885
    endloop
  endfacet
  facet normal 1 0 0
    outer loop
      vertex 130.1 17.4 3
      vertex 130.1 23.95 25.4885
      vertex 130.1 23.6346 25.6993
    endloop
  endfacet
  facet normal 1 0 0
    outer loop
      vertex 130.1 17.4 3
      vertex 130.1 23.6346 25.6993
      vertex 130.1 23.3494 25.9494
    endloop
  endfacet
  facet normal 1 0 0
    outer loop
      vertex 130.1 17.4 3
      vertex 130.1 23.3494 25.9494
      vertex 130.1 23.0993 26.2346
    endloop
  endfacet
  facet normal 1 0 0
    outer loop
      vertex 130.1 17.4 3
      vertex 130.1 23.0993 26.2346
      vertex 130.1 22.8885 26.55
    endloop
  endfacet
  facet normal 1 0 0
    outer loop
      vertex 130.1 17.4 3
      vertex 130.1 22.8885 26.55
      vertex 130.1 22.7208 26.8902
    endloop
  endfacet
  facet normal 1 0 0
    outer loop
      vertex 130.1 25.4 25.1
      vertex 130.1 17.4 3
      vertex 130.1 33.4 3
    endloop
  endfacet
  facet normal 1 0 0
    outer loop
      vertex 130.1 22.5988 27.2494
      vertex 130.1 17.4 3
      vertex 130.1 22.7208 26.8902
    endloop
  endfacet
  facet normal 1 0 0
    outer loop
      vertex 130.1 22.5248 27.6215
      vertex 130.1 17.4 3
      vertex 130.1 22.5988 27.2494
    endloop
  endfacet
  facet normal 1 0 0
    outer loop
      vertex 130.1 17.4 3
      vertex 130.1 22.5248 27.6215
      vertex 130.1 22.5 28
    endloop
  endfacet
  facet normal 1 0 0
    outer loop
      vertex 130.1 47.8 0
      vertex 130.1 33.4 3
      vertex 130.1 33.4 0
    endloop
  endfacet
  facet normal -0.896848 0.442338 0
    outer loop
      vertex 0.228361 48.9481 0
      vertex 0.401923 49.3 36
      vertex 0.401923 49.3 0
    endloop
  endfacet
  facet normal -0.896848 0.442338 0
    outer loop
      vertex 0.401923 49.3 36
      vertex 0.228361 48.9481 0
      vertex 0.228361 48.9481 36
    endloop
  endfacet
  facet normal -0.442288 -0.896873 0
    outer loop
      vertex 1.5 0.401923 0
      vertex 1.85195 0.228361 36
      vertex 1.5 0.401923 36
    endloop
  endfacet
  facet normal -0.442288 -0.896873 -0
    outer loop
      vertex 1.85195 0.228361 36
      vertex 1.5 0.401923 0
      vertex 1.85195 0.228361 0
    endloop
  endfacet
  facet normal -1 0 0
    outer loop
      vertex 0 17.4 0
      vertex 0 3 0
      vertex 0 17.4 3
    endloop
  endfacet
  facet normal -1 0 0
    outer loop
      vertex 0 33.4 3
      vertex 0 18.9 15.8
      vertex 0 31.9 15.8
    endloop
  endfacet
  facet normal -1 0 0
    outer loop
      vertex 0 3 0
      vertex 0 18.9 15.8
      vertex 0 17.4 3
    endloop
  endfacet
  facet normal -1 0 0
    outer loop
      vertex 0 17.4 3
      vertex 0 18.9 15.8
      vertex 0 33.4 3
    endloop
  endfacet
  facet normal -1 0 0
    outer loop
      vertex 0 33.4 3
      vertex 0 47.8 0
      vertex 0 33.4 0
    endloop
  endfacet
  facet normal -1 0 0
    outer loop
      vertex 0 31.9 15.8
      vertex 0 47.8 0
      vertex 0 33.4 3
    endloop
  endfacet
  facet normal -1 0 0
    outer loop
      vertex 0 47.8 0
      vertex 0 31.9 15.8
      vertex 0 47.8 36
    endloop
  endfacet
  facet normal -1 0 0
    outer loop
      vertex 0 31.9 24.8
      vertex 0 47.8 36
      vertex 0 31.9 15.8
    endloop
  endfacet
  facet normal -1 0 0
    outer loop
      vertex 0 18.9 24.8
      vertex 0 47.8 36
      vertex 0 31.9 24.8
    endloop
  endfacet
  facet normal -1 0 0
    outer loop
      vertex 0 3 36
      vertex 0 18.9 15.8
      vertex 0 3 0
    endloop
  endfacet
  facet normal -1 0 0
    outer loop
      vertex 0 18.9 24.8
      vertex 0 3 36
      vertex 0 47.8 36
    endloop
  endfacet
  facet normal -1 0 0
    outer loop
      vertex 0 18.9 15.8
      vertex 0 3 36
      vertex 0 18.9 24.8
    endloop
  endfacet
  facet normal -0.44216 0.896936 0
    outer loop
      vertex 1.85195 50.5716 0
      vertex 1.5 50.3981 36
      vertex 1.85195 50.5716 36
    endloop
  endfacet
  facet normal -0.44216 0.896936 0
    outer loop
      vertex 1.5 50.3981 36
      vertex 1.85195 50.5716 0
      vertex 1.5 50.3981 0
    endloop
  endfacet
  facet normal 0.997803 0.0662484 0
    outer loop
      vertex 130.1 47.8 36
      vertex 130.074 48.1916 0
      vertex 130.074 48.1916 36
    endloop
  endfacet
  facet normal 0.997803 0.0662484 0
    outer loop
      vertex 130.074 48.1916 0
      vertex 130.1 47.8 36
      vertex 130.1 47.8 0
    endloop
  endfacet
  facet normal 0.981058 0.193714 0
    outer loop
      vertex 130.074 48.1916 36
      vertex 129.998 48.5765 0
      vertex 129.998 48.5765 36
    endloop
  endfacet
  facet normal 0.981058 0.193714 0
    outer loop
      vertex 129.998 48.5765 0
      vertex 130.074 48.1916 36
      vertex 130.074 48.1916 0
    endloop
  endfacet
  facet normal 0.94704 0.321117 0
    outer loop
      vertex 129.998 48.5765 36
      vertex 129.872 48.9481 0
      vertex 129.872 48.9481 36
    endloop
  endfacet
  facet normal 0.94704 0.321117 0
    outer loop
      vertex 129.872 48.9481 0
      vertex 129.998 48.5765 36
      vertex 129.998 48.5765 0
    endloop
  endfacet
  facet normal 0.44211 0.896961 -0
    outer loop
      vertex 128.6 50.3981 0
      vertex 128.248 50.5716 36
      vertex 128.6 50.3981 36
    endloop
  endfacet
  facet normal 0.44211 0.896961 0
    outer loop
      vertex 128.248 50.5716 36
      vertex 128.6 50.3981 0
      vertex 128.248 50.5716 0
    endloop
  endfacet
  facet normal 0.751471 0.659766 0
    outer loop
      vertex 129.48 49.6263 36
      vertex 129.221 49.9213 0
      vertex 129.221 49.9213 36
    endloop
  endfacet
  facet normal 0.751471 0.659766 0
    outer loop
      vertex 129.221 49.9213 0
      vertex 129.48 49.6263 36
      vertex 129.48 49.6263 0
    endloop
  endfacet
  facet normal -0.831481 0.555553 0
    outer loop
      vertex 0.401923 49.3 0
      vertex 0.61994 49.6263 36
      vertex 0.61994 49.6263 0
    endloop
  endfacet
  facet normal -0.831481 0.555553 0
    outer loop
      vertex 0.61994 49.6263 36
      vertex 0.401923 49.3 0
      vertex 0.401923 49.3 36
    endloop
  endfacet
  facet normal 0 -1 0
    outer loop
      vertex 69.5 0 6.4
      vertex 74.4 0 18.4
      vertex 69.5 0 18.4
    endloop
  endfacet
  facet normal 0 -1 -0
    outer loop
      vertex 74.4 0 18.4
      vertex 69.5 0 6.4
      vertex 74.4 0 6.4
    endloop
  endfacet
  facet normal 0 -1 0
    outer loop
      vertex 62 0 6.4
      vertex 66.9 0 18.4
      vertex 62 0 18.4
    endloop
  endfacet
  facet normal 0 -1 -0
    outer loop
      vertex 66.9 0 18.4
      vertex 62 0 6.4
      vertex 66.9 0 6.4
    endloop
  endfacet
  facet normal 0 -1 0
    outer loop
      vertex 54.5 0 6.4
      vertex 59.4 0 18.4
      vertex 54.5 0 18.4
    endloop
  endfacet
  facet normal 0 -1 -0
    outer loop
      vertex 59.4 0 18.4
      vertex 54.5 0 6.4
      vertex 59.4 0 6.4
    endloop
  endfacet
  facet normal 0 -1 0
    outer loop
      vertex 47 0 6.4
      vertex 51.9 0 18.4
      vertex 47 0 18.4
    endloop
  endfacet
  facet normal 0 -1 -0
    outer loop
      vertex 51.9 0 18.4
      vertex 47 0 6.4
      vertex 51.9 0 6.4
    endloop
  endfacet
  facet normal 0 -1 0
    outer loop
      vertex 39.5 0 6.4
      vertex 44.4 0 18.4
      vertex 39.5 0 18.4
    endloop
  endfacet
  facet normal 0 -1 -0
    outer loop
      vertex 44.4 0 18.4
      vertex 39.5 0 6.4
      vertex 44.4 0 6.4
    endloop
  endfacet
  facet normal 0 -1 0
    outer loop
      vertex 32 0 6.4
      vertex 36.9 0 18.4
      vertex 32 0 18.4
    endloop
  endfacet
  facet normal 0 -1 -0
    outer loop
      vertex 36.9 0 18.4
      vertex 32 0 6.4
      vertex 36.9 0 6.4
    endloop
  endfacet
  facet normal 0 -1 0
    outer loop
      vertex 24.5 0 6.4
      vertex 29.4 0 18.4
      vertex 24.5 0 18.4
    endloop
  endfacet
  facet normal 0 -1 -0
    outer loop
      vertex 29.4 0 18.4
      vertex 24.5 0 6.4
      vertex 29.4 0 6.4
    endloop
  endfacet
  facet normal 0 -1 0
    outer loop
      vertex 24.5 0 18.4
      vertex 3 0 36
      vertex 21.9 0 18.4
    endloop
  endfacet
  facet normal 0 -1 0
    outer loop
      vertex 3 0 0
      vertex 21.9 0 18.4
      vertex 3 0 36
    endloop
  endfacet
  facet normal 0 -1 0
    outer loop
      vertex 3 0 0
      vertex 24.5 0 6.4
      vertex 21.9 0 6.4
    endloop
  endfacet
  facet normal 0 -1 -0
    outer loop
      vertex 24.5 0 6.4
      vertex 3 0 0
      vertex 29.4 0 6.4
    endloop
  endfacet
  facet normal 0 -1 -0
    outer loop
      vertex 29.4 0 6.4
      vertex 3 0 0
      vertex 32 0 6.4
    endloop
  endfacet
  facet normal 0 -1 -0
    outer loop
      vertex 32 0 6.4
      vertex 3 0 0
      vertex 36.9 0 6.4
    endloop
  endfacet
  facet normal 0 -1 -0
    outer loop
      vertex 36.9 0 6.4
      vertex 3 0 0
      vertex 39.5 0 6.4
    endloop
  endfacet
  facet normal 0 -1 -0
    outer loop
      vertex 39.5 0 6.4
      vertex 3 0 0
      vertex 44.4 0 6.4
    endloop
  endfacet
  facet normal 0 -1 -0
    outer loop
      vertex 44.4 0 6.4
      vertex 3 0 0
      vertex 47 0 6.4
    endloop
  endfacet
  facet normal 0 -1 -0
    outer loop
      vertex 47 0 6.4
      vertex 3 0 0
      vertex 51.9 0 6.4
    endloop
  endfacet
  facet normal 0 -1 -0
    outer loop
      vertex 51.9 0 6.4
      vertex 3 0 0
      vertex 54.5 0 6.4
    endloop
  endfacet
  facet normal 0 -1 -0
    outer loop
      vertex 54.5 0 6.4
      vertex 3 0 0
      vertex 59.4 0 6.4
    endloop
  endfacet
  facet normal 0 -1 -0
    outer loop
      vertex 59.4 0 6.4
      vertex 3 0 0
      vertex 62 0 6.4
    endloop
  endfacet
  facet normal 0 -1 -0
    outer loop
      vertex 62 0 6.4
      vertex 3 0 0
      vertex 66.9 0 6.4
    endloop
  endfacet
  facet normal 0 -1 0
    outer loop
      vertex 127.1 0 0
      vertex 66.9 0 6.4
      vertex 3 0 0
    endloop
  endfacet
  facet normal 0 -1 0
    outer loop
      vertex 66.9 0 6.4
      vertex 127.1 0 0
      vertex 69.5 0 6.4
    endloop
  endfacet
  facet normal 0 -1 0
    outer loop
      vertex 69.5 0 6.4
      vertex 127.1 0 0
      vertex 74.4 0 6.4
    endloop
  endfacet
  facet normal 0 -1 -0
    outer loop
      vertex 21.9 0 18.4
      vertex 3 0 0
      vertex 21.9 0 6.4
    endloop
  endfacet
  facet normal 0 -1 0
    outer loop
      vertex 29.4 0 18.4
      vertex 3 0 36
      vertex 24.5 0 18.4
    endloop
  endfacet
  facet normal 0 -1 0
    outer loop
      vertex 32 0 18.4
      vertex 3 0 36
      vertex 29.4 0 18.4
    endloop
  endfacet
  facet normal 0 -1 0
    outer loop
      vertex 36.9 0 18.4
      vertex 3 0 36
      vertex 32 0 18.4
    endloop
  endfacet
  facet normal 0 -1 0
    outer loop
      vertex 39.5 0 18.4
      vertex 3 0 36
      vertex 36.9 0 18.4
    endloop
  endfacet
  facet normal 0 -1 0
    outer loop
      vertex 44.4 0 18.4
      vertex 3 0 36
      vertex 39.5 0 18.4
    endloop
  endfacet
  facet normal 0 -1 0
    outer loop
      vertex 47 0 18.4
      vertex 3 0 36
      vertex 44.4 0 18.4
    endloop
  endfacet
  facet normal 0 -1 0
    outer loop
      vertex 51.9 0 18.4
      vertex 3 0 36
      vertex 47 0 18.4
    endloop
  endfacet
  facet normal 0 -1 0
    outer loop
      vertex 54.5 0 18.4
      vertex 3 0 36
      vertex 51.9 0 18.4
    endloop
  endfacet
  facet normal 0 -1 0
    outer loop
      vertex 59.4 0 18.4
      vertex 3 0 36
      vertex 54.5 0 18.4
    endloop
  endfacet
  facet normal 0 -1 0
    outer loop
      vertex 62 0 18.4
      vertex 3 0 36
      vertex 59.4 0 18.4
    endloop
  endfacet
  facet normal 0 -1 0
    outer loop
      vertex 3 0 36
      vertex 62 0 18.4
      vertex 127.1 0 36
    endloop
  endfacet
  facet normal 0 -1 0
    outer loop
      vertex 66.9 0 18.4
      vertex 127.1 0 36
      vertex 62 0 18.4
    endloop
  endfacet
  facet normal 0 -1 0
    outer loop
      vertex 69.5 0 18.4
      vertex 127.1 0 36
      vertex 66.9 0 18.4
    endloop
  endfacet
  facet normal 0 -1 0
    outer loop
      vertex 74.4 0 18.4
      vertex 127.1 0 36
      vertex 69.5 0 18.4
    endloop
  endfacet
  facet normal 0 -1 0
    outer loop
      vertex 77 0 18.4
      vertex 127.1 0 36
      vertex 74.4 0 18.4
    endloop
  endfacet
  facet normal 0 -1 0
    outer loop
      vertex 127.1 0 0
      vertex 77 0 18.4
      vertex 77 0 6.4
    endloop
  endfacet
  facet normal 0 -1 0
    outer loop
      vertex 77 0 18.4
      vertex 127.1 0 0
      vertex 127.1 0 36
    endloop
  endfacet
  facet normal 0 -1 0
    outer loop
      vertex 74.4 0 6.4
      vertex 127.1 0 0
      vertex 77 0 6.4
    endloop
  endfacet
  facet normal 0.195519 -0.9807 0
    outer loop
      vertex 127.492 0.0256653 0
      vertex 127.876 0.102222 36
      vertex 127.492 0.0256653 36
    endloop
  endfacet
  facet normal 0.195519 -0.9807 0
    outer loop
      vertex 127.876 0.102222 36
      vertex 127.492 0.0256653 0
      vertex 127.876 0.102222 0
    endloop
  endfacet
  facet normal -0.751846 -0.659339 0
    outer loop
      vertex 0.878679 0.878679 0
      vertex 0.61994 1.17372 36
      vertex 0.61994 1.17372 0
    endloop
  endfacet
  facet normal -0.751846 -0.659339 0
    outer loop
      vertex 0.61994 1.17372 36
      vertex 0.878679 0.878679 0
      vertex 0.878679 0.878679 36
    endloop
  endfacet
  facet normal -0.19495 0.980813 0
    outer loop
      vertex 2.60842 50.7743 0
      vertex 2.22354 50.6978 36
      vertex 2.60842 50.7743 36
    endloop
  endfacet
  facet normal -0.19495 0.980813 0
    outer loop
      vertex 2.22354 50.6978 36
      vertex 2.60842 50.7743 0
      vertex 2.22354 50.6978 0
    endloop
  endfacet
  facet normal -0.321582 0.946882 0
    outer loop
      vertex 2.22354 50.6978 0
      vertex 1.85195 50.5716 36
      vertex 2.22354 50.6978 36
    endloop
  endfacet
  facet normal -0.321582 0.946882 0
    outer loop
      vertex 1.85195 50.5716 36
      vertex 2.22354 50.6978 0
      vertex 1.85195 50.5716 0
    endloop
  endfacet
  facet normal -0.980786 -0.195089 0
    outer loop
      vertex 0.102222 2.22354 0
      vertex 0.0256653 2.60842 36
      vertex 0.0256653 2.60842 0
    endloop
  endfacet
  facet normal -0.980786 -0.195089 0
    outer loop
      vertex 0.0256653 2.60842 36
      vertex 0.102222 2.22354 0
      vertex 0.102222 2.22354 36
    endloop
  endfacet
  facet normal 0.89643 -0.443185 0
    outer loop
      vertex 129.698 1.5 36
      vertex 129.872 1.85195 0
      vertex 129.872 1.85195 36
    endloop
  endfacet
  facet normal 0.89643 -0.443185 0
    outer loop
      vertex 129.872 1.85195 0
      vertex 129.698 1.5 36
      vertex 129.698 1.5 0
    endloop
  endfacet
  facet normal 0.195379 0.980728 -0
    outer loop
      vertex 127.876 50.6978 0
      vertex 127.492 50.7743 36
      vertex 127.876 50.6978 36
    endloop
  endfacet
  facet normal 0.195379 0.980728 0
    outer loop
      vertex 127.492 50.7743 36
      vertex 127.876 50.6978 0
      vertex 127.492 50.7743 0
    endloop
  endfacet
  facet normal -0.0654906 0.997853 0
    outer loop
      vertex 3 50.8 0
      vertex 2.60842 50.7743 36
      vertex 3 50.8 36
    endloop
  endfacet
  facet normal -0.0654906 0.997853 0
    outer loop
      vertex 2.60842 50.7743 36
      vertex 3 50.8 0
      vertex 2.60842 50.7743 0
    endloop
  endfacet
  facet normal 0.555877 0.831265 -0
    outer loop
      vertex 128.926 50.1801 0
      vertex 128.6 50.3981 36
      vertex 128.926 50.1801 36
    endloop
  endfacet
  facet normal 0.555877 0.831265 0
    outer loop
      vertex 128.6 50.3981 36
      vertex 128.926 50.1801 0
      vertex 128.6 50.3981 0
    endloop
  endfacet
  facet normal 0 0 1
    outer loop
      vertex 130.1 47.8 36
      vertex 127.687 47.0958 36
      vertex 127.7 46.9 36
    endloop
  endfacet
  facet normal 0 0 1
    outer loop
      vertex 128.248 50.5716 36
      vertex 127.649 47.2882 36
      vertex 127.687 47.0958 36
    endloop
  endfacet
  facet normal 0 0 1
    outer loop
      vertex 128.248 50.5716 36
      vertex 127.586 47.474 36
      vertex 127.649 47.2882 36
    endloop
  endfacet
  facet normal 0 0 1
    outer loop
      vertex 128.248 50.5716 36
      vertex 127.499 47.65 36
      vertex 127.586 47.474 36
    endloop
  endfacet
  facet normal 0 0 1
    outer loop
      vertex 126.774 48.2858 36
      vertex 127.876 50.6978 36
      vertex 127.492 50.7743 36
    endloop
  endfacet
  facet normal 0 0 1
    outer loop
      vertex 128.248 50.5716 36
      vertex 127.39 47.8131 36
      vertex 127.499 47.65 36
    endloop
  endfacet
  facet normal 0 0 1
    outer loop
      vertex 128.248 50.5716 36
      vertex 127.261 47.9607 36
      vertex 127.39 47.8131 36
    endloop
  endfacet
  facet normal 0 0 1
    outer loop
      vertex 128.248 50.5716 36
      vertex 127.113 48.09 36
      vertex 127.261 47.9607 36
    endloop
  endfacet
  facet normal 0 0 1
    outer loop
      vertex 126.774 48.2858 36
      vertex 127.492 50.7743 36
      vertex 127.1 50.8 36
    endloop
  endfacet
  facet normal 0 0 1
    outer loop
      vertex 128.248 50.5716 36
      vertex 126.95 48.199 36
      vertex 127.113 48.09 36
    endloop
  endfacet
  facet normal 0 0 1
    outer loop
      vertex 127.876 50.6978 36
      vertex 126.774 48.2858 36
      vertex 126.95 48.199 36
    endloop
  endfacet
  facet normal 0 0 1
    outer loop
      vertex 127.1 50.8 36
      vertex 126.588 48.3489 36
      vertex 126.774 48.2858 36
    endloop
  endfacet
  facet normal 0 0 1
    outer loop
      vertex 127.1 50.8 36
      vertex 126.396 48.3872 36
      vertex 126.588 48.3489 36
    endloop
  endfacet
  facet normal 0 0 1
    outer loop
      vertex 127.1 50.8 36
      vertex 126.2 48.4 36
      vertex 126.396 48.3872 36
    endloop
  endfacet
  facet normal -0 0 1
    outer loop
      vertex 80.45 50.8 36
      vertex 126.2 48.4 36
      vertex 127.1 50.8 36
    endloop
  endfacet
  facet normal 0 0 1
    outer loop
      vertex 126.2 48.4 36
      vertex 80.45 50.8 36
      vertex 80.45 48.4 36
    endloop
  endfacet
  facet normal 0 0 1
    outer loop
      vertex 127.687 47.0958 36
      vertex 130.1 47.8 36
      vertex 130.074 48.1916 36
    endloop
  endfacet
  facet normal 0 0 1
    outer loop
      vertex 127.687 47.0958 36
      vertex 130.074 48.1916 36
      vertex 129.998 48.5765 36
    endloop
  endfacet
  facet normal 0 0 1
    outer loop
      vertex 127.687 47.0958 36
      vertex 129.998 48.5765 36
      vertex 129.872 48.9481 36
    endloop
  endfacet
  facet normal 0 0 1
    outer loop
      vertex 127.687 47.0958 36
      vertex 129.872 48.9481 36
      vertex 129.698 49.3 36
    endloop
  endfacet
  facet normal 0 0 1
    outer loop
      vertex 127.687 47.0958 36
      vertex 129.698 49.3 36
      vertex 129.48 49.6263 36
    endloop
  endfacet
  facet normal 0 0 1
    outer loop
      vertex 127.687 47.0958 36
      vertex 129.48 49.6263 36
      vertex 129.221 49.9213 36
    endloop
  endfacet
  facet normal 0 0 1
    outer loop
      vertex 127.687 47.0958 36
      vertex 129.221 49.9213 36
      vertex 128.926 50.1801 36
    endloop
  endfacet
  facet normal 0 0 1
    outer loop
      vertex 127.687 47.0958 36
      vertex 128.926 50.1801 36
      vertex 128.6 50.3981 36
    endloop
  endfacet
  facet normal 0 0 1
    outer loop
      vertex 127.687 47.0958 36
      vertex 128.6 50.3981 36
      vertex 128.248 50.5716 36
    endloop
  endfacet
  facet normal 0 0 1
    outer loop
      vertex 126.95 48.199 36
      vertex 128.248 50.5716 36
      vertex 127.876 50.6978 36
    endloop
  endfacet
  facet normal 0 0 1
    outer loop
      vertex 130.1 47.8 36
      vertex 127.7 46.9 36
      vertex 130.1 28.3 36
    endloop
  endfacet
  facet normal 0 0 1
    outer loop
      vertex 130.1 28.3 36
      vertex 127.7 46.9 36
      vertex 127.7 28.3 36
    endloop
  endfacet
  facet normal 0 0 1
    outer loop
      vertex 62.05 50.8 36
      vertex 3.9 48.4 36
      vertex 62.05 48.4 36
    endloop
  endfacet
  facet normal -0 0 1
    outer loop
      vertex 3 50.8 36
      vertex 3.9 48.4 36
      vertex 62.05 50.8 36
    endloop
  endfacet
  facet normal 0 0 1
    outer loop
      vertex 3 50.8 36
      vertex 3.70421 48.3872 36
      vertex 3.9 48.4 36
    endloop
  endfacet
  facet normal 0 0 1
    outer loop
      vertex 3 50.8 36
      vertex 3.51177 48.3489 36
      vertex 3.70421 48.3872 36
    endloop
  endfacet
  facet normal 0 0 1
    outer loop
      vertex 3 50.8 36
      vertex 3.32597 48.2858 36
      vertex 3.51177 48.3489 36
    endloop
  endfacet
  facet normal -0 0 1
    outer loop
      vertex 2.60842 50.7743 36
      vertex 3.32597 48.2858 36
      vertex 3 50.8 36
    endloop
  endfacet
  facet normal -0 0 1
    outer loop
      vertex 2.22354 50.6978 36
      vertex 3.32597 48.2858 36
      vertex 2.60842 50.7743 36
    endloop
  endfacet
  facet normal 0 0 1
    outer loop
      vertex 3.32597 48.2858 36
      vertex 2.22354 50.6978 36
      vertex 3.15 48.199 36
    endloop
  endfacet
  facet normal -0 0 1
    outer loop
      vertex 1.85195 50.5716 36
      vertex 3.15 48.199 36
      vertex 2.22354 50.6978 36
    endloop
  endfacet
  facet normal 0 0 1
    outer loop
      vertex 3.15 48.199 36
      vertex 1.85195 50.5716 36
      vertex 2.98686 48.09 36
    endloop
  endfacet
  facet normal -0 0 1
    outer loop
      vertex 1.5 50.3981 36
      vertex 2.98686 48.09 36
      vertex 1.85195 50.5716 36
    endloop
  endfacet
  facet normal -0 0 1
    outer loop
      vertex 1.17372 50.1801 36
      vertex 2.98686 48.09 36
      vertex 1.5 50.3981 36
    endloop
  endfacet
  facet normal 0 0 1
    outer loop
      vertex 2.98686 48.09 36
      vertex 1.17372 50.1801 36
      vertex 2.83934 47.9607 36
    endloop
  endfacet
  facet normal -0 0 1
    outer loop
      vertex 0.878679 49.9213 36
      vertex 2.83934 47.9607 36
      vertex 1.17372 50.1801 36
    endloop
  endfacet
  facet normal -0 0 1
    outer loop
      vertex 0.61994 49.6263 36
      vertex 2.83934 47.9607 36
      vertex 0.878679 49.9213 36
    endloop
  endfacet
  facet normal -0 0 1
    outer loop
      vertex 0.401923 49.3 36
      vertex 2.70997 47.8131 36
      vertex 0.61994 49.6263 36
    endloop
  endfacet
  facet normal 0 0 1
    outer loop
      vertex 2.83934 47.9607 36
      vertex 0.61994 49.6263 36
      vertex 2.70997 47.8131 36
    endloop
  endfacet
  facet normal -0 0 1
    outer loop
      vertex 127.7 3.9 36
      vertex 130.1 3 36
      vertex 130.1 22.5 36
    endloop
  endfacet
  facet normal -0 0 1
    outer loop
      vertex 127.687 3.70421 36
      vertex 130.1 3 36
      vertex 127.7 3.9 36
    endloop
  endfacet
  facet normal -0 0 1
    outer loop
      vertex 127.649 3.51177 36
      vertex 130.1 3 36
      vertex 127.687 3.70421 36
    endloop
  endfacet
  facet normal -0 0 1
    outer loop
      vertex 127.586 3.32597 36
      vertex 130.1 3 36
      vertex 127.649 3.51177 36
    endloop
  endfacet
  facet normal 0 0 1
    outer loop
      vertex 130.1 3 36
      vertex 127.586 3.32597 36
      vertex 130.074 2.60842 36
    endloop
  endfacet
  facet normal 0 0 1
    outer loop
      vertex 130.074 2.60842 36
      vertex 127.586 3.32597 36
      vertex 129.998 2.22354 36
    endloop
  endfacet
  facet normal -0 0 1
    outer loop
      vertex 127.499 3.15 36
      vertex 129.998 2.22354 36
      vertex 127.586 3.32597 36
    endloop
  endfacet
  facet normal 0 0 1
    outer loop
      vertex 129.998 2.22354 36
      vertex 127.499 3.15 36
      vertex 129.872 1.85195 36
    endloop
  endfacet
  facet normal -0 0 1
    outer loop
      vertex 127.39 2.98686 36
      vertex 129.872 1.85195 36
      vertex 127.499 3.15 36
    endloop
  endfacet
  facet normal 0 0 1
    outer loop
      vertex 129.872 1.85195 36
      vertex 127.39 2.98686 36
      vertex 129.698 1.5 36
    endloop
  endfacet
  facet normal 0 0 1
    outer loop
      vertex 127.7 3.9 36
      vertex 130.1 22.5 36
      vertex 127.7 22.5 36
    endloop
  endfacet
  facet normal 0 0 1
    outer loop
      vertex 129.698 1.5 36
      vertex 127.39 2.98686 36
      vertex 129.48 1.17372 36
    endloop
  endfacet
  facet normal -0 0 1
    outer loop
      vertex 127.261 2.83934 36
      vertex 129.48 1.17372 36
      vertex 127.39 2.98686 36
    endloop
  endfacet
  facet normal 0 0 1
    outer loop
      vertex 129.48 1.17372 36
      vertex 127.261 2.83934 36
      vertex 129.221 0.878679 36
    endloop
  endfacet
  facet normal 0 0 1
    outer loop
      vertex 129.221 0.878679 36
      vertex 127.261 2.83934 36
      vertex 128.926 0.61994 36
    endloop
  endfacet
  facet normal -0 0 1
    outer loop
      vertex 127.113 2.70997 36
      vertex 128.926 0.61994 36
      vertex 127.261 2.83934 36
    endloop
  endfacet
  facet normal 0 0 1
    outer loop
      vertex 128.926 0.61994 36
      vertex 127.113 2.70997 36
      vertex 128.6 0.401923 36
    endloop
  endfacet
  facet normal 0 0 1
    outer loop
      vertex 128.6 0.401923 36
      vertex 127.113 2.70997 36
      vertex 128.248 0.228361 36
    endloop
  endfacet
  facet normal -0 0 1
    outer loop
      vertex 126.95 2.60096 36
      vertex 128.248 0.228361 36
      vertex 127.113 2.70997 36
    endloop
  endfacet
  facet normal 0 0 1
    outer loop
      vertex 128.248 0.228361 36
      vertex 126.95 2.60096 36
      vertex 127.876 0.102222 36
    endloop
  endfacet
  facet normal -0 0 1
    outer loop
      vertex 126.774 2.51418 36
      vertex 127.876 0.102222 36
      vertex 126.95 2.60096 36
    endloop
  endfacet
  facet normal 0 0 1
    outer loop
      vertex 127.876 0.102222 36
      vertex 126.774 2.51418 36
      vertex 127.492 0.0256653 36
    endloop
  endfacet
  facet normal 0 0 1
    outer loop
      vertex 127.492 0.0256653 36
      vertex 126.774 2.51418 36
      vertex 127.1 0 36
    endloop
  endfacet
  facet normal -0 0 1
    outer loop
      vertex 126.588 2.45111 36
      vertex 127.1 0 36
      vertex 126.774 2.51418 36
    endloop
  endfacet
  facet normal -0 0 1
    outer loop
      vertex 126.396 2.41283 36
      vertex 127.1 0 36
      vertex 126.588 2.45111 36
    endloop
  endfacet
  facet normal -0 0 1
    outer loop
      vertex 126.2 2.4 36
      vertex 127.1 0 36
      vertex 126.396 2.41283 36
    endloop
  endfacet
  facet normal -0 0 1
    outer loop
      vertex 3.9 2.4 36
      vertex 127.1 0 36
      vertex 126.2 2.4 36
    endloop
  endfacet
  facet normal 0 0 1
    outer loop
      vertex 3.9 2.4 36
      vertex 3 0 36
      vertex 127.1 0 36
    endloop
  endfacet
  facet normal 0 0 1
    outer loop
      vertex 3.70421 2.41283 36
      vertex 3 0 36
      vertex 3.9 2.4 36
    endloop
  endfacet
  facet normal 0 0 1
    outer loop
      vertex 3.51177 2.45111 36
      vertex 3 0 36
      vertex 3.70421 2.41283 36
    endloop
  endfacet
  facet normal 0 0 1
    outer loop
      vertex 3.32597 2.51418 36
      vertex 3 0 36
      vertex 3.51177 2.45111 36
    endloop
  endfacet
  facet normal 0 0 1
    outer loop
      vertex 2.22354 0.102222 36
      vertex 3.32597 2.51418 36
      vertex 3.15 2.60096 36
    endloop
  endfacet
  facet normal 0 0 1
    outer loop
      vertex 1.85195 0.228361 36
      vertex 3.15 2.60096 36
      vertex 2.98686 2.70997 36
    endloop
  endfacet
  facet normal 0 0 1
    outer loop
      vertex 1.17372 0.61994 36
      vertex 2.98686 2.70997 36
      vertex 2.83934 2.83934 36
    endloop
  endfacet
  facet normal 0 0 1
    outer loop
      vertex 0.61994 1.17372 36
      vertex 2.83934 2.83934 36
      vertex 2.70997 2.98686 36
    endloop
  endfacet
  facet normal 0 0 1
    outer loop
      vertex 3.32597 2.51418 36
      vertex 2.60842 0.0256653 36
      vertex 3 0 36
    endloop
  endfacet
  facet normal 0 0 1
    outer loop
      vertex 0.228361 1.85195 36
      vertex 2.70997 2.98686 36
      vertex 2.60096 3.15 36
    endloop
  endfacet
  facet normal 0 0 1
    outer loop
      vertex 0.102222 2.22354 36
      vertex 2.60096 3.15 36
      vertex 2.51418 3.32597 36
    endloop
  endfacet
  facet normal 0 0 1
    outer loop
      vertex 0 3 36
      vertex 2.51418 3.32597 36
      vertex 2.45111 3.51177 36
    endloop
  endfacet
  facet normal 0 0 1
    outer loop
      vertex 0 3 36
      vertex 2.45111 3.51177 36
      vertex 2.41283 3.70421 36
    endloop
  endfacet
  facet normal 0 0 1
    outer loop
      vertex 0 3 36
      vertex 2.41283 3.70421 36
      vertex 2.4 3.9 36
    endloop
  endfacet
  facet normal 0 0 1
    outer loop
      vertex 3.32597 2.51418 36
      vertex 2.22354 0.102222 36
      vertex 2.60842 0.0256653 36
    endloop
  endfacet
  facet normal 0 0 1
    outer loop
      vertex 2.4 46.9 36
      vertex 0 47.8 36
      vertex 2.4 3.9 36
    endloop
  endfacet
  facet normal -0 0 1
    outer loop
      vertex 0.228361 48.9481 36
      vertex 2.70997 47.8131 36
      vertex 0.401923 49.3 36
    endloop
  endfacet
  facet normal 0 0 1
    outer loop
      vertex 0 3 36
      vertex 2.4 3.9 36
      vertex 0 47.8 36
    endloop
  endfacet
  facet normal 0 0 1
    outer loop
      vertex 2.70997 47.8131 36
      vertex 0.228361 48.9481 36
      vertex 2.60096 47.65 36
    endloop
  endfacet
  facet normal 0 0 1
    outer loop
      vertex 2.51418 3.32597 36
      vertex 0 3 36
      vertex 0.0256653 2.60842 36
    endloop
  endfacet
  facet normal -0 0 1
    outer loop
      vertex 0.102222 48.5765 36
      vertex 2.60096 47.65 36
      vertex 0.228361 48.9481 36
    endloop
  endfacet
  facet normal 0 0 1
    outer loop
      vertex 3.15 2.60096 36
      vertex 1.85195 0.228361 36
      vertex 2.22354 0.102222 36
    endloop
  endfacet
  facet normal 0 0 1
    outer loop
      vertex 2.60096 47.65 36
      vertex 0.102222 48.5765 36
      vertex 2.51418 47.474 36
    endloop
  endfacet
  facet normal 0 0 1
    outer loop
      vertex 2.98686 2.70997 36
      vertex 1.5 0.401923 36
      vertex 1.85195 0.228361 36
    endloop
  endfacet
  facet normal -0 0 1
    outer loop
      vertex 0.0256653 48.1916 36
      vertex 2.51418 47.474 36
      vertex 0.102222 48.5765 36
    endloop
  endfacet
  facet normal 0 0 1
    outer loop
      vertex 2.98686 2.70997 36
      vertex 1.17372 0.61994 36
      vertex 1.5 0.401923 36
    endloop
  endfacet
  facet normal -0 0 1
    outer loop
      vertex 0 47.8 36
      vertex 2.51418 47.474 36
      vertex 0.0256653 48.1916 36
    endloop
  endfacet
  facet normal 0 0 1
    outer loop
      vertex 2.83934 2.83934 36
      vertex 0.878679 0.878679 36
      vertex 1.17372 0.61994 36
    endloop
  endfacet
  facet normal 0 0 1
    outer loop
      vertex 2.51418 47.474 36
      vertex 0 47.8 36
      vertex 2.45111 47.2882 36
    endloop
  endfacet
  facet normal 0 0 1
    outer loop
      vertex 2.83934 2.83934 36
      vertex 0.61994 1.17372 36
      vertex 0.878679 0.878679 36
    endloop
  endfacet
  facet normal 0 0 1
    outer loop
      vertex 2.45111 47.2882 36
      vertex 0 47.8 36
      vertex 2.41283 47.0958 36
    endloop
  endfacet
  facet normal 0 0 1
    outer loop
      vertex 2.70997 2.98686 36
      vertex 0.401923 1.5 36
      vertex 0.61994 1.17372 36
    endloop
  endfacet
  facet normal 0 0 1
    outer loop
      vertex 2.41283 47.0958 36
      vertex 0 47.8 36
      vertex 2.4 46.9 36
    endloop
  endfacet
  facet normal 0 0 1
    outer loop
      vertex 2.70997 2.98686 36
      vertex 0.228361 1.85195 36
      vertex 0.401923 1.5 36
    endloop
  endfacet
  facet normal 0 0 1
    outer loop
      vertex 2.60096 3.15 36
      vertex 0.102222 2.22354 36
      vertex 0.228361 1.85195 36
    endloop
  endfacet
  facet normal 0 0 1
    outer loop
      vertex 2.51418 3.32597 36
      vertex 0.0256653 2.60842 36
      vertex 0.102222 2.22354 36
    endloop
  endfacet
  facet normal -0 0 1
    outer loop
      vertex 68.35 50.8 36
      vertex 75.15 48.4 36
      vertex 75.15 50.8 36
    endloop
  endfacet
  facet normal 0 0 1
    outer loop
      vertex 75.15 48.4 36
      vertex 68.35 50.8 36
      vertex 68.35 48.4 36
    endloop
  endfacet
  facet normal 0.0653328 -0.997864 0
    outer loop
      vertex 127.1 0 0
      vertex 127.492 0.0256653 36
      vertex 127.1 0 36
    endloop
  endfacet
  facet normal 0.0653328 -0.997864 0
    outer loop
      vertex 127.492 0.0256653 36
      vertex 127.1 0 0
      vertex 127.492 0.0256653 0
    endloop
  endfacet
  facet normal -0.980788 0.195079 0
    outer loop
      vertex 0.0256653 48.1916 0
      vertex 0.102222 48.5765 36
      vertex 0.102222 48.5765 0
    endloop
  endfacet
  facet normal -0.980788 0.195079 0
    outer loop
      vertex 0.102222 48.5765 36
      vertex 0.0256653 48.1916 0
      vertex 0.0256653 48.1916 36
    endloop
  endfacet
  facet normal -0.659339 -0.751846 0
    outer loop
      vertex 0.878679 0.878679 0
      vertex 1.17372 0.61994 36
      vertex 0.878679 0.878679 36
    endloop
  endfacet
  facet normal -0.659339 -0.751846 -0
    outer loop
      vertex 1.17372 0.61994 36
      vertex 0.878679 0.878679 0
      vertex 1.17372 0.61994 0
    endloop
  endfacet
  facet normal 0.831485 -0.555547 0
    outer loop
      vertex 129.48 1.17372 36
      vertex 129.698 1.5 0
      vertex 129.698 1.5 36
    endloop
  endfacet
  facet normal 0.831485 -0.555547 0
    outer loop
      vertex 129.698 1.5 0
      vertex 129.48 1.17372 36
      vertex 129.48 1.17372 0
    endloop
  endfacet
  facet normal -0.997859 0.0653993 0
    outer loop
      vertex 0 47.8 0
      vertex 0.0256653 48.1916 36
      vertex 0.0256653 48.1916 0
    endloop
  endfacet
  facet normal -0.997859 0.0653993 0
    outer loop
      vertex 0.0256653 48.1916 36
      vertex 0 47.8 0
      vertex 0 47.8 36
    endloop
  endfacet
  facet normal -0.0654026 -0.997859 0
    outer loop
      vertex 2.60842 0.0256653 0
      vertex 3 0 36
      vertex 2.60842 0.0256653 36
    endloop
  endfacet
  facet normal -0.0654026 -0.997859 -0
    outer loop
      vertex 3 0 36
      vertex 2.60842 0.0256653 0
      vertex 3 0 0
    endloop
  endfacet
  facet normal 0.947037 -0.321125 0
    outer loop
      vertex 129.872 1.85195 36
      vertex 129.998 2.22354 0
      vertex 129.998 2.22354 36
    endloop
  endfacet
  facet normal 0.947037 -0.321125 0
    outer loop
      vertex 129.998 2.22354 0
      vertex 129.872 1.85195 36
      vertex 129.872 1.85195 0
    endloop
  endfacet
  facet normal 0.442237 -0.896898 0
    outer loop
      vertex 128.248 0.228361 0
      vertex 128.6 0.401923 36
      vertex 128.248 0.228361 36
    endloop
  endfacet
  facet normal 0.442237 -0.896898 0
    outer loop
      vertex 128.6 0.401923 36
      vertex 128.248 0.228361 0
      vertex 128.6 0.401923 0
    endloop
  endfacet
  facet normal -0.751801 0.65939 0
    outer loop
      vertex 0.61994 49.6263 0
      vertex 0.878679 49.9213 36
      vertex 0.878679 49.9213 0
    endloop
  endfacet
  facet normal -0.751801 0.65939 0
    outer loop
      vertex 0.878679 49.9213 36
      vertex 0.61994 49.6263 0
      vertex 0.61994 49.6263 36
    endloop
  endfacet
  facet normal 0.555906 -0.831245 0
    outer loop
      vertex 128.6 0.401923 0
      vertex 128.926 0.61994 36
      vertex 128.6 0.401923 36
    endloop
  endfacet
  facet normal 0.555906 -0.831245 0
    outer loop
      vertex 128.926 0.61994 36
      vertex 128.6 0.401923 0
      vertex 128.926 0.61994 0
    endloop
  endfacet
  facet normal -0.555577 -0.831465 0
    outer loop
      vertex 1.17372 0.61994 0
      vertex 1.5 0.401923 36
      vertex 1.17372 0.61994 36
    endloop
  endfacet
  facet normal -0.555577 -0.831465 -0
    outer loop
      vertex 1.5 0.401923 36
      vertex 1.17372 0.61994 0
      vertex 1.5 0.401923 0
    endloop
  endfacet
  facet normal -0.946932 0.321434 0
    outer loop
      vertex 0.102222 48.5765 0
      vertex 0.228361 48.9481 36
      vertex 0.228361 48.9481 0
    endloop
  endfacet
  facet normal -0.946932 0.321434 0
    outer loop
      vertex 0.228361 48.9481 36
      vertex 0.102222 48.5765 0
      vertex 0.102222 48.5765 36
    endloop
  endfacet
  facet normal -0.659426 0.751769 0
    outer loop
      vertex 1.17372 50.1801 0
      vertex 0.878679 49.9213 36
      vertex 1.17372 50.1801 36
    endloop
  endfacet
  facet normal -0.659426 0.751769 0
    outer loop
      vertex 0.878679 49.9213 36
      vertex 1.17372 50.1801 0
      vertex 0.878679 49.9213 0
    endloop
  endfacet
  facet normal -0.997859 -0.0654026 0
    outer loop
      vertex 0.0256653 2.60842 0
      vertex 0 3 36
      vertex 0 3 0
    endloop
  endfacet
  facet normal -0.997859 -0.0654026 0
    outer loop
      vertex 0 3 36
      vertex 0.0256653 2.60842 0
      vertex 0.0256653 2.60842 36
    endloop
  endfacet
  facet normal -0.321442 -0.946929 0
    outer loop
      vertex 1.85195 0.228361 0
      vertex 2.22354 0.102222 36
      vertex 1.85195 0.228361 36
    endloop
  endfacet
  facet normal -0.321442 -0.946929 -0
    outer loop
      vertex 2.22354 0.102222 36
      vertex 1.85195 0.228361 0
      vertex 2.22354 0.102222 0
    endloop
  endfacet
  facet normal 0.321124 -0.947037 0
    outer loop
      vertex 127.876 0.102222 0
      vertex 128.248 0.228361 36
      vertex 127.876 0.102222 36
    endloop
  endfacet
  facet normal 0.321124 -0.947037 0
    outer loop
      vertex 128.248 0.228361 36
      vertex 127.876 0.102222 0
      vertex 128.248 0.228361 0
    endloop
  endfacet
  facet normal -0.946929 -0.321442 0
    outer loop
      vertex 0.228361 1.85195 0
      vertex 0.102222 2.22354 36
      vertex 0.102222 2.22354 0
    endloop
  endfacet
  facet normal -0.946929 -0.321442 0
    outer loop
      vertex 0.102222 2.22354 36
      vertex 0.228361 1.85195 0
      vertex 0.228361 1.85195 36
    endloop
  endfacet
  facet normal 0.997803 -0.0662518 0
    outer loop
      vertex 130.074 2.60842 36
      vertex 130.1 3 0
      vertex 130.1 3 36
    endloop
  endfacet
  facet normal 0.997803 -0.0662518 0
    outer loop
      vertex 130.1 3 0
      vertex 130.074 2.60842 36
      vertex 130.074 2.60842 0
    endloop
  endfacet
  facet normal -0.831465 -0.555577 0
    outer loop
      vertex 0.61994 1.17372 0
      vertex 0.401923 1.5 36
      vertex 0.401923 1.5 0
    endloop
  endfacet
  facet normal -0.831465 -0.555577 0
    outer loop
      vertex 0.401923 1.5 36
      vertex 0.61994 1.17372 0
      vertex 0.61994 1.17372 36
    endloop
  endfacet
  facet normal 0 0.896944 0.442144
    outer loop
      vertex 130.1 22.8885 26.55
      vertex 127.7 22.7208 26.8902
      vertex 130.1 22.7208 26.8902
    endloop
  endfacet
  facet normal 0 0.896944 0.442144
    outer loop
      vertex 127.7 22.7208 26.8902
      vertex 130.1 22.8885 26.55
      vertex 127.7 22.8885 26.55
    endloop
  endfacet
  facet normal 0 -0.980793 0.195052
    outer loop
      vertex 127.7 28.2012 27.2494
      vertex 130.1 28.2752 27.6215
      vertex 127.7 28.2752 27.6215
    endloop
  endfacet
  facet normal 0 -0.980793 0.195052
    outer loop
      vertex 130.1 28.2752 27.6215
      vertex 127.7 28.2012 27.2494
      vertex 130.1 28.2012 27.2494
    endloop
  endfacet
  facet normal 0 0.99786 0.0653816
    outer loop
      vertex 130.1 22.5248 27.6215
      vertex 127.7 22.5 28
      vertex 130.1 22.5 28
    endloop
  endfacet
  facet normal 0 0.99786 0.0653816
    outer loop
      vertex 127.7 22.5 28
      vertex 130.1 22.5248 27.6215
      vertex 127.7 22.5248 27.6215
    endloop
  endfacet
  facet normal 0 -0.751858 0.659325
    outer loop
      vertex 127.7 27.4506 25.9494
      vertex 130.1 27.7007 26.2346
      vertex 127.7 27.7007 26.2346
    endloop
  endfacet
  facet normal 0 -0.751858 0.659325
    outer loop
      vertex 130.1 27.7007 26.2346
      vertex 127.7 27.4506 25.9494
      vertex 130.1 27.4506 25.9494
    endloop
  endfacet
  facet normal 0 -0.442144 0.896944
    outer loop
      vertex 127.7 26.85 25.4885
      vertex 130.1 26.5098 25.3208
      vertex 130.1 26.85 25.4885
    endloop
  endfacet
  facet normal 0 -0.442144 0.896944
    outer loop
      vertex 130.1 26.5098 25.3208
      vertex 127.7 26.85 25.4885
      vertex 127.7 26.5098 25.3208
    endloop
  endfacet
  facet normal 0 -0.195052 0.980793
    outer loop
      vertex 127.7 26.1506 25.1988
      vertex 130.1 25.7785 25.1248
      vertex 130.1 26.1506 25.1988
    endloop
  endfacet
  facet normal 0 -0.195052 0.980793
    outer loop
      vertex 130.1 25.7785 25.1248
      vertex 127.7 26.1506 25.1988
      vertex 127.7 25.7785 25.1248
    endloop
  endfacet
  facet normal 0 -0.831401 0.555673
    outer loop
      vertex 127.7 27.7007 26.2346
      vertex 130.1 27.9115 26.55
      vertex 127.7 27.9115 26.55
    endloop
  endfacet
  facet normal 0 -0.831401 0.555673
    outer loop
      vertex 130.1 27.9115 26.55
      vertex 127.7 27.7007 26.2346
      vertex 130.1 27.7007 26.2346
    endloop
  endfacet
  facet normal 0 -0.99786 0.0653816
    outer loop
      vertex 127.7 28.2752 27.6215
      vertex 130.1 28.3 28
      vertex 127.7 28.3 28
    endloop
  endfacet
  facet normal 0 -0.99786 0.0653816
    outer loop
      vertex 130.1 28.3 28
      vertex 127.7 28.2752 27.6215
      vertex 130.1 28.2752 27.6215
    endloop
  endfacet
  facet normal 0 -0.3216 0.946876
    outer loop
      vertex 127.7 26.5098 25.3208
      vertex 130.1 26.1506 25.1988
      vertex 130.1 26.5098 25.3208
    endloop
  endfacet
  facet normal 0 -0.3216 0.946876
    outer loop
      vertex 130.1 26.1506 25.1988
      vertex 127.7 26.5098 25.3208
      vertex 127.7 26.1506 25.1988
    endloop
  endfacet
  facet normal 0 0.751858 0.659325
    outer loop
      vertex 130.1 23.3494 25.9494
      vertex 127.7 23.0993 26.2346
      vertex 130.1 23.0993 26.2346
    endloop
  endfacet
  facet normal 0 0.751858 0.659325
    outer loop
      vertex 127.7 23.0993 26.2346
      vertex 130.1 23.3494 25.9494
      vertex 127.7 23.3494 25.9494
    endloop
  endfacet
  facet normal 0 -0.659325 0.751858
    outer loop
      vertex 127.7 27.4506 25.9494
      vertex 130.1 27.1654 25.6993
      vertex 130.1 27.4506 25.9494
    endloop
  endfacet
  facet normal 0 -0.659325 0.751858
    outer loop
      vertex 130.1 27.1654 25.6993
      vertex 127.7 27.4506 25.9494
      vertex 127.7 27.1654 25.6993
    endloop
  endfacet
  facet normal 0 -0.0653816 0.99786
    outer loop
      vertex 127.7 25.7785 25.1248
      vertex 130.1 25.4 25.1
      vertex 130.1 25.7785 25.1248
    endloop
  endfacet
  facet normal 0 -0.0653816 0.99786
    outer loop
      vertex 130.1 25.4 25.1
      vertex 127.7 25.7785 25.1248
      vertex 127.7 25.4 25.1
    endloop
  endfacet
  facet normal -0 0.442144 0.896944
    outer loop
      vertex 127.7 24.2902 25.3208
      vertex 130.1 23.95 25.4885
      vertex 130.1 24.2902 25.3208
    endloop
  endfacet
  facet normal 0 0.442144 0.896944
    outer loop
      vertex 130.1 23.95 25.4885
      vertex 127.7 24.2902 25.3208
      vertex 127.7 23.95 25.4885
    endloop
  endfacet
  facet normal 0 0.946876 0.3216
    outer loop
      vertex 130.1 22.7208 26.8902
      vertex 127.7 22.5988 27.2494
      vertex 130.1 22.5988 27.2494
    endloop
  endfacet
  facet normal 0 0.946876 0.3216
    outer loop
      vertex 127.7 22.5988 27.2494
      vertex 130.1 22.7208 26.8902
      vertex 127.7 22.7208 26.8902
    endloop
  endfacet
  facet normal 0 -0.946956 0.321364
    outer loop
      vertex 127.7 28.0793 26.8902
      vertex 130.1 28.2012 27.2494
      vertex 127.7 28.2012 27.2494
    endloop
  endfacet
  facet normal 0 -0.946956 0.321364
    outer loop
      vertex 130.1 28.2012 27.2494
      vertex 127.7 28.0793 26.8902
      vertex 130.1 28.0793 26.8902
    endloop
  endfacet
  facet normal -0 0.555673 0.831401
    outer loop
      vertex 127.7 23.95 25.4885
      vertex 130.1 23.6346 25.6993
      vertex 130.1 23.95 25.4885
    endloop
  endfacet
  facet normal 0 0.555673 0.831401
    outer loop
      vertex 130.1 23.6346 25.6993
      vertex 127.7 23.95 25.4885
      vertex 127.7 23.6346 25.6993
    endloop
  endfacet
  facet normal -0 0.195052 0.980793
    outer loop
      vertex 127.7 25.0215 25.1248
      vertex 130.1 24.6494 25.1988
      vertex 130.1 25.0215 25.1248
    endloop
  endfacet
  facet normal 0 0.195052 0.980793
    outer loop
      vertex 130.1 24.6494 25.1988
      vertex 127.7 25.0215 25.1248
      vertex 127.7 24.6494 25.1988
    endloop
  endfacet
  facet normal -0 0.0653816 0.99786
    outer loop
      vertex 127.7 25.4 25.1
      vertex 130.1 25.0215 25.1248
      vertex 130.1 25.4 25.1
    endloop
  endfacet
  facet normal 0 0.0653816 0.99786
    outer loop
      vertex 130.1 25.0215 25.1248
      vertex 127.7 25.4 25.1
      vertex 127.7 25.0215 25.1248
    endloop
  endfacet
  facet normal 0 0.831401 0.555673
    outer loop
      vertex 130.1 23.0993 26.2346
      vertex 127.7 22.8885 26.55
      vertex 130.1 22.8885 26.55
    endloop
  endfacet
  facet normal 0 0.831401 0.555673
    outer loop
      vertex 127.7 22.8885 26.55
      vertex 130.1 23.0993 26.2346
      vertex 127.7 23.0993 26.2346
    endloop
  endfacet
  facet normal 0 -0.555673 0.831401
    outer loop
      vertex 127.7 27.1654 25.6993
      vertex 130.1 26.85 25.4885
      vertex 130.1 27.1654 25.6993
    endloop
  endfacet
  facet normal 0 -0.555673 0.831401
    outer loop
      vertex 130.1 26.85 25.4885
      vertex 127.7 27.1654 25.6993
      vertex 127.7 26.85 25.4885
    endloop
  endfacet
  facet normal 0 0.980793 0.195052
    outer loop
      vertex 130.1 22.5988 27.2494
      vertex 127.7 22.5248 27.6215
      vertex 130.1 22.5248 27.6215
    endloop
  endfacet
  facet normal 0 0.980793 0.195052
    outer loop
      vertex 127.7 22.5248 27.6215
      vertex 130.1 22.5988 27.2494
      vertex 127.7 22.5988 27.2494
    endloop
  endfacet
  facet normal 0 -0.896839 0.442356
    outer loop
      vertex 127.7 27.9115 26.55
      vertex 130.1 28.0793 26.8902
      vertex 127.7 28.0793 26.8902
    endloop
  endfacet
  facet normal 0 -0.896839 0.442356
    outer loop
      vertex 130.1 28.0793 26.8902
      vertex 127.7 27.9115 26.55
      vertex 130.1 27.9115 26.55
    endloop
  endfacet
  facet normal -0 0.3216 0.946876
    outer loop
      vertex 127.7 24.6494 25.1988
      vertex 130.1 24.2902 25.3208
      vertex 130.1 24.6494 25.1988
    endloop
  endfacet
  facet normal 0 0.3216 0.946876
    outer loop
      vertex 130.1 24.2902 25.3208
      vertex 127.7 24.6494 25.1988
      vertex 127.7 24.2902 25.3208
    endloop
  endfacet
  facet normal -0 0.659325 0.751858
    outer loop
      vertex 127.7 23.6346 25.6993
      vertex 130.1 23.3494 25.9494
      vertex 130.1 23.6346 25.6993
    endloop
  endfacet
  facet normal 0 0.659325 0.751858
    outer loop
      vertex 130.1 23.3494 25.9494
      vertex 127.7 23.6346 25.6993
      vertex 127.7 23.3494 25.9494
    endloop
  endfacet
  facet normal 0 -1 0
    outer loop
      vertex 127.7 28.3 28
      vertex 130.1 28.3 36
      vertex 127.7 28.3 36
    endloop
  endfacet
  facet normal 0 -1 -0
    outer loop
      vertex 130.1 28.3 36
      vertex 127.7 28.3 28
      vertex 130.1 28.3 28
    endloop
  endfacet
  facet normal 0 1 -0
    outer loop
      vertex 130.1 22.5 28
      vertex 127.7 22.5 36
      vertex 130.1 22.5 36
    endloop
  endfacet
  facet normal 0 1 0
    outer loop
      vertex 127.7 22.5 36
      vertex 130.1 22.5 28
      vertex 127.7 22.5 28
    endloop
  endfacet
  facet normal 0.980823 -0 0.194902
    outer loop
      vertex 62.077 48.4 27.5888
      vertex 62.1573 50.8 27.1847
      vertex 62.077 50.8 27.5888
    endloop
  endfacet
  facet normal 0.980823 0 0.194902
    outer loop
      vertex 62.1573 50.8 27.1847
      vertex 62.077 48.4 27.5888
      vertex 62.1573 48.4 27.1847
    endloop
  endfacet
  facet normal -0.946897 0 0.321537
    outer loop
      vertex 68.1102 48.4 26.7945
      vertex 68.2427 50.8 27.1847
      vertex 68.1102 50.8 26.7945
    endloop
  endfacet
  facet normal -0.946897 0 0.321537
    outer loop
      vertex 68.2427 50.8 27.1847
      vertex 68.1102 48.4 26.7945
      vertex 68.2427 48.4 27.1847
    endloop
  endfacet
  facet normal -0.195136 0 0.980776
    outer loop
      vertex 65.6112 50.8 24.8769
      vertex 66.0153 48.4 24.9573
      vertex 66.0153 50.8 24.9573
    endloop
  endfacet
  facet normal -0.195136 0 0.980776
    outer loop
      vertex 66.0153 48.4 24.9573
      vertex 65.6112 50.8 24.8769
      vertex 65.6112 48.4 24.8769
    endloop
  endfacet
  facet normal 0.0652788 0 0.997867
    outer loop
      vertex 64.7888 50.8 24.8769
      vertex 65.2 48.4 24.85
      vertex 65.2 50.8 24.85
    endloop
  endfacet
  facet normal 0.0652788 0 0.997867
    outer loop
      vertex 65.2 48.4 24.85
      vertex 64.7888 50.8 24.8769
      vertex 64.7888 48.4 24.8769
    endloop
  endfacet
  facet normal -0.896889 0 0.442255
    outer loop
      vertex 67.928 48.4 26.425
      vertex 68.1102 50.8 26.7945
      vertex 67.928 50.8 26.425
    endloop
  endfacet
  facet normal -0.896889 0 0.442255
    outer loop
      vertex 68.1102 50.8 26.7945
      vertex 67.928 48.4 26.425
      vertex 68.1102 48.4 26.7945
    endloop
  endfacet
  facet normal -0.83149 0 0.55554
    outer loop
      vertex 67.6991 48.4 26.0824
      vertex 67.928 50.8 26.425
      vertex 67.6991 50.8 26.0824
    endloop
  endfacet
  facet normal -0.83149 0 0.55554
    outer loop
      vertex 67.928 50.8 26.425
      vertex 67.6991 48.4 26.0824
      vertex 67.928 48.4 26.425
    endloop
  endfacet
  facet normal 0.659363 0 0.751825
    outer loop
      vertex 62.9726 50.8 25.7726
      vertex 63.2824 48.4 25.5009
      vertex 63.2824 50.8 25.5009
    endloop
  endfacet
  facet normal 0.659363 0 0.751825
    outer loop
      vertex 63.2824 48.4 25.5009
      vertex 62.9726 50.8 25.7726
      vertex 62.9726 48.4 25.7726
    endloop
  endfacet
  facet normal 0.997851 -0 0.0655204
    outer loop
      vertex 62.05 48.4 28
      vertex 62.077 50.8 27.5888
      vertex 62.05 50.8 28
    endloop
  endfacet
  facet normal 0.997851 0 0.0655204
    outer loop
      vertex 62.077 50.8 27.5888
      vertex 62.05 48.4 28
      vertex 62.077 48.4 27.5888
    endloop
  endfacet
  facet normal 0.442255 0 0.896889
    outer loop
      vertex 63.625 50.8 25.272
      vertex 63.9945 48.4 25.0898
      vertex 63.9945 50.8 25.0898
    endloop
  endfacet
  facet normal 0.442255 0 0.896889
    outer loop
      vertex 63.9945 48.4 25.0898
      vertex 63.625 50.8 25.272
      vertex 63.625 48.4 25.272
    endloop
  endfacet
  facet normal -0.0652788 0 0.997867
    outer loop
      vertex 65.2 50.8 24.85
      vertex 65.6112 48.4 24.8769
      vertex 65.6112 50.8 24.8769
    endloop
  endfacet
  facet normal -0.0652788 0 0.997867
    outer loop
      vertex 65.6112 48.4 24.8769
      vertex 65.2 50.8 24.85
      vertex 65.2 48.4 24.85
    endloop
  endfacet
  facet normal -0.659363 0 0.751825
    outer loop
      vertex 67.1176 50.8 25.5009
      vertex 67.4274 48.4 25.7726
      vertex 67.4274 50.8 25.7726
    endloop
  endfacet
  facet normal -0.659363 0 0.751825
    outer loop
      vertex 67.4274 48.4 25.7726
      vertex 67.1176 50.8 25.5009
      vertex 67.1176 48.4 25.5009
    endloop
  endfacet
  facet normal -0.980776 0 0.195136
    outer loop
      vertex 68.2427 48.4 27.1847
      vertex 68.3231 50.8 27.5888
      vertex 68.2427 50.8 27.1847
    endloop
  endfacet
  facet normal -0.980776 0 0.195136
    outer loop
      vertex 68.3231 50.8 27.5888
      vertex 68.2427 48.4 27.1847
      vertex 68.3231 48.4 27.5888
    endloop
  endfacet
  facet normal -0.997867 0 0.0652788
    outer loop
      vertex 68.3231 48.4 27.5888
      vertex 68.35 50.8 28
      vertex 68.3231 50.8 27.5888
    endloop
  endfacet
  facet normal -0.997867 0 0.0652788
    outer loop
      vertex 68.35 50.8 28
      vertex 68.3231 48.4 27.5888
      vertex 68.35 48.4 28
    endloop
  endfacet
  facet normal -0.55554 0 0.83149
    outer loop
      vertex 66.775 50.8 25.272
      vertex 67.1176 48.4 25.5009
      vertex 67.1176 50.8 25.5009
    endloop
  endfacet
  facet normal -0.55554 0 0.83149
    outer loop
      vertex 67.1176 48.4 25.5009
      vertex 66.775 50.8 25.272
      vertex 66.775 48.4 25.272
    endloop
  endfacet
  facet normal 0.896889 -0 0.442255
    outer loop
      vertex 62.2898 48.4 26.7945
      vertex 62.472 50.8 26.425
      vertex 62.2898 50.8 26.7945
    endloop
  endfacet
  facet normal 0.896889 0 0.442255
    outer loop
      vertex 62.472 50.8 26.425
      vertex 62.2898 48.4 26.7945
      vertex 62.472 48.4 26.425
    endloop
  endfacet
  facet normal 0.195136 0 0.980776
    outer loop
      vertex 64.3847 50.8 24.9573
      vertex 64.7888 48.4 24.8769
      vertex 64.7888 50.8 24.8769
    endloop
  endfacet
  facet normal 0.195136 0 0.980776
    outer loop
      vertex 64.7888 48.4 24.8769
      vertex 64.3847 50.8 24.9573
      vertex 64.3847 48.4 24.9573
    endloop
  endfacet
  facet normal 0.321537 0 0.946897
    outer loop
      vertex 63.9945 50.8 25.0898
      vertex 64.3847 48.4 24.9573
      vertex 64.3847 50.8 24.9573
    endloop
  endfacet
  facet normal 0.321537 0 0.946897
    outer loop
      vertex 64.3847 48.4 24.9573
      vertex 63.9945 50.8 25.0898
      vertex 63.9945 48.4 25.0898
    endloop
  endfacet
  facet normal 0.946897 -0 0.321537
    outer loop
      vertex 62.1573 48.4 27.1847
      vertex 62.2898 50.8 26.7945
      vertex 62.1573 50.8 27.1847
    endloop
  endfacet
  facet normal 0.946897 0 0.321537
    outer loop
      vertex 62.2898 50.8 26.7945
      vertex 62.1573 48.4 27.1847
      vertex 62.2898 48.4 26.7945
    endloop
  endfacet
  facet normal -0.442159 0 0.896937
    outer loop
      vertex 66.4054 50.8 25.0898
      vertex 66.775 48.4 25.272
      vertex 66.775 50.8 25.272
    endloop
  endfacet
  facet normal -0.442159 0 0.896937
    outer loop
      vertex 66.775 48.4 25.272
      vertex 66.4054 50.8 25.0898
      vertex 66.4054 48.4 25.0898
    endloop
  endfacet
  facet normal -0.321611 0 0.946872
    outer loop
      vertex 66.0153 50.8 24.9573
      vertex 66.4054 48.4 25.0898
      vertex 66.4054 50.8 25.0898
    endloop
  endfacet
  facet normal -0.321611 0 0.946872
    outer loop
      vertex 66.4054 48.4 25.0898
      vertex 66.0153 50.8 24.9573
      vertex 66.0153 48.4 24.9573
    endloop
  endfacet
  facet normal 0.83149 -0 0.55554
    outer loop
      vertex 62.472 48.4 26.425
      vertex 62.7009 50.8 26.0824
      vertex 62.472 50.8 26.425
    endloop
  endfacet
  facet normal 0.83149 0 0.55554
    outer loop
      vertex 62.7009 50.8 26.0824
      vertex 62.472 48.4 26.425
      vertex 62.7009 48.4 26.0824
    endloop
  endfacet
  facet normal 0.751825 -0 0.659363
    outer loop
      vertex 62.7009 48.4 26.0824
      vertex 62.9726 50.8 25.7726
      vertex 62.7009 50.8 26.0824
    endloop
  endfacet
  facet normal 0.751825 0 0.659363
    outer loop
      vertex 62.9726 50.8 25.7726
      vertex 62.7009 48.4 26.0824
      vertex 62.9726 48.4 25.7726
    endloop
  endfacet
  facet normal 0.55554 0 0.83149
    outer loop
      vertex 63.2824 50.8 25.5009
      vertex 63.625 48.4 25.272
      vertex 63.625 50.8 25.272
    endloop
  endfacet
  facet normal 0.55554 0 0.83149
    outer loop
      vertex 63.625 48.4 25.272
      vertex 63.2824 50.8 25.5009
      vertex 63.2824 48.4 25.5009
    endloop
  endfacet
  facet normal -0.751825 0 0.659363
    outer loop
      vertex 67.4274 48.4 25.7726
      vertex 67.6991 50.8 26.0824
      vertex 67.4274 50.8 25.7726
    endloop
  endfacet
  facet normal -0.751825 0 0.659363
    outer loop
      vertex 67.6991 50.8 26.0824
      vertex 67.4274 48.4 25.7726
      vertex 67.6991 48.4 26.0824
    endloop
  endfacet
  facet normal -1 0 0
    outer loop
      vertex 68.35 48.4 28
      vertex 68.35 50.8 36
      vertex 68.35 50.8 28
    endloop
  endfacet
  facet normal -1 -0 0
    outer loop
      vertex 68.35 50.8 36
      vertex 68.35 48.4 28
      vertex 68.35 48.4 36
    endloop
  endfacet
  facet normal 1 -0 0
    outer loop
      vertex 62.05 48.4 36
      vertex 62.05 50.8 28
      vertex 62.05 50.8 36
    endloop
  endfacet
  facet normal 1 0 0
    outer loop
      vertex 62.05 50.8 28
      vertex 62.05 48.4 36
      vertex 62.05 48.4 28
    endloop
  endfacet
  facet normal 0.065485 0 0.997854
    outer loop
      vertex 77.4541 50.8 25.3727
      vertex 77.8 48.4 25.35
      vertex 77.8 50.8 25.35
    endloop
  endfacet
  facet normal 0.065485 0 0.997854
    outer loop
      vertex 77.8 48.4 25.35
      vertex 77.4541 50.8 25.3727
      vertex 77.4541 48.4 25.3727
    endloop
  endfacet
  facet normal 0.195007 0 0.980802
    outer loop
      vertex 77.1141 50.8 25.4403
      vertex 77.4541 48.4 25.3727
      vertex 77.4541 50.8 25.3727
    endloop
  endfacet
  facet normal 0.195007 0 0.980802
    outer loop
      vertex 77.4541 48.4 25.3727
      vertex 77.1141 50.8 25.4403
      vertex 77.1141 48.4 25.4403
    endloop
  endfacet
  facet normal -0.321416 0 0.946938
    outer loop
      vertex 78.4859 50.8 25.4403
      vertex 78.8141 48.4 25.5517
      vertex 78.8141 50.8 25.5517
    endloop
  endfacet
  facet normal -0.321416 0 0.946938
    outer loop
      vertex 78.8141 48.4 25.5517
      vertex 78.4859 50.8 25.4403
      vertex 78.4859 48.4 25.4403
    endloop
  endfacet
  facet normal 0.659444 0 0.751754
    outer loop
      vertex 75.9262 50.8 26.1262
      vertex 76.1868 48.4 25.8976
      vertex 76.1868 50.8 25.8976
    endloop
  endfacet
  facet normal 0.659444 0 0.751754
    outer loop
      vertex 76.1868 48.4 25.8976
      vertex 75.9262 50.8 26.1262
      vertex 75.9262 48.4 26.1262
    endloop
  endfacet
  facet normal -0.442245 0 0.896894
    outer loop
      vertex 78.8141 50.8 25.5517
      vertex 79.125 48.4 25.705
      vertex 79.125 50.8 25.705
    endloop
  endfacet
  facet normal -0.442245 0 0.896894
    outer loop
      vertex 79.125 48.4 25.705
      vertex 78.8141 50.8 25.5517
      vertex 78.8141 48.4 25.5517
    endloop
  endfacet
  facet normal -0.195007 0 0.980802
    outer loop
      vertex 78.1459 50.8 25.3727
      vertex 78.4859 48.4 25.4403
      vertex 78.4859 50.8 25.4403
    endloop
  endfacet
  facet normal -0.195007 0 0.980802
    outer loop
      vertex 78.4859 48.4 25.4403
      vertex 78.1459 50.8 25.3727
      vertex 78.1459 48.4 25.3727
    endloop
  endfacet
  facet normal 0.555632 0 0.831428
    outer loop
      vertex 76.1868 50.8 25.8976
      vertex 76.475 48.4 25.705
      vertex 76.475 50.8 25.705
    endloop
  endfacet
  facet normal 0.555632 0 0.831428
    outer loop
      vertex 76.475 48.4 25.705
      vertex 76.1868 50.8 25.8976
      vertex 76.1868 48.4 25.8976
    endloop
  endfacet
  facet normal -0.997854 0 0.065485
    outer loop
      vertex 80.4273 48.4 27.6541
      vertex 80.45 50.8 28
      vertex 80.4273 50.8 27.6541
    endloop
  endfacet
  facet normal -0.997854 0 0.065485
    outer loop
      vertex 80.45 50.8 28
      vertex 80.4273 48.4 27.6541
      vertex 80.45 48.4 28
    endloop
  endfacet
  facet normal -0.659444 0 0.751754
    outer loop
      vertex 79.4132 50.8 25.8976
      vertex 79.6738 48.4 26.1262
      vertex 79.6738 50.8 26.1262
    endloop
  endfacet
  facet normal -0.659444 0 0.751754
    outer loop
      vertex 79.6738 48.4 26.1262
      vertex 79.4132 50.8 25.8976
      vertex 79.4132 48.4 25.8976
    endloop
  endfacet
  facet normal -0.751754 0 0.659444
    outer loop
      vertex 79.6738 48.4 26.1262
      vertex 79.9024 50.8 26.3868
      vertex 79.6738 50.8 26.1262
    endloop
  endfacet
  facet normal -0.751754 0 0.659444
    outer loop
      vertex 79.9024 50.8 26.3868
      vertex 79.6738 48.4 26.1262
      vertex 79.9024 48.4 26.3868
    endloop
  endfacet
  facet normal 0.831428 -0 0.555632
    outer loop
      vertex 75.505 48.4 26.675
      vertex 75.6976 50.8 26.3868
      vertex 75.505 50.8 26.675
    endloop
  endfacet
  facet normal 0.831428 0 0.555632
    outer loop
      vertex 75.6976 50.8 26.3868
      vertex 75.505 48.4 26.675
      vertex 75.6976 48.4 26.3868
    endloop
  endfacet
  facet normal -0.831428 0 0.555632
    outer loop
      vertex 79.9024 48.4 26.3868
      vertex 80.095 50.8 26.675
      vertex 79.9024 50.8 26.3868
    endloop
  endfacet
  facet normal -0.831428 0 0.555632
    outer loop
      vertex 80.095 50.8 26.675
      vertex 79.9024 48.4 26.3868
      vertex 80.095 48.4 26.675
    endloop
  endfacet
  facet normal 0.997854 -0 0.065485
    outer loop
      vertex 75.15 48.4 28
      vertex 75.1727 50.8 27.6541
      vertex 75.15 50.8 28
    endloop
  endfacet
  facet normal 0.997854 0 0.065485
    outer loop
      vertex 75.1727 50.8 27.6541
      vertex 75.15 48.4 28
      vertex 75.1727 48.4 27.6541
    endloop
  endfacet
  facet normal -0.980802 0 0.195007
    outer loop
      vertex 80.3597 48.4 27.3141
      vertex 80.4273 50.8 27.6541
      vertex 80.3597 50.8 27.3141
    endloop
  endfacet
  facet normal -0.980802 0 0.195007
    outer loop
      vertex 80.4273 50.8 27.6541
      vertex 80.3597 48.4 27.3141
      vertex 80.4273 48.4 27.6541
    endloop
  endfacet
  facet normal 0.896894 -0 0.442245
    outer loop
      vertex 75.3517 48.4 26.9859
      vertex 75.505 50.8 26.675
      vertex 75.3517 50.8 26.9859
    endloop
  endfacet
  facet normal 0.896894 0 0.442245
    outer loop
      vertex 75.505 50.8 26.675
      vertex 75.3517 48.4 26.9859
      vertex 75.505 48.4 26.675
    endloop
  endfacet
  facet normal 0.946938 -0 0.321416
    outer loop
      vertex 75.2403 48.4 27.3141
      vertex 75.3517 50.8 26.9859
      vertex 75.2403 50.8 27.3141
    endloop
  endfacet
  facet normal 0.946938 0 0.321416
    outer loop
      vertex 75.3517 50.8 26.9859
      vertex 75.2403 48.4 27.3141
      vertex 75.3517 48.4 26.9859
    endloop
  endfacet
  facet normal -0.065485 0 0.997854
    outer loop
      vertex 77.8 50.8 25.35
      vertex 78.1459 48.4 25.3727
      vertex 78.1459 50.8 25.3727
    endloop
  endfacet
  facet normal -0.065485 0 0.997854
    outer loop
      vertex 78.1459 48.4 25.3727
      vertex 77.8 50.8 25.35
      vertex 77.8 48.4 25.35
    endloop
  endfacet
  facet normal -0.896894 0 0.442245
    outer loop
      vertex 80.095 48.4 26.675
      vertex 80.2483 50.8 26.9859
      vertex 80.095 50.8 26.675
    endloop
  endfacet
  facet normal -0.896894 0 0.442245
    outer loop
      vertex 80.2483 50.8 26.9859
      vertex 80.095 48.4 26.675
      vertex 80.2483 48.4 26.9859
    endloop
  endfacet
  facet normal 0.751754 -0 0.659444
    outer loop
      vertex 75.6976 48.4 26.3868
      vertex 75.9262 50.8 26.1262
      vertex 75.6976 50.8 26.3868
    endloop
  endfacet
  facet normal 0.751754 0 0.659444
    outer loop
      vertex 75.9262 50.8 26.1262
      vertex 75.6976 48.4 26.3868
      vertex 75.9262 48.4 26.1262
    endloop
  endfacet
  facet normal -0.946938 0 0.321416
    outer loop
      vertex 80.2483 48.4 26.9859
      vertex 80.3597 50.8 27.3141
      vertex 80.2483 50.8 26.9859
    endloop
  endfacet
  facet normal -0.946938 0 0.321416
    outer loop
      vertex 80.3597 50.8 27.3141
      vertex 80.2483 48.4 26.9859
      vertex 80.3597 48.4 27.3141
    endloop
  endfacet
  facet normal -0.555632 0 0.831428
    outer loop
      vertex 79.125 50.8 25.705
      vertex 79.4132 48.4 25.8976
      vertex 79.4132 50.8 25.8976
    endloop
  endfacet
  facet normal -0.555632 0 0.831428
    outer loop
      vertex 79.4132 48.4 25.8976
      vertex 79.125 50.8 25.705
      vertex 79.125 48.4 25.705
    endloop
  endfacet
  facet normal 0.980802 -0 0.195007
    outer loop
      vertex 75.1727 48.4 27.6541
      vertex 75.2403 50.8 27.3141
      vertex 75.1727 50.8 27.6541
    endloop
  endfacet
  facet normal 0.980802 0 0.195007
    outer loop
      vertex 75.2403 50.8 27.3141
      vertex 75.1727 48.4 27.6541
      vertex 75.2403 48.4 27.3141
    endloop
  endfacet
  facet normal 0.321416 0 0.946938
    outer loop
      vertex 76.7859 50.8 25.5517
      vertex 77.1141 48.4 25.4403
      vertex 77.1141 50.8 25.4403
    endloop
  endfacet
  facet normal 0.321416 0 0.946938
    outer loop
      vertex 77.1141 48.4 25.4403
      vertex 76.7859 50.8 25.5517
      vertex 76.7859 48.4 25.5517
    endloop
  endfacet
  facet normal 0.442245 0 0.896894
    outer loop
      vertex 76.475 50.8 25.705
      vertex 76.7859 48.4 25.5517
      vertex 76.7859 50.8 25.5517
    endloop
  endfacet
  facet normal 0.442245 0 0.896894
    outer loop
      vertex 76.7859 48.4 25.5517
      vertex 76.475 50.8 25.705
      vertex 76.475 48.4 25.705
    endloop
  endfacet
  facet normal -1 0 0
    outer loop
      vertex 80.45 48.4 28
      vertex 80.45 50.8 36
      vertex 80.45 50.8 28
    endloop
  endfacet
  facet normal -1 -0 0
    outer loop
      vertex 80.45 50.8 36
      vertex 80.45 48.4 28
      vertex 80.45 48.4 36
    endloop
  endfacet
  facet normal 1 -0 0
    outer loop
      vertex 75.15 48.4 36
      vertex 75.15 50.8 28
      vertex 75.15 50.8 36
    endloop
  endfacet
  facet normal 1 0 0
    outer loop
      vertex 75.15 50.8 28
      vertex 75.15 48.4 36
      vertex 75.15 48.4 28
    endloop
  endfacet
  facet normal -1 0 0
    outer loop
      vertex 24.5 0 6.4
      vertex 24.5 2.4 18.4
      vertex 24.5 2.4 6.4
    endloop
  endfacet
  facet normal -1 -0 0
    outer loop
      vertex 24.5 2.4 18.4
      vertex 24.5 0 6.4
      vertex 24.5 0 18.4
    endloop
  endfacet
  facet normal 0 0 -1
    outer loop
      vertex 21.9 0 18.4
      vertex 24.5 2.4 18.4
      vertex 24.5 0 18.4
    endloop
  endfacet
  facet normal -0 0 -1
    outer loop
      vertex 24.5 2.4 18.4
      vertex 21.9 0 18.4
      vertex 21.9 2.4 18.4
    endloop
  endfacet
  facet normal -0 0 1
    outer loop
      vertex 21.9 2.4 6.4
      vertex 24.5 0 6.4
      vertex 24.5 2.4 6.4
    endloop
  endfacet
  facet normal 0 0 1
    outer loop
      vertex 24.5 0 6.4
      vertex 21.9 2.4 6.4
      vertex 21.9 0 6.4
    endloop
  endfacet
  facet normal 1 -0 0
    outer loop
      vertex 21.9 0 18.4
      vertex 21.9 2.4 6.4
      vertex 21.9 2.4 18.4
    endloop
  endfacet
  facet normal 1 0 0
    outer loop
      vertex 21.9 2.4 6.4
      vertex 21.9 0 18.4
      vertex 21.9 0 6.4
    endloop
  endfacet
  facet normal -1 0 0
    outer loop
      vertex 32 0 6.4
      vertex 32 2.4 18.4
      vertex 32 2.4 6.4
    endloop
  endfacet
  facet normal -1 -0 0
    outer loop
      vertex 32 2.4 18.4
      vertex 32 0 6.4
      vertex 32 0 18.4
    endloop
  endfacet
  facet normal 0 0 -1
    outer loop
      vertex 29.4 0 18.4
      vertex 32 2.4 18.4
      vertex 32 0 18.4
    endloop
  endfacet
  facet normal -0 0 -1
    outer loop
      vertex 32 2.4 18.4
      vertex 29.4 0 18.4
      vertex 29.4 2.4 18.4
    endloop
  endfacet
  facet normal -0 0 1
    outer loop
      vertex 29.4 2.4 6.4
      vertex 32 0 6.4
      vertex 32 2.4 6.4
    endloop
  endfacet
  facet normal 0 0 1
    outer loop
      vertex 32 0 6.4
      vertex 29.4 2.4 6.4
      vertex 29.4 0 6.4
    endloop
  endfacet
  facet normal 1 -0 0
    outer loop
      vertex 29.4 0 18.4
      vertex 29.4 2.4 6.4
      vertex 29.4 2.4 18.4
    endloop
  endfacet
  facet normal 1 0 0
    outer loop
      vertex 29.4 2.4 6.4
      vertex 29.4 0 18.4
      vertex 29.4 0 6.4
    endloop
  endfacet
  facet normal -1 0 0
    outer loop
      vertex 39.5 0 6.4
      vertex 39.5 2.4 18.4
      vertex 39.5 2.4 6.4
    endloop
  endfacet
  facet normal -1 -0 0
    outer loop
      vertex 39.5 2.4 18.4
      vertex 39.5 0 6.4
      vertex 39.5 0 18.4
    endloop
  endfacet
  facet normal 0 0 -1
    outer loop
      vertex 36.9 0 18.4
      vertex 39.5 2.4 18.4
      vertex 39.5 0 18.4
    endloop
  endfacet
  facet normal -0 0 -1
    outer loop
      vertex 39.5 2.4 18.4
      vertex 36.9 0 18.4
      vertex 36.9 2.4 18.4
    endloop
  endfacet
  facet normal -0 0 1
    outer loop
      vertex 36.9 2.4 6.4
      vertex 39.5 0 6.4
      vertex 39.5 2.4 6.4
    endloop
  endfacet
  facet normal 0 0 1
    outer loop
      vertex 39.5 0 6.4
      vertex 36.9 2.4 6.4
      vertex 36.9 0 6.4
    endloop
  endfacet
  facet normal 1 -0 0
    outer loop
      vertex 36.9 0 18.4
      vertex 36.9 2.4 6.4
      vertex 36.9 2.4 18.4
    endloop
  endfacet
  facet normal 1 0 0
    outer loop
      vertex 36.9 2.4 6.4
      vertex 36.9 0 18.4
      vertex 36.9 0 6.4
    endloop
  endfacet
  facet normal -1 0 0
    outer loop
      vertex 47 0 6.4
      vertex 47 2.4 18.4
      vertex 47 2.4 6.4
    endloop
  endfacet
  facet normal -1 -0 0
    outer loop
      vertex 47 2.4 18.4
      vertex 47 0 6.4
      vertex 47 0 18.4
    endloop
  endfacet
  facet normal 0 0 -1
    outer loop
      vertex 44.4 0 18.4
      vertex 47 2.4 18.4
      vertex 47 0 18.4
    endloop
  endfacet
  facet normal -0 0 -1
    outer loop
      vertex 47 2.4 18.4
      vertex 44.4 0 18.4
      vertex 44.4 2.4 18.4
    endloop
  endfacet
  facet normal -0 0 1
    outer loop
      vertex 44.4 2.4 6.4
      vertex 47 0 6.4
      vertex 47 2.4 6.4
    endloop
  endfacet
  facet normal 0 0 1
    outer loop
      vertex 47 0 6.4
      vertex 44.4 2.4 6.4
      vertex 44.4 0 6.4
    endloop
  endfacet
  facet normal 1 -0 0
    outer loop
      vertex 44.4 0 18.4
      vertex 44.4 2.4 6.4
      vertex 44.4 2.4 18.4
    endloop
  endfacet
  facet normal 1 0 0
    outer loop
      vertex 44.4 2.4 6.4
      vertex 44.4 0 18.4
      vertex 44.4 0 6.4
    endloop
  endfacet
  facet normal -1 0 0
    outer loop
      vertex 54.5 0 6.4
      vertex 54.5 2.4 18.4
      vertex 54.5 2.4 6.4
    endloop
  endfacet
  facet normal -1 -0 0
    outer loop
      vertex 54.5 2.4 18.4
      vertex 54.5 0 6.4
      vertex 54.5 0 18.4
    endloop
  endfacet
  facet normal 0 0 -1
    outer loop
      vertex 51.9 0 18.4
      vertex 54.5 2.4 18.4
      vertex 54.5 0 18.4
    endloop
  endfacet
  facet normal -0 0 -1
    outer loop
      vertex 54.5 2.4 18.4
      vertex 51.9 0 18.4
      vertex 51.9 2.4 18.4
    endloop
  endfacet
  facet normal -0 0 1
    outer loop
      vertex 51.9 2.4 6.4
      vertex 54.5 0 6.4
      vertex 54.5 2.4 6.4
    endloop
  endfacet
  facet normal 0 0 1
    outer loop
      vertex 54.5 0 6.4
      vertex 51.9 2.4 6.4
      vertex 51.9 0 6.4
    endloop
  endfacet
  facet normal 1 -0 0
    outer loop
      vertex 51.9 0 18.4
      vertex 51.9 2.4 6.4
      vertex 51.9 2.4 18.4
    endloop
  endfacet
  facet normal 1 0 0
    outer loop
      vertex 51.9 2.4 6.4
      vertex 51.9 0 18.4
      vertex 51.9 0 6.4
    endloop
  endfacet
  facet normal -1 0 0
    outer loop
      vertex 62 0 6.4
      vertex 62 2.4 18.4
      vertex 62 2.4 6.4
    endloop
  endfacet
  facet normal -1 -0 0
    outer loop
      vertex 62 2.4 18.4
      vertex 62 0 6.4
      vertex 62 0 18.4
    endloop
  endfacet
  facet normal 0 0 -1
    outer loop
      vertex 59.4 0 18.4
      vertex 62 2.4 18.4
      vertex 62 0 18.4
    endloop
  endfacet
  facet normal -0 0 -1
    outer loop
      vertex 62 2.4 18.4
      vertex 59.4 0 18.4
      vertex 59.4 2.4 18.4
    endloop
  endfacet
  facet normal -0 0 1
    outer loop
      vertex 59.4 2.4 6.4
      vertex 62 0 6.4
      vertex 62 2.4 6.4
    endloop
  endfacet
  facet normal 0 0 1
    outer loop
      vertex 62 0 6.4
      vertex 59.4 2.4 6.4
      vertex 59.4 0 6.4
    endloop
  endfacet
  facet normal 1 -0 0
    outer loop
      vertex 59.4 0 18.4
      vertex 59.4 2.4 6.4
      vertex 59.4 2.4 18.4
    endloop
  endfacet
  facet normal 1 0 0
    outer loop
      vertex 59.4 2.4 6.4
      vertex 59.4 0 18.4
      vertex 59.4 0 6.4
    endloop
  endfacet
  facet normal -1 0 0
    outer loop
      vertex 69.5 0 6.4
      vertex 69.5 2.4 18.4
      vertex 69.5 2.4 6.4
    endloop
  endfacet
  facet normal -1 -0 0
    outer loop
      vertex 69.5 2.4 18.4
      vertex 69.5 0 6.4
      vertex 69.5 0 18.4
    endloop
  endfacet
  facet normal 0 0 -1
    outer loop
      vertex 66.9 0 18.4
      vertex 69.5 2.4 18.4
      vertex 69.5 0 18.4
    endloop
  endfacet
  facet normal -0 0 -1
    outer loop
      vertex 69.5 2.4 18.4
      vertex 66.9 0 18.4
      vertex 66.9 2.4 18.4
    endloop
  endfacet
  facet normal -0 0 1
    outer loop
      vertex 66.9 2.4 6.4
      vertex 69.5 0 6.4
      vertex 69.5 2.4 6.4
    endloop
  endfacet
  facet normal 0 0 1
    outer loop
      vertex 69.5 0 6.4
      vertex 66.9 2.4 6.4
      vertex 66.9 0 6.4
    endloop
  endfacet
  facet normal 1 -0 0
    outer loop
      vertex 66.9 0 18.4
      vertex 66.9 2.4 6.4
      vertex 66.9 2.4 18.4
    endloop
  endfacet
  facet normal 1 0 0
    outer loop
      vertex 66.9 2.4 6.4
      vertex 66.9 0 18.4
      vertex 66.9 0 6.4
    endloop
  endfacet
  facet normal -1 0 0
    outer loop
      vertex 77 0 6.4
      vertex 77 2.4 18.4
      vertex 77 2.4 6.4
    endloop
  endfacet
  facet normal -1 -0 0
    outer loop
      vertex 77 2.4 18.4
      vertex 77 0 6.4
      vertex 77 0 18.4
    endloop
  endfacet
  facet normal 0 0 -1
    outer loop
      vertex 74.4 0 18.4
      vertex 77 2.4 18.4
      vertex 77 0 18.4
    endloop
  endfacet
  facet normal -0 0 -1
    outer loop
      vertex 77 2.4 18.4
      vertex 74.4 0 18.4
      vertex 74.4 2.4 18.4
    endloop
  endfacet
  facet normal -0 0 1
    outer loop
      vertex 74.4 2.4 6.4
      vertex 77 0 6.4
      vertex 77 2.4 6.4
    endloop
  endfacet
  facet normal 0 0 1
    outer loop
      vertex 77 0 6.4
      vertex 74.4 2.4 6.4
      vertex 74.4 0 6.4
    endloop
  endfacet
  facet normal 1 -0 0
    outer loop
      vertex 74.4 0 18.4
      vertex 74.4 2.4 6.4
      vertex 74.4 2.4 18.4
    endloop
  endfacet
  facet normal 1 0 0
    outer loop
      vertex 74.4 2.4 6.4
      vertex 74.4 0 18.4
      vertex 74.4 0 6.4
    endloop
  endfacet
  facet normal 0.321574 -0.946885 0
    outer loop
      vertex 3.32597 48.2858 2.4
      vertex 3.51177 48.3489 36
      vertex 3.32597 48.2858 36
    endloop
  endfacet
  facet normal 0.321574 -0.946885 0
    outer loop
      vertex 3.51177 48.3489 36
      vertex 3.32597 48.2858 2.4
      vertex 3.51177 48.3489 2.4
    endloop
  endfacet
  facet normal -0.997803 -0.0662484 0
    outer loop
      vertex 127.7 46.9 2.4
      vertex 127.687 47.0958 36
      vertex 127.687 47.0958 2.4
    endloop
  endfacet
  facet normal -0.997803 -0.0662484 0
    outer loop
      vertex 127.687 47.0958 36
      vertex 127.7 46.9 2.4
      vertex 127.7 46.9 36
    endloop
  endfacet
  facet normal 0 1 -0
    outer loop
      vertex 29.4 2.4 6.4
      vertex 24.5 2.4 18.4
      vertex 29.4 2.4 18.4
    endloop
  endfacet
  facet normal 0 1 0
    outer loop
      vertex 24.5 2.4 18.4
      vertex 29.4 2.4 6.4
      vertex 24.5 2.4 6.4
    endloop
  endfacet
  facet normal 0 1 -0
    outer loop
      vertex 36.9 2.4 6.4
      vertex 32 2.4 18.4
      vertex 36.9 2.4 18.4
    endloop
  endfacet
  facet normal 0 1 0
    outer loop
      vertex 32 2.4 18.4
      vertex 36.9 2.4 6.4
      vertex 32 2.4 6.4
    endloop
  endfacet
  facet normal 0 1 -0
    outer loop
      vertex 44.4 2.4 6.4
      vertex 39.5 2.4 18.4
      vertex 44.4 2.4 18.4
    endloop
  endfacet
  facet normal 0 1 0
    outer loop
      vertex 39.5 2.4 18.4
      vertex 44.4 2.4 6.4
      vertex 39.5 2.4 6.4
    endloop
  endfacet
  facet normal 0 1 -0
    outer loop
      vertex 51.9 2.4 6.4
      vertex 47 2.4 18.4
      vertex 51.9 2.4 18.4
    endloop
  endfacet
  facet normal 0 1 0
    outer loop
      vertex 47 2.4 18.4
      vertex 51.9 2.4 6.4
      vertex 47 2.4 6.4
    endloop
  endfacet
  facet normal 0 1 -0
    outer loop
      vertex 59.4 2.4 6.4
      vertex 54.5 2.4 18.4
      vertex 59.4 2.4 18.4
    endloop
  endfacet
  facet normal 0 1 0
    outer loop
      vertex 54.5 2.4 18.4
      vertex 59.4 2.4 6.4
      vertex 54.5 2.4 6.4
    endloop
  endfacet
  facet normal 0 1 -0
    outer loop
      vertex 66.9 2.4 6.4
      vertex 62 2.4 18.4
      vertex 66.9 2.4 18.4
    endloop
  endfacet
  facet normal 0 1 0
    outer loop
      vertex 62 2.4 18.4
      vertex 66.9 2.4 6.4
      vertex 62 2.4 6.4
    endloop
  endfacet
  facet normal 0 1 -0
    outer loop
      vertex 74.4 2.4 6.4
      vertex 69.5 2.4 18.4
      vertex 74.4 2.4 18.4
    endloop
  endfacet
  facet normal 0 1 0
    outer loop
      vertex 69.5 2.4 18.4
      vertex 74.4 2.4 6.4
      vertex 69.5 2.4 6.4
    endloop
  endfacet
  facet normal 0 1 0
    outer loop
      vertex 74.4 2.4 18.4
      vertex 122.869 2.4 35.98
      vertex 77 2.4 18.4
    endloop
  endfacet
  facet normal 0 1 -0
    outer loop
      vertex 122.869 2.4 2.4
      vertex 77 2.4 18.4
      vertex 122.869 2.4 35.98
    endloop
  endfacet
  facet normal 0 1 0
    outer loop
      vertex 122.869 2.4 2.4
      vertex 74.4 2.4 6.4
      vertex 77 2.4 6.4
    endloop
  endfacet
  facet normal 0 1 0
    outer loop
      vertex 74.4 2.4 6.4
      vertex 122.869 2.4 2.4
      vertex 69.5 2.4 6.4
    endloop
  endfacet
  facet normal 0 1 0
    outer loop
      vertex 69.5 2.4 6.4
      vertex 122.869 2.4 2.4
      vertex 66.9 2.4 6.4
    endloop
  endfacet
  facet normal 0 1 0
    outer loop
      vertex 66.9 2.4 6.4
      vertex 122.869 2.4 2.4
      vertex 62 2.4 6.4
    endloop
  endfacet
  facet normal 0 1 0
    outer loop
      vertex 7.23062 2.4 2.4
      vertex 62 2.4 6.4
      vertex 122.869 2.4 2.4
    endloop
  endfacet
  facet normal 0 1 0
    outer loop
      vertex 59.4 2.4 6.4
      vertex 7.23062 2.4 2.4
      vertex 54.5 2.4 6.4
    endloop
  endfacet
  facet normal 0 1 0
    outer loop
      vertex 54.5 2.4 6.4
      vertex 7.23062 2.4 2.4
      vertex 51.9 2.4 6.4
    endloop
  endfacet
  facet normal 0 1 0
    outer loop
      vertex 51.9 2.4 6.4
      vertex 7.23062 2.4 2.4
      vertex 47 2.4 6.4
    endloop
  endfacet
  facet normal 0 1 0
    outer loop
      vertex 47 2.4 6.4
      vertex 7.23062 2.4 2.4
      vertex 44.4 2.4 6.4
    endloop
  endfacet
  facet normal 0 1 0
    outer loop
      vertex 44.4 2.4 6.4
      vertex 7.23062 2.4 2.4
      vertex 39.5 2.4 6.4
    endloop
  endfacet
  facet normal 0 1 0
    outer loop
      vertex 39.5 2.4 6.4
      vertex 7.23062 2.4 2.4
      vertex 36.9 2.4 6.4
    endloop
  endfacet
  facet normal 0 1 0
    outer loop
      vertex 36.9 2.4 6.4
      vertex 7.23062 2.4 2.4
      vertex 32 2.4 6.4
    endloop
  endfacet
  facet normal 0 1 0
    outer loop
      vertex 32 2.4 6.4
      vertex 7.23062 2.4 2.4
      vertex 29.4 2.4 6.4
    endloop
  endfacet
  facet normal 0 1 0
    outer loop
      vertex 29.4 2.4 6.4
      vertex 7.23062 2.4 2.4
      vertex 24.5 2.4 6.4
    endloop
  endfacet
  facet normal 0 1 0
    outer loop
      vertex 62 2.4 6.4
      vertex 7.23062 2.4 2.4
      vertex 59.4 2.4 6.4
    endloop
  endfacet
  facet normal 0 1 0
    outer loop
      vertex 77 2.4 18.4
      vertex 122.869 2.4 2.4
      vertex 77 2.4 6.4
    endloop
  endfacet
  facet normal 0 1 0
    outer loop
      vertex 122.869 2.4 35.98
      vertex 126.2 2.4 36
      vertex 125.531 2.4 35.98
    endloop
  endfacet
  facet normal 0 1 -0
    outer loop
      vertex 126.2 2.4 2.4
      vertex 125.531 2.4 35.98
      vertex 126.2 2.4 36
    endloop
  endfacet
  facet normal 0 1 0
    outer loop
      vertex 125.531 2.4 35.98
      vertex 126.2 2.4 2.4
      vertex 125.531 2.4 2.4
    endloop
  endfacet
  facet normal 0 1 0
    outer loop
      vertex 126.2 2.4 36
      vertex 122.869 2.4 35.98
      vertex 3.9 2.4 36
    endloop
  endfacet
  facet normal 0 1 -0
    outer loop
      vertex 7.23062 2.4 35.98
      vertex 3.9 2.4 36
      vertex 122.869 2.4 35.98
    endloop
  endfacet
  facet normal 0 1 -0
    outer loop
      vertex 4.56937 2.4 35.98
      vertex 3.9 2.4 36
      vertex 7.23062 2.4 35.98
    endloop
  endfacet
  facet normal 0 1 0
    outer loop
      vertex 3.9 2.4 2.4
      vertex 4.56937 2.4 35.98
      vertex 4.56937 2.4 2.4
    endloop
  endfacet
  facet normal 0 1 0
    outer loop
      vertex 4.56937 2.4 35.98
      vertex 3.9 2.4 2.4
      vertex 3.9 2.4 36
    endloop
  endfacet
  facet normal 0 1 0
    outer loop
      vertex 69.5 2.4 18.4
      vertex 122.869 2.4 35.98
      vertex 74.4 2.4 18.4
    endloop
  endfacet
  facet normal 0 1 0
    outer loop
      vertex 66.9 2.4 18.4
      vertex 122.869 2.4 35.98
      vertex 69.5 2.4 18.4
    endloop
  endfacet
  facet normal 0 1 0
    outer loop
      vertex 122.869 2.4 35.98
      vertex 66.9 2.4 18.4
      vertex 7.23062 2.4 35.98
    endloop
  endfacet
  facet normal 0 1 -0
    outer loop
      vertex 62 2.4 18.4
      vertex 7.23062 2.4 35.98
      vertex 66.9 2.4 18.4
    endloop
  endfacet
  facet normal 0 1 -0
    outer loop
      vertex 59.4 2.4 18.4
      vertex 7.23062 2.4 35.98
      vertex 62 2.4 18.4
    endloop
  endfacet
  facet normal 0 1 -0
    outer loop
      vertex 54.5 2.4 18.4
      vertex 7.23062 2.4 35.98
      vertex 59.4 2.4 18.4
    endloop
  endfacet
  facet normal 0 1 -0
    outer loop
      vertex 51.9 2.4 18.4
      vertex 7.23062 2.4 35.98
      vertex 54.5 2.4 18.4
    endloop
  endfacet
  facet normal 0 1 -0
    outer loop
      vertex 47 2.4 18.4
      vertex 7.23062 2.4 35.98
      vertex 51.9 2.4 18.4
    endloop
  endfacet
  facet normal 0 1 -0
    outer loop
      vertex 44.4 2.4 18.4
      vertex 7.23062 2.4 35.98
      vertex 47 2.4 18.4
    endloop
  endfacet
  facet normal 0 1 -0
    outer loop
      vertex 39.5 2.4 18.4
      vertex 7.23062 2.4 35.98
      vertex 44.4 2.4 18.4
    endloop
  endfacet
  facet normal 0 1 -0
    outer loop
      vertex 36.9 2.4 18.4
      vertex 7.23062 2.4 35.98
      vertex 39.5 2.4 18.4
    endloop
  endfacet
  facet normal 0 1 -0
    outer loop
      vertex 32 2.4 18.4
      vertex 7.23062 2.4 35.98
      vertex 36.9 2.4 18.4
    endloop
  endfacet
  facet normal 0 1 -0
    outer loop
      vertex 29.4 2.4 18.4
      vertex 7.23062 2.4 35.98
      vertex 32 2.4 18.4
    endloop
  endfacet
  facet normal 0 1 -0
    outer loop
      vertex 24.5 2.4 18.4
      vertex 7.23062 2.4 35.98
      vertex 29.4 2.4 18.4
    endloop
  endfacet
  facet normal 0 1 -0
    outer loop
      vertex 21.9 2.4 18.4
      vertex 7.23062 2.4 35.98
      vertex 24.5 2.4 18.4
    endloop
  endfacet
  facet normal 0 1 0
    outer loop
      vertex 7.23062 2.4 2.4
      vertex 21.9 2.4 18.4
      vertex 21.9 2.4 6.4
    endloop
  endfacet
  facet normal 0 1 0
    outer loop
      vertex 21.9 2.4 18.4
      vertex 7.23062 2.4 2.4
      vertex 7.23062 2.4 35.98
    endloop
  endfacet
  facet normal 0 1 0
    outer loop
      vertex 24.5 2.4 6.4
      vertex 7.23062 2.4 2.4
      vertex 21.9 2.4 6.4
    endloop
  endfacet
  facet normal 0 -1 0
    outer loop
      vertex 7.23062 48.4 35.98
      vertex 3.9 48.4 36
      vertex 4.56937 48.4 35.98
    endloop
  endfacet
  facet normal 0 -1 0
    outer loop
      vertex 3.9 48.4 2.4
      vertex 4.56937 48.4 35.98
      vertex 3.9 48.4 36
    endloop
  endfacet
  facet normal 0 -1 -0
    outer loop
      vertex 4.56937 48.4 35.98
      vertex 3.9 48.4 2.4
      vertex 4.56937 48.4 2.4
    endloop
  endfacet
  facet normal 0 -1 0
    outer loop
      vertex 3.9 48.4 36
      vertex 7.23062 48.4 35.98
      vertex 62.05 48.4 36
    endloop
  endfacet
  facet normal 0 -1 0
    outer loop
      vertex 7.23062 48.4 35.98
      vertex 62.05 48.4 28
      vertex 62.05 48.4 36
    endloop
  endfacet
  facet normal 0 -1 0
    outer loop
      vertex 7.23062 48.4 35.98
      vertex 62.077 48.4 27.5888
      vertex 62.05 48.4 28
    endloop
  endfacet
  facet normal 0 -1 0
    outer loop
      vertex 7.23062 48.4 35.98
      vertex 62.1573 48.4 27.1847
      vertex 62.077 48.4 27.5888
    endloop
  endfacet
  facet normal 0 -1 0
    outer loop
      vertex 7.23062 48.4 2.4
      vertex 62.1573 48.4 27.1847
      vertex 7.23062 48.4 35.98
    endloop
  endfacet
  facet normal 0 -1 -0
    outer loop
      vertex 62.1573 48.4 27.1847
      vertex 7.23062 48.4 2.4
      vertex 62.2898 48.4 26.7945
    endloop
  endfacet
  facet normal 0 -1 -0
    outer loop
      vertex 62.2898 48.4 26.7945
      vertex 7.23062 48.4 2.4
      vertex 62.472 48.4 26.425
    endloop
  endfacet
  facet normal 0 -1 -0
    outer loop
      vertex 62.472 48.4 26.425
      vertex 7.23062 48.4 2.4
      vertex 62.7009 48.4 26.0824
    endloop
  endfacet
  facet normal 0 -1 -0
    outer loop
      vertex 62.7009 48.4 26.0824
      vertex 7.23062 48.4 2.4
      vertex 62.9726 48.4 25.7726
    endloop
  endfacet
  facet normal 0 -1 -0
    outer loop
      vertex 62.9726 48.4 25.7726
      vertex 7.23062 48.4 2.4
      vertex 63.2824 48.4 25.5009
    endloop
  endfacet
  facet normal 0 -1 -0
    outer loop
      vertex 63.2824 48.4 25.5009
      vertex 7.23062 48.4 2.4
      vertex 63.625 48.4 25.272
    endloop
  endfacet
  facet normal 0 -1 -0
    outer loop
      vertex 63.625 48.4 25.272
      vertex 7.23062 48.4 2.4
      vertex 63.9945 48.4 25.0898
    endloop
  endfacet
  facet normal 0 -1 -0
    outer loop
      vertex 63.9945 48.4 25.0898
      vertex 7.23062 48.4 2.4
      vertex 64.3847 48.4 24.9573
    endloop
  endfacet
  facet normal 0 -1 -0
    outer loop
      vertex 64.7888 48.4 24.8769
      vertex 7.23062 48.4 2.4
      vertex 65.2 48.4 24.85
    endloop
  endfacet
  facet normal 0 -1 -0
    outer loop
      vertex 64.3847 48.4 24.9573
      vertex 7.23062 48.4 2.4
      vertex 64.7888 48.4 24.8769
    endloop
  endfacet
  facet normal 0 -1 0
    outer loop
      vertex 68.35 48.4 28
      vertex 75.15 48.4 36
      vertex 68.35 48.4 36
    endloop
  endfacet
  facet normal 0 -1 0
    outer loop
      vertex 68.35 48.4 28
      vertex 75.15 48.4 28
      vertex 75.15 48.4 36
    endloop
  endfacet
  facet normal 0 -1 0
    outer loop
      vertex 68.35 48.4 28
      vertex 75.1727 48.4 27.6541
      vertex 75.15 48.4 28
    endloop
  endfacet
  facet normal 0 -1 0
    outer loop
      vertex 68.3231 48.4 27.5888
      vertex 75.1727 48.4 27.6541
      vertex 68.35 48.4 28
    endloop
  endfacet
  facet normal 0 -1 0
    outer loop
      vertex 68.3231 48.4 27.5888
      vertex 75.2403 48.4 27.3141
      vertex 75.1727 48.4 27.6541
    endloop
  endfacet
  facet normal 0 -1 0
    outer loop
      vertex 68.2427 48.4 27.1847
      vertex 75.2403 48.4 27.3141
      vertex 68.3231 48.4 27.5888
    endloop
  endfacet
  facet normal 0 -1 0
    outer loop
      vertex 68.2427 48.4 27.1847
      vertex 75.3517 48.4 26.9859
      vertex 75.2403 48.4 27.3141
    endloop
  endfacet
  facet normal 0 -1 0
    outer loop
      vertex 68.1102 48.4 26.7945
      vertex 75.3517 48.4 26.9859
      vertex 68.2427 48.4 27.1847
    endloop
  endfacet
  facet normal 0 -1 0
    outer loop
      vertex 68.1102 48.4 26.7945
      vertex 75.505 48.4 26.675
      vertex 75.3517 48.4 26.9859
    endloop
  endfacet
  facet normal 0 -1 0
    outer loop
      vertex 67.928 48.4 26.425
      vertex 75.505 48.4 26.675
      vertex 68.1102 48.4 26.7945
    endloop
  endfacet
  facet normal 0 -1 0
    outer loop
      vertex 67.928 48.4 26.425
      vertex 75.6976 48.4 26.3868
      vertex 75.505 48.4 26.675
    endloop
  endfacet
  facet normal 0 -1 0
    outer loop
      vertex 67.6991 48.4 26.0824
      vertex 75.6976 48.4 26.3868
      vertex 67.928 48.4 26.425
    endloop
  endfacet
  facet normal 0 -1 -0
    outer loop
      vertex 75.6976 48.4 26.3868
      vertex 67.6991 48.4 26.0824
      vertex 75.9262 48.4 26.1262
    endloop
  endfacet
  facet normal 0 -1 0
    outer loop
      vertex 67.4274 48.4 25.7726
      vertex 75.9262 48.4 26.1262
      vertex 67.6991 48.4 26.0824
    endloop
  endfacet
  facet normal 0 -1 -0
    outer loop
      vertex 75.9262 48.4 26.1262
      vertex 67.4274 48.4 25.7726
      vertex 76.1868 48.4 25.8976
    endloop
  endfacet
  facet normal 0 -1 0
    outer loop
      vertex 67.1176 48.4 25.5009
      vertex 76.1868 48.4 25.8976
      vertex 67.4274 48.4 25.7726
    endloop
  endfacet
  facet normal 0 -1 -0
    outer loop
      vertex 76.1868 48.4 25.8976
      vertex 67.1176 48.4 25.5009
      vertex 76.475 48.4 25.705
    endloop
  endfacet
  facet normal 0 -1 0
    outer loop
      vertex 66.775 48.4 25.272
      vertex 76.475 48.4 25.705
      vertex 67.1176 48.4 25.5009
    endloop
  endfacet
  facet normal 0 -1 -0
    outer loop
      vertex 76.475 48.4 25.705
      vertex 66.775 48.4 25.272
      vertex 76.7859 48.4 25.5517
    endloop
  endfacet
  facet normal 0 -1 0
    outer loop
      vertex 66.4054 48.4 25.0898
      vertex 76.7859 48.4 25.5517
      vertex 66.775 48.4 25.272
    endloop
  endfacet
  facet normal 0 -1 -0
    outer loop
      vertex 76.7859 48.4 25.5517
      vertex 66.4054 48.4 25.0898
      vertex 77.1141 48.4 25.4403
    endloop
  endfacet
  facet normal 0 -1 0
    outer loop
      vertex 66.0153 48.4 24.9573
      vertex 77.1141 48.4 25.4403
      vertex 66.4054 48.4 25.0898
    endloop
  endfacet
  facet normal 0 -1 0
    outer loop
      vertex 80.45 48.4 36
      vertex 122.869 48.4 35.98
      vertex 126.2 48.4 36
    endloop
  endfacet
  facet normal 0 -1 0
    outer loop
      vertex 80.45 48.4 28
      vertex 122.869 48.4 35.98
      vertex 80.45 48.4 36
    endloop
  endfacet
  facet normal 0 -1 0
    outer loop
      vertex 80.4273 48.4 27.6541
      vertex 122.869 48.4 35.98
      vertex 80.45 48.4 28
    endloop
  endfacet
  facet normal 0 -1 0
    outer loop
      vertex 80.3597 48.4 27.3141
      vertex 122.869 48.4 35.98
      vertex 80.4273 48.4 27.6541
    endloop
  endfacet
  facet normal 0 -1 0
    outer loop
      vertex 80.2483 48.4 26.9859
      vertex 122.869 48.4 35.98
      vertex 80.3597 48.4 27.3141
    endloop
  endfacet
  facet normal 0 -1 0
    outer loop
      vertex 122.869 48.4 2.4
      vertex 80.2483 48.4 26.9859
      vertex 80.095 48.4 26.675
    endloop
  endfacet
  facet normal 0 -1 0
    outer loop
      vertex 122.869 48.4 2.4
      vertex 80.095 48.4 26.675
      vertex 79.9024 48.4 26.3868
    endloop
  endfacet
  facet normal 0 -1 0
    outer loop
      vertex 122.869 48.4 2.4
      vertex 79.9024 48.4 26.3868
      vertex 79.6738 48.4 26.1262
    endloop
  endfacet
  facet normal 0 -1 0
    outer loop
      vertex 122.869 48.4 2.4
      vertex 79.6738 48.4 26.1262
      vertex 79.4132 48.4 25.8976
    endloop
  endfacet
  facet normal 0 -1 0
    outer loop
      vertex 122.869 48.4 2.4
      vertex 79.4132 48.4 25.8976
      vertex 79.125 48.4 25.705
    endloop
  endfacet
  facet normal 0 -1 0
    outer loop
      vertex 122.869 48.4 2.4
      vertex 79.125 48.4 25.705
      vertex 78.8141 48.4 25.5517
    endloop
  endfacet
  facet normal 0 -1 0
    outer loop
      vertex 122.869 48.4 2.4
      vertex 78.8141 48.4 25.5517
      vertex 78.4859 48.4 25.4403
    endloop
  endfacet
  facet normal 0 -1 -0
    outer loop
      vertex 77.1141 48.4 25.4403
      vertex 66.0153 48.4 24.9573
      vertex 77.4541 48.4 25.3727
    endloop
  endfacet
  facet normal 0 -1 0
    outer loop
      vertex 65.6112 48.4 24.8769
      vertex 77.4541 48.4 25.3727
      vertex 66.0153 48.4 24.9573
    endloop
  endfacet
  facet normal 0 -1 -0
    outer loop
      vertex 77.4541 48.4 25.3727
      vertex 65.6112 48.4 24.8769
      vertex 77.8 48.4 25.35
    endloop
  endfacet
  facet normal 0 -1 0
    outer loop
      vertex 122.869 48.4 2.4
      vertex 65.6112 48.4 24.8769
      vertex 65.2 48.4 24.85
    endloop
  endfacet
  facet normal 0 -1 0
    outer loop
      vertex 122.869 48.4 2.4
      vertex 65.2 48.4 24.85
      vertex 7.23062 48.4 2.4
    endloop
  endfacet
  facet normal 0 -1 0
    outer loop
      vertex 65.6112 48.4 24.8769
      vertex 122.869 48.4 2.4
      vertex 77.8 48.4 25.35
    endloop
  endfacet
  facet normal 0 -1 0
    outer loop
      vertex 77.8 48.4 25.35
      vertex 122.869 48.4 2.4
      vertex 78.1459 48.4 25.3727
    endloop
  endfacet
  facet normal 0 -1 0
    outer loop
      vertex 78.1459 48.4 25.3727
      vertex 122.869 48.4 2.4
      vertex 78.4859 48.4 25.4403
    endloop
  endfacet
  facet normal 0 -1 0
    outer loop
      vertex 80.2483 48.4 26.9859
      vertex 122.869 48.4 2.4
      vertex 122.869 48.4 35.98
    endloop
  endfacet
  facet normal 0 -1 0
    outer loop
      vertex 125.531 48.4 35.98
      vertex 126.2 48.4 36
      vertex 122.869 48.4 35.98
    endloop
  endfacet
  facet normal 0 -1 0
    outer loop
      vertex 126.2 48.4 2.4
      vertex 125.531 48.4 35.98
      vertex 125.531 48.4 2.4
    endloop
  endfacet
  facet normal 0 -1 0
    outer loop
      vertex 125.531 48.4 35.98
      vertex 126.2 48.4 2.4
      vertex 126.2 48.4 36
    endloop
  endfacet
  facet normal -1 0 0
    outer loop
      vertex 127.7 4.56937 2.4
      vertex 127.7 3.9 2.4
      vertex 127.7 4.56937 35.98
    endloop
  endfacet
  facet normal -1 0 0
    outer loop
      vertex 127.7 7.4 2.4
      vertex 127.7 7.23063 2.4
      vertex 127.7 7.4 21.19
    endloop
  endfacet
  facet normal -1 0 0
    outer loop
      vertex 127.7 25.7785 25.1248
      vertex 127.7 37.4 21.19
      vertex 127.7 37.4 2.4
    endloop
  endfacet
  facet normal -1 0 0
    outer loop
      vertex 127.7 37.4 21.19
      vertex 127.7 28.2752 27.6215
      vertex 127.7 28.3 28
    endloop
  endfacet
  facet normal -1 0 0
    outer loop
      vertex 127.7 37.4 21.19
      vertex 127.7 28.2012 27.2494
      vertex 127.7 28.2752 27.6215
    endloop
  endfacet
  facet normal -1 0 0
    outer loop
      vertex 127.7 37.4 21.19
      vertex 127.7 28.0793 26.8902
      vertex 127.7 28.2012 27.2494
    endloop
  endfacet
  facet normal -1 0 0
    outer loop
      vertex 127.7 37.4 21.19
      vertex 127.7 27.9115 26.55
      vertex 127.7 28.0793 26.8902
    endloop
  endfacet
  facet normal -1 0 0
    outer loop
      vertex 127.7 37.4 21.19
      vertex 127.7 27.7007 26.2346
      vertex 127.7 27.9115 26.55
    endloop
  endfacet
  facet normal -1 0 0
    outer loop
      vertex 127.7 37.4 21.19
      vertex 127.7 27.4506 25.9494
      vertex 127.7 27.7007 26.2346
    endloop
  endfacet
  facet normal -1 0 0
    outer loop
      vertex 127.7 37.4 21.19
      vertex 127.7 27.1654 25.6993
      vertex 127.7 27.4506 25.9494
    endloop
  endfacet
  facet normal -1 0 0
    outer loop
      vertex 127.7 37.4 21.19
      vertex 127.7 26.85 25.4885
      vertex 127.7 27.1654 25.6993
    endloop
  endfacet
  facet normal -1 0 0
    outer loop
      vertex 127.7 37.4 21.19
      vertex 127.7 26.5098 25.3208
      vertex 127.7 26.85 25.4885
    endloop
  endfacet
  facet normal -1 0 0
    outer loop
      vertex 127.7 37.4 21.19
      vertex 127.7 26.1506 25.1988
      vertex 127.7 26.5098 25.3208
    endloop
  endfacet
  facet normal -1 0 0
    outer loop
      vertex 127.7 37.4 21.19
      vertex 127.7 25.7785 25.1248
      vertex 127.7 26.1506 25.1988
    endloop
  endfacet
  facet normal -1 0 0
    outer loop
      vertex 127.7 37.4 2.4
      vertex 127.7 25.4 25.1
      vertex 127.7 25.7785 25.1248
    endloop
  endfacet
  facet normal -1 0 0
    outer loop
      vertex 127.7 13.4 2.4
      vertex 127.7 25.4 25.1
      vertex 127.7 37.4 2.4
    endloop
  endfacet
  facet normal -1 -0 0
    outer loop
      vertex 127.7 25.4 25.1
      vertex 127.7 13.4 2.4
      vertex 127.7 25.0215 25.1248
    endloop
  endfacet
  facet normal -1 0 0
    outer loop
      vertex 127.7 13.4 21.19
      vertex 127.7 25.0215 25.1248
      vertex 127.7 13.4 2.4
    endloop
  endfacet
  facet normal -1 -0 0
    outer loop
      vertex 127.7 25.0215 25.1248
      vertex 127.7 13.4 21.19
      vertex 127.7 24.6494 25.1988
    endloop
  endfacet
  facet normal -1 -0 0
    outer loop
      vertex 127.7 24.6494 25.1988
      vertex 127.7 13.4 21.19
      vertex 127.7 24.2902 25.3208
    endloop
  endfacet
  facet normal -1 -0 0
    outer loop
      vertex 127.7 24.2902 25.3208
      vertex 127.7 13.4 21.19
      vertex 127.7 23.95 25.4885
    endloop
  endfacet
  facet normal -1 -0 0
    outer loop
      vertex 127.7 23.95 25.4885
      vertex 127.7 13.4 21.19
      vertex 127.7 23.6346 25.6993
    endloop
  endfacet
  facet normal -1 -0 0
    outer loop
      vertex 127.7 23.6346 25.6993
      vertex 127.7 13.4 21.19
      vertex 127.7 23.3494 25.9494
    endloop
  endfacet
  facet normal -1 -0 0
    outer loop
      vertex 127.7 23.3494 25.9494
      vertex 127.7 13.4 21.19
      vertex 127.7 23.0993 26.2346
    endloop
  endfacet
  facet normal -1 -0 0
    outer loop
      vertex 127.7 23.0993 26.2346
      vertex 127.7 13.4 21.19
      vertex 127.7 22.8885 26.55
    endloop
  endfacet
  facet normal -1 -0 0
    outer loop
      vertex 127.7 22.8885 26.55
      vertex 127.7 13.4 21.19
      vertex 127.7 22.7208 26.8902
    endloop
  endfacet
  facet normal -1 -0 0
    outer loop
      vertex 127.7 22.7208 26.8902
      vertex 127.7 13.4 21.19
      vertex 127.7 22.5988 27.2494
    endloop
  endfacet
  facet normal -1 -0 0
    outer loop
      vertex 127.7 22.5988 27.2494
      vertex 127.7 13.4 21.19
      vertex 127.7 22.5248 27.6215
    endloop
  endfacet
  facet normal -1 -0 0
    outer loop
      vertex 127.7 22.5248 27.6215
      vertex 127.7 13.4 21.19
      vertex 127.7 22.5 28
    endloop
  endfacet
  facet normal -1 0 0
    outer loop
      vertex 127.7 7.23063 35.98
      vertex 127.7 22.5 28
      vertex 127.7 13.4 21.19
    endloop
  endfacet
  facet normal -1 0 0
    outer loop
      vertex 127.7 7.23063 35.98
      vertex 127.7 13.4 21.19
      vertex 127.7 7.4 21.19
    endloop
  endfacet
  facet normal -1 0 0
    outer loop
      vertex 127.7 7.23063 35.98
      vertex 127.7 7.4 21.19
      vertex 127.7 7.23063 2.4
    endloop
  endfacet
  facet normal -1 0 0
    outer loop
      vertex 127.7 22.5 28
      vertex 127.7 7.23063 35.98
      vertex 127.7 22.5 36
    endloop
  endfacet
  facet normal -1 0 0
    outer loop
      vertex 127.7 3.9 36
      vertex 127.7 7.23063 35.98
      vertex 127.7 4.56937 35.98
    endloop
  endfacet
  facet normal -1 0 0
    outer loop
      vertex 127.7 7.23063 35.98
      vertex 127.7 3.9 36
      vertex 127.7 22.5 36
    endloop
  endfacet
  facet normal -1 0 0
    outer loop
      vertex 127.7 3.9 36
      vertex 127.7 4.56937 35.98
      vertex 127.7 3.9 2.4
    endloop
  endfacet
  facet normal -1 0 0
    outer loop
      vertex 127.7 43.4 21.19
      vertex 127.7 43.5694 2.4
      vertex 127.7 43.4 2.4
    endloop
  endfacet
  facet normal -1 0 0
    outer loop
      vertex 127.7 46.2306 35.98
      vertex 127.7 46.9 2.4
      vertex 127.7 46.2306 2.4
    endloop
  endfacet
  facet normal -1 0 0
    outer loop
      vertex 127.7 46.9 2.4
      vertex 127.7 46.2306 35.98
      vertex 127.7 46.9 36
    endloop
  endfacet
  facet normal -1 0 0
    outer loop
      vertex 127.7 43.5694 35.98
      vertex 127.7 46.9 36
      vertex 127.7 46.2306 35.98
    endloop
  endfacet
  facet normal -1 0 0
    outer loop
      vertex 127.7 43.5694 2.4
      vertex 127.7 43.4 21.19
      vertex 127.7 43.5694 35.98
    endloop
  endfacet
  facet normal -1 0 0
    outer loop
      vertex 127.7 37.4 21.19
      vertex 127.7 43.5694 35.98
      vertex 127.7 43.4 21.19
    endloop
  endfacet
  facet normal -1 0 0
    outer loop
      vertex 127.7 28.3 28
      vertex 127.7 43.5694 35.98
      vertex 127.7 37.4 21.19
    endloop
  endfacet
  facet normal -1 0 0
    outer loop
      vertex 127.7 43.5694 35.98
      vertex 127.7 28.3 36
      vertex 127.7 46.9 36
    endloop
  endfacet
  facet normal -1 0 0
    outer loop
      vertex 127.7 28.3 36
      vertex 127.7 43.5694 35.98
      vertex 127.7 28.3 28
    endloop
  endfacet
  facet normal -0.752779 0.658273 0
    outer loop
      vertex 127.261 2.83934 2.4
      vertex 127.39 2.98686 36
      vertex 127.39 2.98686 2.4
    endloop
  endfacet
  facet normal -0.752779 0.658273 0
    outer loop
      vertex 127.39 2.98686 36
      vertex 127.261 2.83934 2.4
      vertex 127.261 2.83934 36
    endloop
  endfacet
  facet normal -0.195527 0.980698 0
    outer loop
      vertex 126.588 2.45111 2.4
      vertex 126.396 2.41283 36
      vertex 126.588 2.45111 36
    endloop
  endfacet
  facet normal -0.195527 0.980698 0
    outer loop
      vertex 126.396 2.41283 36
      vertex 126.588 2.45111 2.4
      vertex 126.396 2.41283 2.4
    endloop
  endfacet
  facet normal 1 0 0
    outer loop
      vertex 2.4 46.9 36
      vertex 2.4 46.2306 35.98
      vertex 2.4 46.9 2.4
    endloop
  endfacet
  facet normal 1 0 0
    outer loop
      vertex 2.4 46.9 36
      vertex 2.4 43.5694 35.98
      vertex 2.4 46.2306 35.98
    endloop
  endfacet
  facet normal 1 0 0
    outer loop
      vertex 2.4 43.5694 35.98
      vertex 2.4 43.15 21.19
      vertex 2.4 43.5694 2.4
    endloop
  endfacet
  facet normal 1 0 0
    outer loop
      vertex 2.4 43.5694 35.98
      vertex 2.4 37.15 21.19
      vertex 2.4 43.15 21.19
    endloop
  endfacet
  facet normal 1 0 0
    outer loop
      vertex 2.4 31.9 15.8
      vertex 2.4 37.15 21.19
      vertex 2.4 31.9 24.8
    endloop
  endfacet
  facet normal 1 0 0
    outer loop
      vertex 2.4 43.5694 35.98
      vertex 2.4 31.9 24.8
      vertex 2.4 37.15 21.19
    endloop
  endfacet
  facet normal 1 0 0
    outer loop
      vertex 2.4 43.5694 35.98
      vertex 2.4 18.9 24.8
      vertex 2.4 31.9 24.8
    endloop
  endfacet
  facet normal 1 0 0
    outer loop
      vertex 2.4 18.9 24.8
      vertex 2.4 13.65 21.19
      vertex 2.4 18.9 15.8
    endloop
  endfacet
  facet normal 1 0 0
    outer loop
      vertex 2.4 7.23062 35.98
      vertex 2.4 13.65 21.19
      vertex 2.4 18.9 24.8
    endloop
  endfacet
  facet normal 1 -0 0
    outer loop
      vertex 2.4 7.23062 35.98
      vertex 2.4 18.9 24.8
      vertex 2.4 43.5694 35.98
    endloop
  endfacet
  facet normal 1 0 0
    outer loop
      vertex 2.4 7.23062 2.4
      vertex 2.4 7.65 21.19
      vertex 2.4 7.23062 35.98
    endloop
  endfacet
  facet normal 1 0 0
    outer loop
      vertex 2.4 13.65 21.19
      vertex 2.4 7.23062 35.98
      vertex 2.4 7.65 21.19
    endloop
  endfacet
  facet normal 1 0 0
    outer loop
      vertex 2.4 46.9 36
      vertex 2.4 7.23062 35.98
      vertex 2.4 43.5694 35.98
    endloop
  endfacet
  facet normal 1 -0 0
    outer loop
      vertex 2.4 3.9 36
      vertex 2.4 7.23062 35.98
      vertex 2.4 46.9 36
    endloop
  endfacet
  facet normal 1 0 0
    outer loop
      vertex 2.4 7.23062 35.98
      vertex 2.4 3.9 36
      vertex 2.4 4.56937 35.98
    endloop
  endfacet
  facet normal 1 0 0
    outer loop
      vertex 2.4 3.9 2.4
      vertex 2.4 4.56937 35.98
      vertex 2.4 3.9 36
    endloop
  endfacet
  facet normal 1 0 0
    outer loop
      vertex 2.4 4.56937 35.98
      vertex 2.4 3.9 2.4
      vertex 2.4 4.56937 2.4
    endloop
  endfacet
  facet normal 1 0 0
    outer loop
      vertex 2.4 46.9 2.4
      vertex 2.4 46.2306 35.98
      vertex 2.4 46.2306 2.4
    endloop
  endfacet
  facet normal 1 0 0
    outer loop
      vertex 2.4 43.5694 2.4
      vertex 2.4 43.15 21.19
      vertex 2.4 43.15 2.4
    endloop
  endfacet
  facet normal 1 0 0
    outer loop
      vertex 2.4 37.15 21.19
      vertex 2.4 31.9 15.8
      vertex 2.4 37.15 2.4
    endloop
  endfacet
  facet normal 1 -0 0
    outer loop
      vertex 2.4 18.9 15.8
      vertex 2.4 37.15 2.4
      vertex 2.4 31.9 15.8
    endloop
  endfacet
  facet normal 1 0 0
    outer loop
      vertex 2.4 18.9 15.8
      vertex 2.4 13.65 2.4
      vertex 2.4 37.15 2.4
    endloop
  endfacet
  facet normal 1 0 0
    outer loop
      vertex 2.4 13.65 2.4
      vertex 2.4 18.9 15.8
      vertex 2.4 13.65 21.19
    endloop
  endfacet
  facet normal 1 0 0
    outer loop
      vertex 2.4 7.65 21.19
      vertex 2.4 7.23062 2.4
      vertex 2.4 7.65 2.4
    endloop
  endfacet
  facet normal 0.195097 0.980784 -0
    outer loop
      vertex 3.70421 2.41283 2.4
      vertex 3.51177 2.45111 36
      vertex 3.70421 2.41283 36
    endloop
  endfacet
  facet normal 0.195097 0.980784 0
    outer loop
      vertex 3.51177 2.45111 36
      vertex 3.70421 2.41283 2.4
      vertex 3.51177 2.45111 2.4
    endloop
  endfacet
  facet normal -0.896455 -0.443134 0
    outer loop
      vertex 127.586 47.474 2.4
      vertex 127.499 47.65 36
      vertex 127.499 47.65 2.4
    endloop
  endfacet
  facet normal -0.896455 -0.443134 0
    outer loop
      vertex 127.499 47.65 36
      vertex 127.586 47.474 2.4
      vertex 127.586 47.474 36
    endloop
  endfacet
  facet normal 0.831399 -0.555676 0
    outer loop
      vertex 2.60096 47.65 36
      vertex 2.70997 47.8131 2.4
      vertex 2.70997 47.8131 36
    endloop
  endfacet
  facet normal 0.831399 -0.555676 0
    outer loop
      vertex 2.70997 47.8131 2.4
      vertex 2.60096 47.65 36
      vertex 2.60096 47.65 2.4
    endloop
  endfacet
  facet normal 0.946931 0.321437 0
    outer loop
      vertex 2.51418 3.32597 36
      vertex 2.45111 3.51177 2.4
      vertex 2.45111 3.51177 36
    endloop
  endfacet
  facet normal 0.946931 0.321437 0
    outer loop
      vertex 2.45111 3.51177 2.4
      vertex 2.51418 3.32597 36
      vertex 2.51418 3.32597 2.4
    endloop
  endfacet
  facet normal 0.321437 0.946931 -0
    outer loop
      vertex 3.51177 2.45111 2.4
      vertex 3.32597 2.51418 36
      vertex 3.51177 2.45111 36
    endloop
  endfacet
  facet normal 0.321437 0.946931 0
    outer loop
      vertex 3.32597 2.51418 36
      vertex 3.51177 2.45111 2.4
      vertex 3.32597 2.51418 2.4
    endloop
  endfacet
  facet normal 0.752021 -0.659139 0
    outer loop
      vertex 2.70997 47.8131 36
      vertex 2.83934 47.9607 2.4
      vertex 2.83934 47.9607 36
    endloop
  endfacet
  facet normal 0.752021 -0.659139 0
    outer loop
      vertex 2.83934 47.9607 2.4
      vertex 2.70997 47.8131 36
      vertex 2.70997 47.8131 2.4
    endloop
  endfacet
  facet normal 0.555582 0.831462 -0
    outer loop
      vertex 3.15 2.60096 2.4
      vertex 2.98686 2.70997 36
      vertex 3.15 2.60096 36
    endloop
  endfacet
  facet normal 0.555582 0.831462 0
    outer loop
      vertex 2.98686 2.70997 36
      vertex 3.15 2.60096 2.4
      vertex 2.98686 2.70997 2.4
    endloop
  endfacet
  facet normal 0.99786 -0.0653858 0
    outer loop
      vertex 2.4 46.9 36
      vertex 2.41283 47.0958 2.4
      vertex 2.41283 47.0958 36
    endloop
  endfacet
  facet normal 0.99786 -0.0653858 0
    outer loop
      vertex 2.41283 47.0958 2.4
      vertex 2.4 46.9 36
      vertex 2.4 46.9 2.4
    endloop
  endfacet
  facet normal 0.946931 -0.321437 0
    outer loop
      vertex 2.45111 47.2882 36
      vertex 2.51418 47.474 2.4
      vertex 2.51418 47.474 36
    endloop
  endfacet
  facet normal 0.946931 -0.321437 0
    outer loop
      vertex 2.51418 47.474 2.4
      vertex 2.45111 47.2882 36
      vertex 2.45111 47.2882 2.4
    endloop
  endfacet
  facet normal -0.321264 -0.94699 0
    outer loop
      vertex 126.588 48.3489 2.4
      vertex 126.774 48.2858 36
      vertex 126.588 48.3489 36
    endloop
  endfacet
  facet normal -0.321264 -0.94699 -0
    outer loop
      vertex 126.774 48.2858 36
      vertex 126.588 48.3489 2.4
      vertex 126.774 48.2858 2.4
    endloop
  endfacet
  facet normal 0.659341 0.751844 -0
    outer loop
      vertex 2.98686 2.70997 2.4
      vertex 2.83934 2.83934 36
      vertex 2.98686 2.70997 36
    endloop
  endfacet
  facet normal 0.659341 0.751844 0
    outer loop
      vertex 2.83934 2.83934 36
      vertex 2.98686 2.70997 2.4
      vertex 2.83934 2.83934 2.4
    endloop
  endfacet
  facet normal -0.442233 0.8969 0
    outer loop
      vertex 126.95 2.60096 2.4
      vertex 126.774 2.51418 36
      vertex 126.95 2.60096 36
    endloop
  endfacet
  facet normal -0.442233 0.8969 0
    outer loop
      vertex 126.774 2.51418 36
      vertex 126.95 2.60096 2.4
      vertex 126.774 2.51418 2.4
    endloop
  endfacet
  facet normal -0.94704 -0.321117 0
    outer loop
      vertex 127.649 47.2882 2.4
      vertex 127.586 47.474 36
      vertex 127.586 47.474 2.4
    endloop
  endfacet
  facet normal -0.94704 -0.321117 0
    outer loop
      vertex 127.586 47.474 36
      vertex 127.649 47.2882 2.4
      vertex 127.649 47.2882 36
    endloop
  endfacet
  facet normal 0.751844 0.659341 0
    outer loop
      vertex 2.83934 2.83934 36
      vertex 2.70997 2.98686 2.4
      vertex 2.70997 2.98686 36
    endloop
  endfacet
  facet normal 0.751844 0.659341 0
    outer loop
      vertex 2.70997 2.98686 2.4
      vertex 2.83934 2.83934 36
      vertex 2.83934 2.83934 2.4
    endloop
  endfacet
  facet normal -0.981056 0.193723 0
    outer loop
      vertex 127.649 3.51177 2.4
      vertex 127.687 3.70421 36
      vertex 127.687 3.70421 2.4
    endloop
  endfacet
  facet normal -0.981056 0.193723 0
    outer loop
      vertex 127.687 3.70421 36
      vertex 127.649 3.51177 2.4
      vertex 127.649 3.51177 36
    endloop
  endfacet
  facet normal 0.195195 -0.980764 0
    outer loop
      vertex 3.51177 48.3489 2.4
      vertex 3.70421 48.3872 36
      vertex 3.51177 48.3489 36
    endloop
  endfacet
  facet normal 0.195195 -0.980764 0
    outer loop
      vertex 3.70421 48.3872 36
      vertex 3.51177 48.3489 2.4
      vertex 3.70421 48.3872 2.4
    endloop
  endfacet
  facet normal 0.980784 0.195097 0
    outer loop
      vertex 2.45111 3.51177 36
      vertex 2.41283 3.70421 2.4
      vertex 2.41283 3.70421 36
    endloop
  endfacet
  facet normal 0.980784 0.195097 0
    outer loop
      vertex 2.41283 3.70421 2.4
      vertex 2.45111 3.51177 36
      vertex 2.45111 3.51177 2.4
    endloop
  endfacet
  facet normal 0.65914 -0.752021 0
    outer loop
      vertex 2.83934 47.9607 2.4
      vertex 2.98686 48.09 36
      vertex 2.83934 47.9607 36
    endloop
  endfacet
  facet normal 0.65914 -0.752021 0
    outer loop
      vertex 2.98686 48.09 36
      vertex 2.83934 47.9607 2.4
      vertex 2.98686 48.09 2.4
    endloop
  endfacet
  facet normal 0.0653892 0.99786 -0
    outer loop
      vertex 3.9 2.4 2.4
      vertex 3.70421 2.41283 36
      vertex 3.9 2.4 36
    endloop
  endfacet
  facet normal 0.0653892 0.99786 0
    outer loop
      vertex 3.70421 2.41283 36
      vertex 3.9 2.4 2.4
      vertex 3.70421 2.41283 2.4
    endloop
  endfacet
  facet normal -0.0653194 0.997864 0
    outer loop
      vertex 126.396 2.41283 2.4
      vertex 126.2 2.4 36
      vertex 126.396 2.41283 36
    endloop
  endfacet
  facet normal -0.0653194 0.997864 0
    outer loop
      vertex 126.2 2.4 36
      vertex 126.396 2.41283 2.4
      vertex 126.2 2.4 2.4
    endloop
  endfacet
  facet normal 0.0652369 -0.99787 0
    outer loop
      vertex 3.70421 48.3872 2.4
      vertex 3.9 48.4 36
      vertex 3.70421 48.3872 36
    endloop
  endfacet
  facet normal 0.0652369 -0.99787 0
    outer loop
      vertex 3.9 48.4 36
      vertex 3.70421 48.3872 2.4
      vertex 3.9 48.4 2.4
    endloop
  endfacet
  facet normal -0.896425 0.443195 0
    outer loop
      vertex 127.499 3.15 2.4
      vertex 127.586 3.32597 36
      vertex 127.586 3.32597 2.4
    endloop
  endfacet
  facet normal -0.896425 0.443195 0
    outer loop
      vertex 127.586 3.32597 36
      vertex 127.499 3.15 2.4
      vertex 127.499 3.15 36
    endloop
  endfacet
  facet normal -0.442315 -0.89686 0
    outer loop
      vertex 126.774 48.2858 2.4
      vertex 126.95 48.199 36
      vertex 126.774 48.2858 36
    endloop
  endfacet
  facet normal -0.442315 -0.89686 -0
    outer loop
      vertex 126.95 48.199 36
      vertex 126.774 48.2858 2.4
      vertex 126.95 48.199 2.4
    endloop
  endfacet
  facet normal -0 0 1
    outer loop
      vertex 3.9 48.4 2.4
      vertex 4.46494 48.3645 2.4
      vertex 4.56937 48.4 2.4
    endloop
  endfacet
  facet normal 0 0 1
    outer loop
      vertex 3.9 48.4 2.4
      vertex 4.025 48.1476 2.4
      vertex 4.46494 48.3645 2.4
    endloop
  endfacet
  facet normal -0 0 1
    outer loop
      vertex 3.70421 48.3872 2.4
      vertex 4.025 48.1476 2.4
      vertex 3.9 48.4 2.4
    endloop
  endfacet
  facet normal 0 0 1
    outer loop
      vertex 3.70421 48.3872 2.4
      vertex 3.61714 47.8751 2.4
      vertex 4.025 48.1476 2.4
    endloop
  endfacet
  facet normal -0 0 1
    outer loop
      vertex 3.51177 48.3489 2.4
      vertex 3.61714 47.8751 2.4
      vertex 3.70421 48.3872 2.4
    endloop
  endfacet
  facet normal -0 0 1
    outer loop
      vertex 3.32597 48.2858 2.4
      vertex 3.61714 47.8751 2.4
      vertex 3.51177 48.3489 2.4
    endloop
  endfacet
  facet normal -0 0 1
    outer loop
      vertex 3.15 48.199 2.4
      vertex 3.61714 47.8751 2.4
      vertex 3.32597 48.2858 2.4
    endloop
  endfacet
  facet normal 0 0 1
    outer loop
      vertex 3.61714 47.8751 2.4
      vertex 3.15 48.199 2.4
      vertex 3.24835 47.5517 2.4
    endloop
  endfacet
  facet normal -0 0 1
    outer loop
      vertex 2.98686 48.09 2.4
      vertex 3.24835 47.5517 2.4
      vertex 3.15 48.199 2.4
    endloop
  endfacet
  facet normal -0 0 1
    outer loop
      vertex 2.83934 47.9607 2.4
      vertex 3.24835 47.5517 2.4
      vertex 2.98686 48.09 2.4
    endloop
  endfacet
  facet normal -0 0 1
    outer loop
      vertex 2.70997 47.8131 2.4
      vertex 3.24835 47.5517 2.4
      vertex 2.83934 47.9607 2.4
    endloop
  endfacet
  facet normal -0 0 1
    outer loop
      vertex 2.60096 47.65 2.4
      vertex 3.24835 47.5517 2.4
      vertex 2.70997 47.8131 2.4
    endloop
  endfacet
  facet normal 0 0 1
    outer loop
      vertex 3.24835 47.5517 2.4
      vertex 2.60096 47.65 2.4
      vertex 2.92492 47.1829 2.4
    endloop
  endfacet
  facet normal -0 0 1
    outer loop
      vertex 2.51418 47.474 2.4
      vertex 2.92492 47.1829 2.4
      vertex 2.60096 47.65 2.4
    endloop
  endfacet
  facet normal -0 0 1
    outer loop
      vertex 2.45111 47.2882 2.4
      vertex 2.92492 47.1829 2.4
      vertex 2.51418 47.474 2.4
    endloop
  endfacet
  facet normal 0 0 1
    outer loop
      vertex 2.41283 47.0958 2.4
      vertex 2.92492 47.1829 2.4
      vertex 2.45111 47.2882 2.4
    endloop
  endfacet
  facet normal 0 0 1
    outer loop
      vertex 2.92492 47.1829 2.4
      vertex 2.41283 47.0958 2.4
      vertex 2.6524 46.775 2.4
    endloop
  endfacet
  facet normal 0 0 1
    outer loop
      vertex 2.6524 46.775 2.4
      vertex 2.41283 47.0958 2.4
      vertex 2.4 46.9 2.4
    endloop
  endfacet
  facet normal 0 0 1
    outer loop
      vertex 2.6524 46.775 2.4
      vertex 2.4 46.9 2.4
      vertex 2.43545 46.3351 2.4
    endloop
  endfacet
  facet normal 0 0 1
    outer loop
      vertex 2.43545 46.3351 2.4
      vertex 2.4 46.9 2.4
      vertex 2.4 46.2306 2.4
    endloop
  endfacet
  facet normal 0 0 1
    outer loop
      vertex 127.448 46.775 2.4
      vertex 127.7 46.9 2.4
      vertex 127.687 47.0958 2.4
    endloop
  endfacet
  facet normal 0 0 1
    outer loop
      vertex 127.7 46.9 2.4
      vertex 127.665 46.3351 2.4
      vertex 127.7 46.2306 2.4
    endloop
  endfacet
  facet normal -0 0 1
    outer loop
      vertex 127.175 47.1829 2.4
      vertex 127.687 47.0958 2.4
      vertex 127.649 47.2882 2.4
    endloop
  endfacet
  facet normal 0 0 1
    outer loop
      vertex 127.175 47.1829 2.4
      vertex 127.649 47.2882 2.4
      vertex 127.586 47.474 2.4
    endloop
  endfacet
  facet normal 0 0 1
    outer loop
      vertex 127.175 47.1829 2.4
      vertex 127.586 47.474 2.4
      vertex 127.499 47.65 2.4
    endloop
  endfacet
  facet normal 0 0 1
    outer loop
      vertex 127.7 46.9 2.4
      vertex 127.448 46.775 2.4
      vertex 127.665 46.3351 2.4
    endloop
  endfacet
  facet normal 0 0 1
    outer loop
      vertex 126.852 47.5517 2.4
      vertex 127.499 47.65 2.4
      vertex 127.39 47.8131 2.4
    endloop
  endfacet
  facet normal 0 0 1
    outer loop
      vertex 126.852 47.5517 2.4
      vertex 127.39 47.8131 2.4
      vertex 127.261 47.9607 2.4
    endloop
  endfacet
  facet normal 0 0 1
    outer loop
      vertex 127.687 47.0958 2.4
      vertex 127.175 47.1829 2.4
      vertex 127.448 46.775 2.4
    endloop
  endfacet
  facet normal 0 0 1
    outer loop
      vertex 126.852 47.5517 2.4
      vertex 127.261 47.9607 2.4
      vertex 127.113 48.09 2.4
    endloop
  endfacet
  facet normal 0 0 1
    outer loop
      vertex 126.852 47.5517 2.4
      vertex 127.113 48.09 2.4
      vertex 126.95 48.199 2.4
    endloop
  endfacet
  facet normal 0 0 1
    outer loop
      vertex 127.499 47.65 2.4
      vertex 126.852 47.5517 2.4
      vertex 127.175 47.1829 2.4
    endloop
  endfacet
  facet normal 0 0 1
    outer loop
      vertex 126.483 47.8751 2.4
      vertex 126.95 48.199 2.4
      vertex 126.774 48.2858 2.4
    endloop
  endfacet
  facet normal 0 0 1
    outer loop
      vertex 126.483 47.8751 2.4
      vertex 126.774 48.2858 2.4
      vertex 126.588 48.3489 2.4
    endloop
  endfacet
  facet normal 0 0 1
    outer loop
      vertex 126.95 48.199 2.4
      vertex 126.483 47.8751 2.4
      vertex 126.852 47.5517 2.4
    endloop
  endfacet
  facet normal 0 0 1
    outer loop
      vertex 126.396 48.3872 2.4
      vertex 126.483 47.8751 2.4
      vertex 126.588 48.3489 2.4
    endloop
  endfacet
  facet normal 0 0 1
    outer loop
      vertex 126.075 48.1476 2.4
      vertex 126.396 48.3872 2.4
      vertex 126.2 48.4 2.4
    endloop
  endfacet
  facet normal 0 0 1
    outer loop
      vertex 126.396 48.3872 2.4
      vertex 126.075 48.1476 2.4
      vertex 126.483 47.8751 2.4
    endloop
  endfacet
  facet normal 0 0 1
    outer loop
      vertex 126.2 48.4 2.4
      vertex 125.635 48.3645 2.4
      vertex 126.075 48.1476 2.4
    endloop
  endfacet
  facet normal 0 -0 1
    outer loop
      vertex 125.635 48.3645 2.4
      vertex 126.2 48.4 2.4
      vertex 125.531 48.4 2.4
    endloop
  endfacet
  facet normal -0 0 1
    outer loop
      vertex 127.665 4.46494 2.4
      vertex 127.7 3.9 2.4
      vertex 127.7 4.56937 2.4
    endloop
  endfacet
  facet normal -0 0 1
    outer loop
      vertex 127.448 4.025 2.4
      vertex 127.7 3.9 2.4
      vertex 127.665 4.46494 2.4
    endloop
  endfacet
  facet normal 0 0 1
    outer loop
      vertex 127.7 3.9 2.4
      vertex 127.448 4.025 2.4
      vertex 127.687 3.70421 2.4
    endloop
  endfacet
  facet normal 0 0 1
    outer loop
      vertex 127.175 3.61714 2.4
      vertex 127.687 3.70421 2.4
      vertex 127.448 4.025 2.4
    endloop
  endfacet
  facet normal 0 0 1
    outer loop
      vertex 127.687 3.70421 2.4
      vertex 127.175 3.61714 2.4
      vertex 127.649 3.51177 2.4
    endloop
  endfacet
  facet normal 0 0 1
    outer loop
      vertex 127.649 3.51177 2.4
      vertex 127.175 3.61714 2.4
      vertex 127.586 3.32597 2.4
    endloop
  endfacet
  facet normal 0 0 1
    outer loop
      vertex 127.586 3.32597 2.4
      vertex 127.175 3.61714 2.4
      vertex 127.499 3.15 2.4
    endloop
  endfacet
  facet normal -0 0 1
    outer loop
      vertex 126.852 3.24835 2.4
      vertex 127.499 3.15 2.4
      vertex 127.175 3.61714 2.4
    endloop
  endfacet
  facet normal 0 0 1
    outer loop
      vertex 127.499 3.15 2.4
      vertex 126.852 3.24835 2.4
      vertex 127.39 2.98686 2.4
    endloop
  endfacet
  facet normal 0 0 1
    outer loop
      vertex 127.39 2.98686 2.4
      vertex 126.852 3.24835 2.4
      vertex 127.261 2.83934 2.4
    endloop
  endfacet
  facet normal 0 0 1
    outer loop
      vertex 127.261 2.83934 2.4
      vertex 126.852 3.24835 2.4
      vertex 127.113 2.70997 2.4
    endloop
  endfacet
  facet normal 0 0 1
    outer loop
      vertex 127.113 2.70997 2.4
      vertex 126.852 3.24835 2.4
      vertex 126.95 2.60096 2.4
    endloop
  endfacet
  facet normal -0 0 1
    outer loop
      vertex 126.483 2.92492 2.4
      vertex 126.95 2.60096 2.4
      vertex 126.852 3.24835 2.4
    endloop
  endfacet
  facet normal 0 0 1
    outer loop
      vertex 126.95 2.60096 2.4
      vertex 126.483 2.92492 2.4
      vertex 126.774 2.51418 2.4
    endloop
  endfacet
  facet normal 0 0 1
    outer loop
      vertex 126.774 2.51418 2.4
      vertex 126.483 2.92492 2.4
      vertex 126.588 2.45111 2.4
    endloop
  endfacet
  facet normal 0 0 1
    outer loop
      vertex 126.483 2.92492 2.4
      vertex 126.396 2.41283 2.4
      vertex 126.588 2.45111 2.4
    endloop
  endfacet
  facet normal -0 0 1
    outer loop
      vertex 126.075 2.6524 2.4
      vertex 126.396 2.41283 2.4
      vertex 126.483 2.92492 2.4
    endloop
  endfacet
  facet normal 0 0 1
    outer loop
      vertex 126.396 2.41283 2.4
      vertex 126.075 2.6524 2.4
      vertex 126.2 2.4 2.4
    endloop
  endfacet
  facet normal -0 0 1
    outer loop
      vertex 125.635 2.43545 2.4
      vertex 126.2 2.4 2.4
      vertex 126.075 2.6524 2.4
    endloop
  endfacet
  facet normal 0 0 1
    outer loop
      vertex 126.2 2.4 2.4
      vertex 125.635 2.43545 2.4
      vertex 125.531 2.4 2.4
    endloop
  endfacet
  facet normal 0 0 1
    outer loop
      vertex 4.46494 2.43545 2.4
      vertex 3.9 2.4 2.4
      vertex 4.56937 2.4 2.4
    endloop
  endfacet
  facet normal 0 0 1
    outer loop
      vertex 4.025 2.6524 2.4
      vertex 3.9 2.4 2.4
      vertex 4.46494 2.43545 2.4
    endloop
  endfacet
  facet normal 0 0 1
    outer loop
      vertex 4.025 2.6524 2.4
      vertex 3.70421 2.41283 2.4
      vertex 3.9 2.4 2.4
    endloop
  endfacet
  facet normal 0 0 1
    outer loop
      vertex 3.61714 2.92492 2.4
      vertex 3.70421 2.41283 2.4
      vertex 4.025 2.6524 2.4
    endloop
  endfacet
  facet normal 0 0 1
    outer loop
      vertex 3.61714 2.92492 2.4
      vertex 3.51177 2.45111 2.4
      vertex 3.70421 2.41283 2.4
    endloop
  endfacet
  facet normal 0 0 1
    outer loop
      vertex 3.61714 2.92492 2.4
      vertex 3.32597 2.51418 2.4
      vertex 3.51177 2.45111 2.4
    endloop
  endfacet
  facet normal 0 0 1
    outer loop
      vertex 3.15 2.60096 2.4
      vertex 3.61714 2.92492 2.4
      vertex 3.24835 3.24835 2.4
    endloop
  endfacet
  facet normal 0 0 1
    outer loop
      vertex 3.61714 2.92492 2.4
      vertex 3.15 2.60096 2.4
      vertex 3.32597 2.51418 2.4
    endloop
  endfacet
  facet normal 0 0 1
    outer loop
      vertex 3.24835 3.24835 2.4
      vertex 2.98686 2.70997 2.4
      vertex 3.15 2.60096 2.4
    endloop
  endfacet
  facet normal 0 0 1
    outer loop
      vertex 2.60096 3.15 2.4
      vertex 3.24835 3.24835 2.4
      vertex 2.92492 3.61714 2.4
    endloop
  endfacet
  facet normal 0 0 1
    outer loop
      vertex 3.24835 3.24835 2.4
      vertex 2.83934 2.83934 2.4
      vertex 2.98686 2.70997 2.4
    endloop
  endfacet
  facet normal 0 0 1
    outer loop
      vertex 3.24835 3.24835 2.4
      vertex 2.70997 2.98686 2.4
      vertex 2.83934 2.83934 2.4
    endloop
  endfacet
  facet normal -0 0 1
    outer loop
      vertex 2.41283 3.70421 2.4
      vertex 2.92492 3.61714 2.4
      vertex 2.6524 4.025 2.4
    endloop
  endfacet
  facet normal 0 0 1
    outer loop
      vertex 3.24835 3.24835 2.4
      vertex 2.60096 3.15 2.4
      vertex 2.70997 2.98686 2.4
    endloop
  endfacet
  facet normal 0 0 1
    outer loop
      vertex 2.92492 3.61714 2.4
      vertex 2.51418 3.32597 2.4
      vertex 2.60096 3.15 2.4
    endloop
  endfacet
  facet normal 0 0 1
    outer loop
      vertex 2.92492 3.61714 2.4
      vertex 2.45111 3.51177 2.4
      vertex 2.51418 3.32597 2.4
    endloop
  endfacet
  facet normal 0 0 1
    outer loop
      vertex 2.4 3.9 2.4
      vertex 2.6524 4.025 2.4
      vertex 2.43545 4.46494 2.4
    endloop
  endfacet
  facet normal 0 -0 1
    outer loop
      vertex 2.41283 3.70421 2.4
      vertex 2.6524 4.025 2.4
      vertex 2.4 3.9 2.4
    endloop
  endfacet
  facet normal 0 0 1
    outer loop
      vertex 2.4 3.9 2.4
      vertex 2.43545 4.46494 2.4
      vertex 2.4 4.56937 2.4
    endloop
  endfacet
  facet normal 0 0 1
    outer loop
      vertex 2.92492 3.61714 2.4
      vertex 2.41283 3.70421 2.4
      vertex 2.45111 3.51177 2.4
    endloop
  endfacet
  facet normal -0 0 1
    outer loop
      vertex 2.4 37.15 2.4
      vertex 6.4 13.65 2.4
      vertex 6.4 37.15 2.4
    endloop
  endfacet
  facet normal 0 0 1
    outer loop
      vertex 6.4 13.65 2.4
      vertex 2.4 37.15 2.4
      vertex 2.4 13.65 2.4
    endloop
  endfacet
  facet normal -0 0 1
    outer loop
      vertex 9.36455 43.4649 2.4
      vertex 52.9 37.15 2.4
      vertex 9.52222 43.9294 2.4
    endloop
  endfacet
  facet normal 0 0 1
    outer loop
      vertex 52.9 13.65 2.4
      vertex 9.61792 6.38947 2.4
      vertex 9.65 5.9 2.4
    endloop
  endfacet
  facet normal -0 0 1
    outer loop
      vertex 9.14759 43.025 2.4
      vertex 52.9 37.15 2.4
      vertex 9.36455 43.4649 2.4
    endloop
  endfacet
  facet normal 0 0 1
    outer loop
      vertex 52.9 13.65 2.4
      vertex 9.52222 6.87057 2.4
      vertex 9.61792 6.38947 2.4
    endloop
  endfacet
  facet normal 0 0 1
    outer loop
      vertex 6.4 37.15 2.4
      vertex 52.9 37.15 2.4
      vertex 9.14759 43.025 2.4
    endloop
  endfacet
  facet normal 0 0 1
    outer loop
      vertex 52.9 13.65 2.4
      vertex 9.36455 7.33506 2.4
      vertex 9.52222 6.87057 2.4
    endloop
  endfacet
  facet normal 0 0 1
    outer loop
      vertex 52.9 37.15 2.4
      vertex 6.4 37.15 2.4
      vertex 52.9 13.65 2.4
    endloop
  endfacet
  facet normal 0 0 1
    outer loop
      vertex 52.9 13.65 2.4
      vertex 9.14759 7.775 2.4
      vertex 9.36455 7.33506 2.4
    endloop
  endfacet
  facet normal 0 0 1
    outer loop
      vertex 6.4 37.15 2.4
      vertex 9.14759 43.025 2.4
      vertex 8.87507 42.6171 2.4
    endloop
  endfacet
  facet normal 0 0 1
    outer loop
      vertex 6.4 13.65 2.4
      vertex 52.9 13.65 2.4
      vertex 6.4 37.15 2.4
    endloop
  endfacet
  facet normal 0 0 1
    outer loop
      vertex 6.4 37.15 2.4
      vertex 8.87507 42.6171 2.4
      vertex 8.55165 42.2483 2.4
    endloop
  endfacet
  facet normal 0 0 1
    outer loop
      vertex 52.9 13.65 2.4
      vertex 6.4 13.65 2.4
      vertex 9.14759 7.775 2.4
    endloop
  endfacet
  facet normal 0 0 1
    outer loop
      vertex 6.4 37.15 2.4
      vertex 8.55165 42.2483 2.4
      vertex 8.18285 41.9249 2.4
    endloop
  endfacet
  facet normal 0 0 1
    outer loop
      vertex 9.14759 7.775 2.4
      vertex 6.4 13.65 2.4
      vertex 8.87507 8.18285 2.4
    endloop
  endfacet
  facet normal 0 0 1
    outer loop
      vertex 6.4 37.15 2.4
      vertex 8.18285 41.9249 2.4
      vertex 7.775 41.6524 2.4
    endloop
  endfacet
  facet normal 0 0 1
    outer loop
      vertex 8.87507 8.18285 2.4
      vertex 6.4 13.65 2.4
      vertex 8.55165 8.55165 2.4
    endloop
  endfacet
  facet normal 0 0 1
    outer loop
      vertex 6.4 37.15 2.4
      vertex 7.775 41.6524 2.4
      vertex 7.33506 41.4355 2.4
    endloop
  endfacet
  facet normal 0 0 1
    outer loop
      vertex 8.55165 8.55165 2.4
      vertex 6.4 13.65 2.4
      vertex 8.18285 8.87507 2.4
    endloop
  endfacet
  facet normal 0 0 1
    outer loop
      vertex 6.4 37.15 2.4
      vertex 7.33506 41.4355 2.4
      vertex 6.87057 41.2778 2.4
    endloop
  endfacet
  facet normal 0 0 1
    outer loop
      vertex 8.18285 8.87507 2.4
      vertex 6.4 13.65 2.4
      vertex 7.775 9.14759 2.4
    endloop
  endfacet
  facet normal 0 0 1
    outer loop
      vertex 6.4 37.15 2.4
      vertex 6.87057 41.2778 2.4
      vertex 6.4 41.1842 2.4
    endloop
  endfacet
  facet normal 0 0 1
    outer loop
      vertex 7.775 9.14759 2.4
      vertex 6.4 13.65 2.4
      vertex 7.33506 9.36455 2.4
    endloop
  endfacet
  facet normal 0 0 1
    outer loop
      vertex 7.33506 9.36455 2.4
      vertex 6.4 13.65 2.4
      vertex 6.87057 9.52222 2.4
    endloop
  endfacet
  facet normal 0 0 1
    outer loop
      vertex 6.87057 9.52222 2.4
      vertex 6.4 13.65 2.4
      vertex 6.4 9.61582 2.4
    endloop
  endfacet
  facet normal -0 0 1
    outer loop
      vertex 52.9 37.15 2.4
      vertex 58.9 13.65 2.4
      vertex 58.9 37.15 2.4
    endloop
  endfacet
  facet normal 0 0 1
    outer loop
      vertex 58.9 13.65 2.4
      vertex 52.9 37.15 2.4
      vertex 52.9 13.65 2.4
    endloop
  endfacet
  facet normal -0 0 1
    outer loop
      vertex 79.9 37.4 2.4
      vertex 85.9 13.4 2.4
      vertex 85.9 37.4 2.4
    endloop
  endfacet
  facet normal 0 0 1
    outer loop
      vertex 85.9 13.4 2.4
      vertex 79.9 37.4 2.4
      vertex 79.9 13.4 2.4
    endloop
  endfacet
  facet normal 0 0 1
    outer loop
      vertex 120.735 7.33506 2.4
      vertex 85.9 13.4 2.4
      vertex 120.578 6.87057 2.4
    endloop
  endfacet
  facet normal 0 0 1
    outer loop
      vertex 120.482 45.3895 2.4
      vertex 85.9 43.4 2.4
      vertex 120.45 44.9 2.4
    endloop
  endfacet
  facet normal 0 0 1
    outer loop
      vertex 120.578 45.8706 2.4
      vertex 85.9 43.4 2.4
      vertex 120.482 45.3895 2.4
    endloop
  endfacet
  facet normal 0 0 1
    outer loop
      vertex 120.735 46.3351 2.4
      vertex 85.9 43.4 2.4
      vertex 120.578 45.8706 2.4
    endloop
  endfacet
  facet normal 0 0 1
    outer loop
      vertex 120.952 46.775 2.4
      vertex 85.9 43.4 2.4
      vertex 120.735 46.3351 2.4
    endloop
  endfacet
  facet normal 0 0 1
    outer loop
      vertex 121.225 47.1829 2.4
      vertex 85.9 43.4 2.4
      vertex 120.952 46.775 2.4
    endloop
  endfacet
  facet normal 0 0 1
    outer loop
      vertex 121.548 47.5517 2.4
      vertex 85.9 43.4 2.4
      vertex 121.225 47.1829 2.4
    endloop
  endfacet
  facet normal 0 0 1
    outer loop
      vertex 121.917 47.8751 2.4
      vertex 85.9 43.4 2.4
      vertex 121.548 47.5517 2.4
    endloop
  endfacet
  facet normal 0 0 1
    outer loop
      vertex 122.325 48.1476 2.4
      vertex 85.9 43.4 2.4
      vertex 121.917 47.8751 2.4
    endloop
  endfacet
  facet normal 0 0 1
    outer loop
      vertex 122.765 48.3645 2.4
      vertex 85.9 43.4 2.4
      vertex 122.325 48.1476 2.4
    endloop
  endfacet
  facet normal 0 0 1
    outer loop
      vertex 122.869 48.4 2.4
      vertex 85.9 43.4 2.4
      vertex 122.765 48.3645 2.4
    endloop
  endfacet
  facet normal 0 0 1
    outer loop
      vertex 122.869 48.4 2.4
      vertex 79.9 43.4 2.4
      vertex 85.9 43.4 2.4
    endloop
  endfacet
  facet normal -0 0 1
    outer loop
      vertex 58.9 43.15 2.4
      vertex 79.9 37.4 2.4
      vertex 79.9 43.4 2.4
    endloop
  endfacet
  facet normal 0 0 1
    outer loop
      vertex 79.9 37.4 2.4
      vertex 58.9 37.15 2.4
      vertex 79.9 13.4 2.4
    endloop
  endfacet
  facet normal 0 0 1
    outer loop
      vertex 79.9 37.4 2.4
      vertex 58.9 43.15 2.4
      vertex 58.9 37.15 2.4
    endloop
  endfacet
  facet normal 0 0 1
    outer loop
      vertex 122.869 48.4 2.4
      vertex 58.9 43.15 2.4
      vertex 79.9 43.4 2.4
    endloop
  endfacet
  facet normal -0 0 1
    outer loop
      vertex 7.23062 48.4 2.4
      vertex 58.9 43.15 2.4
      vertex 122.869 48.4 2.4
    endloop
  endfacet
  facet normal -0 0 1
    outer loop
      vertex 9.61792 44.4105 2.4
      vertex 52.9 43.15 2.4
      vertex 9.65 44.9 2.4
    endloop
  endfacet
  facet normal 0 0 1
    outer loop
      vertex 52.9 43.15 2.4
      vertex 9.61792 44.4105 2.4
      vertex 52.9 37.15 2.4
    endloop
  endfacet
  facet normal -0 0 1
    outer loop
      vertex 9.52222 43.9294 2.4
      vertex 52.9 37.15 2.4
      vertex 9.61792 44.4105 2.4
    endloop
  endfacet
  facet normal 0 0 1
    outer loop
      vertex 58.9 43.15 2.4
      vertex 7.23062 48.4 2.4
      vertex 52.9 43.15 2.4
    endloop
  endfacet
  facet normal 0 0 1
    outer loop
      vertex 52.9 43.15 2.4
      vertex 9.61792 45.3895 2.4
      vertex 9.65 44.9 2.4
    endloop
  endfacet
  facet normal 0 0 1
    outer loop
      vertex 52.9 43.15 2.4
      vertex 9.52222 45.8706 2.4
      vertex 9.61792 45.3895 2.4
    endloop
  endfacet
  facet normal 0 0 1
    outer loop
      vertex 52.9 43.15 2.4
      vertex 9.36455 46.3351 2.4
      vertex 9.52222 45.8706 2.4
    endloop
  endfacet
  facet normal 0 0 1
    outer loop
      vertex 52.9 43.15 2.4
      vertex 9.14759 46.775 2.4
      vertex 9.36455 46.3351 2.4
    endloop
  endfacet
  facet normal 0 0 1
    outer loop
      vertex 52.9 43.15 2.4
      vertex 8.87507 47.1829 2.4
      vertex 9.14759 46.775 2.4
    endloop
  endfacet
  facet normal 0 0 1
    outer loop
      vertex 52.9 43.15 2.4
      vertex 8.55165 47.5517 2.4
      vertex 8.87507 47.1829 2.4
    endloop
  endfacet
  facet normal 0 0 1
    outer loop
      vertex 52.9 43.15 2.4
      vertex 8.18285 47.8751 2.4
      vertex 8.55165 47.5517 2.4
    endloop
  endfacet
  facet normal 0 0 1
    outer loop
      vertex 52.9 43.15 2.4
      vertex 7.775 48.1476 2.4
      vertex 8.18285 47.8751 2.4
    endloop
  endfacet
  facet normal 0 0 1
    outer loop
      vertex 52.9 43.15 2.4
      vertex 7.33506 48.3645 2.4
      vertex 7.775 48.1476 2.4
    endloop
  endfacet
  facet normal 0 0 1
    outer loop
      vertex 52.9 43.15 2.4
      vertex 7.23062 48.4 2.4
      vertex 7.33506 48.3645 2.4
    endloop
  endfacet
  facet normal 0 0 1
    outer loop
      vertex 121.917 41.9249 2.4
      vertex 122.2 37.4 2.4
      vertex 122.2 41.7359 2.4
    endloop
  endfacet
  facet normal 0 0 1
    outer loop
      vertex 121.548 42.2483 2.4
      vertex 122.2 37.4 2.4
      vertex 121.917 41.9249 2.4
    endloop
  endfacet
  facet normal 0 0 1
    outer loop
      vertex 121.225 42.6171 2.4
      vertex 122.2 37.4 2.4
      vertex 121.548 42.2483 2.4
    endloop
  endfacet
  facet normal 0 0 1
    outer loop
      vertex 122.2 13.4 2.4
      vertex 121.917 8.87507 2.4
      vertex 122.2 9.06407 2.4
    endloop
  endfacet
  facet normal 0 0 1
    outer loop
      vertex 120.952 43.025 2.4
      vertex 122.2 37.4 2.4
      vertex 121.225 42.6171 2.4
    endloop
  endfacet
  facet normal 0 0 1
    outer loop
      vertex 122.2 13.4 2.4
      vertex 121.548 8.55165 2.4
      vertex 121.917 8.87507 2.4
    endloop
  endfacet
  facet normal 0 0 1
    outer loop
      vertex 120.735 43.4649 2.4
      vertex 122.2 37.4 2.4
      vertex 120.952 43.025 2.4
    endloop
  endfacet
  facet normal 0 0 1
    outer loop
      vertex 122.2 13.4 2.4
      vertex 121.225 8.18285 2.4
      vertex 121.548 8.55165 2.4
    endloop
  endfacet
  facet normal 0 0 1
    outer loop
      vertex 85.9 37.4 2.4
      vertex 120.578 43.9294 2.4
      vertex 85.9 43.4 2.4
    endloop
  endfacet
  facet normal 0 0 1
    outer loop
      vertex 122.2 13.4 2.4
      vertex 120.952 7.775 2.4
      vertex 121.225 8.18285 2.4
    endloop
  endfacet
  facet normal 0 0 1
    outer loop
      vertex 120.578 43.9294 2.4
      vertex 85.9 37.4 2.4
      vertex 120.735 43.4649 2.4
    endloop
  endfacet
  facet normal 0 0 1
    outer loop
      vertex 122.2 13.4 2.4
      vertex 120.735 7.33506 2.4
      vertex 120.952 7.775 2.4
    endloop
  endfacet
  facet normal 0 0 1
    outer loop
      vertex 120.735 43.4649 2.4
      vertex 85.9 37.4 2.4
      vertex 122.2 37.4 2.4
    endloop
  endfacet
  facet normal 0 0 1
    outer loop
      vertex 122.2 37.4 2.4
      vertex 85.9 37.4 2.4
      vertex 122.2 13.4 2.4
    endloop
  endfacet
  facet normal 0 0 1
    outer loop
      vertex 85.9 43.4 2.4
      vertex 120.578 43.9294 2.4
      vertex 120.482 44.4105 2.4
    endloop
  endfacet
  facet normal 0 0 1
    outer loop
      vertex 85.9 13.4 2.4
      vertex 122.2 13.4 2.4
      vertex 85.9 37.4 2.4
    endloop
  endfacet
  facet normal 0 0 1
    outer loop
      vertex 85.9 43.4 2.4
      vertex 120.482 44.4105 2.4
      vertex 120.45 44.9 2.4
    endloop
  endfacet
  facet normal 0 0 1
    outer loop
      vertex 122.2 13.4 2.4
      vertex 85.9 13.4 2.4
      vertex 120.735 7.33506 2.4
    endloop
  endfacet
  facet normal -0 0 1
    outer loop
      vertex 122.2 37.4 2.4
      vertex 127.7 13.4 2.4
      vertex 127.7 37.4 2.4
    endloop
  endfacet
  facet normal 0 0 1
    outer loop
      vertex 127.7 13.4 2.4
      vertex 122.2 37.4 2.4
      vertex 122.2 13.4 2.4
    endloop
  endfacet
  facet normal -0 0 1
    outer loop
      vertex 85.9 7.4 2.4
      vertex 120.578 6.87057 2.4
      vertex 85.9 13.4 2.4
    endloop
  endfacet
  facet normal 0 0 1
    outer loop
      vertex 120.578 6.87057 2.4
      vertex 85.9 7.4 2.4
      vertex 120.482 6.38947 2.4
    endloop
  endfacet
  facet normal 0 0 1
    outer loop
      vertex 120.482 6.38947 2.4
      vertex 85.9 7.4 2.4
      vertex 120.45 5.9 2.4
    endloop
  endfacet
  facet normal 0 0 1
    outer loop
      vertex 120.45 5.9 2.4
      vertex 85.9 7.4 2.4
      vertex 120.482 5.41053 2.4
    endloop
  endfacet
  facet normal 0 0 1
    outer loop
      vertex 120.482 5.41053 2.4
      vertex 85.9 7.4 2.4
      vertex 120.578 4.92943 2.4
    endloop
  endfacet
  facet normal 0 0 1
    outer loop
      vertex 120.578 4.92943 2.4
      vertex 85.9 7.4 2.4
      vertex 120.735 4.46494 2.4
    endloop
  endfacet
  facet normal 0 0 1
    outer loop
      vertex 120.735 4.46494 2.4
      vertex 85.9 7.4 2.4
      vertex 120.952 4.025 2.4
    endloop
  endfacet
  facet normal 0 0 1
    outer loop
      vertex 120.952 4.025 2.4
      vertex 85.9 7.4 2.4
      vertex 121.225 3.61714 2.4
    endloop
  endfacet
  facet normal 0 0 1
    outer loop
      vertex 121.225 3.61714 2.4
      vertex 85.9 7.4 2.4
      vertex 121.548 3.24835 2.4
    endloop
  endfacet
  facet normal 0 0 1
    outer loop
      vertex 121.548 3.24835 2.4
      vertex 85.9 7.4 2.4
      vertex 121.917 2.92492 2.4
    endloop
  endfacet
  facet normal 0 0 1
    outer loop
      vertex 121.917 2.92492 2.4
      vertex 85.9 7.4 2.4
      vertex 122.325 2.6524 2.4
    endloop
  endfacet
  facet normal 0 0 1
    outer loop
      vertex 122.325 2.6524 2.4
      vertex 85.9 7.4 2.4
      vertex 122.765 2.43545 2.4
    endloop
  endfacet
  facet normal 0 0 1
    outer loop
      vertex 122.765 2.43545 2.4
      vertex 85.9 7.4 2.4
      vertex 122.869 2.4 2.4
    endloop
  endfacet
  facet normal -0 0 1
    outer loop
      vertex 79.9 7.4 2.4
      vertex 122.869 2.4 2.4
      vertex 85.9 7.4 2.4
    endloop
  endfacet
  facet normal -0 0 1
    outer loop
      vertex 58.9 13.65 2.4
      vertex 79.9 13.4 2.4
      vertex 58.9 37.15 2.4
    endloop
  endfacet
  facet normal 0 0 1
    outer loop
      vertex 58.9 7.65 2.4
      vertex 79.9 13.4 2.4
      vertex 58.9 13.65 2.4
    endloop
  endfacet
  facet normal 0 0 1
    outer loop
      vertex 79.9 13.4 2.4
      vertex 58.9 7.65 2.4
      vertex 79.9 7.4 2.4
    endloop
  endfacet
  facet normal 0 0 1
    outer loop
      vertex 58.9 7.65 2.4
      vertex 122.869 2.4 2.4
      vertex 79.9 7.4 2.4
    endloop
  endfacet
  facet normal 0 0 1
    outer loop
      vertex 7.23062 2.4 2.4
      vertex 58.9 7.65 2.4
      vertex 52.9 7.65 2.4
    endloop
  endfacet
  facet normal 0 0 1
    outer loop
      vertex 52.9 13.65 2.4
      vertex 9.65 5.9 2.4
      vertex 52.9 7.65 2.4
    endloop
  endfacet
  facet normal 0 0 1
    outer loop
      vertex 9.61792 5.41053 2.4
      vertex 52.9 7.65 2.4
      vertex 9.65 5.9 2.4
    endloop
  endfacet
  facet normal 0 0 1
    outer loop
      vertex 9.52222 4.92943 2.4
      vertex 52.9 7.65 2.4
      vertex 9.61792 5.41053 2.4
    endloop
  endfacet
  facet normal 0 0 1
    outer loop
      vertex 9.36455 4.46494 2.4
      vertex 52.9 7.65 2.4
      vertex 9.52222 4.92943 2.4
    endloop
  endfacet
  facet normal 0 0 1
    outer loop
      vertex 9.14759 4.025 2.4
      vertex 52.9 7.65 2.4
      vertex 9.36455 4.46494 2.4
    endloop
  endfacet
  facet normal 0 0 1
    outer loop
      vertex 8.87507 3.61714 2.4
      vertex 52.9 7.65 2.4
      vertex 9.14759 4.025 2.4
    endloop
  endfacet
  facet normal 0 0 1
    outer loop
      vertex 8.55165 3.24835 2.4
      vertex 52.9 7.65 2.4
      vertex 8.87507 3.61714 2.4
    endloop
  endfacet
  facet normal 0 0 1
    outer loop
      vertex 8.18285 2.92492 2.4
      vertex 52.9 7.65 2.4
      vertex 8.55165 3.24835 2.4
    endloop
  endfacet
  facet normal 0 0 1
    outer loop
      vertex 7.775 2.6524 2.4
      vertex 52.9 7.65 2.4
      vertex 8.18285 2.92492 2.4
    endloop
  endfacet
  facet normal 0 0 1
    outer loop
      vertex 7.33506 2.43545 2.4
      vertex 52.9 7.65 2.4
      vertex 7.775 2.6524 2.4
    endloop
  endfacet
  facet normal 0 0 1
    outer loop
      vertex 7.23062 2.4 2.4
      vertex 52.9 7.65 2.4
      vertex 7.33506 2.43545 2.4
    endloop
  endfacet
  facet normal 0 0 1
    outer loop
      vertex 58.9 7.65 2.4
      vertex 7.23062 2.4 2.4
      vertex 122.869 2.4 2.4
    endloop
  endfacet
  facet normal -0 0 1
    outer loop
      vertex 2.4 7.65 2.4
      vertex 2.43545 7.33506 2.4
      vertex 2.59076 7.65 2.4
    endloop
  endfacet
  facet normal 0 0 1
    outer loop
      vertex 2.43545 7.33506 2.4
      vertex 2.4 7.65 2.4
      vertex 2.4 7.23062 2.4
    endloop
  endfacet
  facet normal 0 0 1
    outer loop
      vertex 2.43545 43.4649 2.4
      vertex 2.4 43.15 2.4
      vertex 2.59076 43.15 2.4
    endloop
  endfacet
  facet normal 0 0 1
    outer loop
      vertex 2.4 43.15 2.4
      vertex 2.43545 43.4649 2.4
      vertex 2.4 43.5694 2.4
    endloop
  endfacet
  facet normal 0 0 1
    outer loop
      vertex 127.7 7.4 2.4
      vertex 127.665 7.33506 2.4
      vertex 127.7 7.23063 2.4
    endloop
  endfacet
  facet normal 0 -0 1
    outer loop
      vertex 127.665 7.33506 2.4
      vertex 127.7 7.4 2.4
      vertex 127.633 7.4 2.4
    endloop
  endfacet
  facet normal -0 0 1
    outer loop
      vertex 127.665 43.4649 2.4
      vertex 127.7 43.4 2.4
      vertex 127.7 43.5694 2.4
    endloop
  endfacet
  facet normal 0 0 1
    outer loop
      vertex 127.7 43.4 2.4
      vertex 127.665 43.4649 2.4
      vertex 127.633 43.4 2.4
    endloop
  endfacet
  facet normal 0.555547 -0.831485 0
    outer loop
      vertex 2.98686 48.09 2.4
      vertex 3.15 48.199 36
      vertex 2.98686 48.09 36
    endloop
  endfacet
  facet normal 0.555547 -0.831485 0
    outer loop
      vertex 3.15 48.199 36
      vertex 2.98686 48.09 2.4
      vertex 3.15 48.199 2.4
    endloop
  endfacet
  facet normal 0.442376 -0.89683 0
    outer loop
      vertex 3.15 48.199 2.4
      vertex 3.32597 48.2858 36
      vertex 3.15 48.199 36
    endloop
  endfacet
  facet normal 0.442376 -0.89683 0
    outer loop
      vertex 3.32597 48.2858 36
      vertex 3.15 48.199 2.4
      vertex 3.32597 48.2858 2.4
    endloop
  endfacet
  facet normal -0.981049 -0.193762 0
    outer loop
      vertex 127.687 47.0958 2.4
      vertex 127.649 47.2882 36
      vertex 127.649 47.2882 2.4
    endloop
  endfacet
  facet normal -0.981049 -0.193762 0
    outer loop
      vertex 127.649 47.2882 36
      vertex 127.687 47.0958 2.4
      vertex 127.687 47.0958 36
    endloop
  endfacet
  facet normal 0.980776 -0.195136 0
    outer loop
      vertex 2.41283 47.0958 36
      vertex 2.45111 47.2882 2.4
      vertex 2.45111 47.2882 36
    endloop
  endfacet
  facet normal 0.980776 -0.195136 0
    outer loop
      vertex 2.45111 47.2882 2.4
      vertex 2.41283 47.0958 36
      vertex 2.41283 47.0958 2.4
    endloop
  endfacet
  facet normal 0.99786 0.0653892 0
    outer loop
      vertex 2.41283 3.70421 36
      vertex 2.4 3.9 2.4
      vertex 2.4 3.9 36
    endloop
  endfacet
  facet normal 0.99786 0.0653892 0
    outer loop
      vertex 2.4 3.9 2.4
      vertex 2.41283 3.70421 36
      vertex 2.41283 3.70421 2.4
    endloop
  endfacet
  facet normal -0.657928 -0.753081 0
    outer loop
      vertex 127.113 48.09 2.4
      vertex 127.261 47.9607 36
      vertex 127.113 48.09 36
    endloop
  endfacet
  facet normal -0.657928 -0.753081 -0
    outer loop
      vertex 127.261 47.9607 36
      vertex 127.113 48.09 2.4
      vertex 127.261 47.9607 2.4
    endloop
  endfacet
  facet normal -0.555912 0.831241 0
    outer loop
      vertex 127.113 2.70997 2.4
      vertex 126.95 2.60096 36
      vertex 127.113 2.70997 36
    endloop
  endfacet
  facet normal -0.555912 0.831241 0
    outer loop
      vertex 126.95 2.60096 36
      vertex 127.113 2.70997 2.4
      vertex 126.95 2.60096 2.4
    endloop
  endfacet
  facet normal -0.94704 0.321117 0
    outer loop
      vertex 127.586 3.32597 2.4
      vertex 127.649 3.51177 36
      vertex 127.649 3.51177 2.4
    endloop
  endfacet
  facet normal -0.94704 0.321117 0
    outer loop
      vertex 127.649 3.51177 36
      vertex 127.586 3.32597 2.4
      vertex 127.586 3.32597 36
    endloop
  endfacet
  facet normal -0.321127 0.947036 0
    outer loop
      vertex 126.774 2.51418 2.4
      vertex 126.588 2.45111 36
      vertex 126.774 2.51418 36
    endloop
  endfacet
  facet normal -0.321127 0.947036 0
    outer loop
      vertex 126.588 2.45111 36
      vertex 126.774 2.51418 2.4
      vertex 126.588 2.45111 2.4
    endloop
  endfacet
  facet normal 0.442294 0.89687 -0
    outer loop
      vertex 3.32597 2.51418 2.4
      vertex 3.15 2.60096 36
      vertex 3.32597 2.51418 36
    endloop
  endfacet
  facet normal 0.442294 0.89687 0
    outer loop
      vertex 3.15 2.60096 36
      vertex 3.32597 2.51418 2.4
      vertex 3.15 2.60096 2.4
    endloop
  endfacet
  facet normal -0.997803 0.0662518 0
    outer loop
      vertex 127.687 3.70421 2.4
      vertex 127.7 3.9 36
      vertex 127.7 3.9 2.4
    endloop
  endfacet
  facet normal -0.997803 0.0662518 0
    outer loop
      vertex 127.7 3.9 36
      vertex 127.687 3.70421 2.4
      vertex 127.687 3.70421 36
    endloop
  endfacet
  facet normal -0.555877 -0.831265 0
    outer loop
      vertex 126.95 48.199 2.4
      vertex 127.113 48.09 36
      vertex 126.95 48.199 36
    endloop
  endfacet
  facet normal -0.555877 -0.831265 -0
    outer loop
      vertex 127.113 48.09 36
      vertex 126.95 48.199 2.4
      vertex 127.113 48.09 2.4
    endloop
  endfacet
  facet normal -0.831422 -0.555641 0
    outer loop
      vertex 127.499 47.65 2.4
      vertex 127.39 47.8131 36
      vertex 127.39 47.8131 2.4
    endloop
  endfacet
  facet normal -0.831422 -0.555641 0
    outer loop
      vertex 127.39 47.8131 36
      vertex 127.499 47.65 2.4
      vertex 127.499 47.65 36
    endloop
  endfacet
  facet normal -0.195625 -0.980679 0
    outer loop
      vertex 126.396 48.3872 2.4
      vertex 126.588 48.3489 36
      vertex 126.396 48.3872 36
    endloop
  endfacet
  facet normal -0.195625 -0.980679 -0
    outer loop
      vertex 126.588 48.3489 36
      vertex 126.396 48.3872 2.4
      vertex 126.588 48.3489 2.4
    endloop
  endfacet
  facet normal -0.0651673 -0.997874 0
    outer loop
      vertex 126.2 48.4 2.4
      vertex 126.396 48.3872 36
      vertex 126.2 48.4 36
    endloop
  endfacet
  facet normal -0.0651673 -0.997874 -0
    outer loop
      vertex 126.396 48.3872 36
      vertex 126.2 48.4 2.4
      vertex 126.396 48.3872 2.4
    endloop
  endfacet
  facet normal -0.752956 -0.658071 0
    outer loop
      vertex 127.39 47.8131 2.4
      vertex 127.261 47.9607 36
      vertex 127.261 47.9607 2.4
    endloop
  endfacet
  facet normal -0.752956 -0.658071 0
    outer loop
      vertex 127.261 47.9607 36
      vertex 127.39 47.8131 2.4
      vertex 127.39 47.8131 36
    endloop
  endfacet
  facet normal -0.65813 0.752904 0
    outer loop
      vertex 127.261 2.83934 2.4
      vertex 127.113 2.70997 36
      vertex 127.261 2.83934 36
    endloop
  endfacet
  facet normal -0.65813 0.752904 0
    outer loop
      vertex 127.113 2.70997 36
      vertex 127.261 2.83934 2.4
      vertex 127.113 2.70997 2.4
    endloop
  endfacet
  facet normal -0.831485 0.555547 0
    outer loop
      vertex 127.39 2.98686 2.4
      vertex 127.499 3.15 36
      vertex 127.499 3.15 2.4
    endloop
  endfacet
  facet normal -0.831485 0.555547 0
    outer loop
      vertex 127.499 3.15 36
      vertex 127.39 2.98686 2.4
      vertex 127.39 2.98686 36
    endloop
  endfacet
  facet normal 0.8969 -0.442233 0
    outer loop
      vertex 2.51418 47.474 36
      vertex 2.60096 47.65 2.4
      vertex 2.60096 47.65 36
    endloop
  endfacet
  facet normal 0.8969 -0.442233 0
    outer loop
      vertex 2.60096 47.65 2.4
      vertex 2.51418 47.474 36
      vertex 2.51418 47.474 2.4
    endloop
  endfacet
  facet normal 0.89687 0.442294 0
    outer loop
      vertex 2.60096 3.15 36
      vertex 2.51418 3.32597 2.4
      vertex 2.51418 3.32597 36
    endloop
  endfacet
  facet normal 0.89687 0.442294 0
    outer loop
      vertex 2.51418 3.32597 2.4
      vertex 2.60096 3.15 36
      vertex 2.60096 3.15 2.4
    endloop
  endfacet
  facet normal 0.831462 0.555582 0
    outer loop
      vertex 2.70997 2.98686 36
      vertex 2.60096 3.15 2.4
      vertex 2.60096 3.15 36
    endloop
  endfacet
  facet normal 0.831462 0.555582 0
    outer loop
      vertex 2.60096 3.15 2.4
      vertex 2.70997 2.98686 36
      vertex 2.70997 2.98686 2.4
    endloop
  endfacet
  facet normal 0 0 -1
    outer loop
      vertex 0 18.9 24.8
      vertex 2.4 31.9 24.8
      vertex 2.4 18.9 24.8
    endloop
  endfacet
  facet normal -0 0 -1
    outer loop
      vertex 2.4 31.9 24.8
      vertex 0 18.9 24.8
      vertex 0 31.9 24.8
    endloop
  endfacet
  facet normal -0 0 1
    outer loop
      vertex 0 31.9 15.8
      vertex 2.4 18.9 15.8
      vertex 2.4 31.9 15.8
    endloop
  endfacet
  facet normal 0 0 1
    outer loop
      vertex 2.4 18.9 15.8
      vertex 0 31.9 15.8
      vertex 0 18.9 15.8
    endloop
  endfacet
  facet normal 0 -1 0
    outer loop
      vertex 0 31.9 15.8
      vertex 2.4 31.9 24.8
      vertex 0 31.9 24.8
    endloop
  endfacet
  facet normal 0 -1 -0
    outer loop
      vertex 2.4 31.9 24.8
      vertex 0 31.9 15.8
      vertex 2.4 31.9 15.8
    endloop
  endfacet
  facet normal 0 1 -0
    outer loop
      vertex 2.4 18.9 15.8
      vertex 0 18.9 24.8
      vertex 2.4 18.9 24.8
    endloop
  endfacet
  facet normal 0 1 0
    outer loop
      vertex 0 18.9 24.8
      vertex 2.4 18.9 15.8
      vertex 0 18.9 15.8
    endloop
  endfacet
  facet normal -0.831473 -0.555566 0
    outer loop
      vertex 2.92492 3.61714 2.4
      vertex 2.6524 4.025 35.98
      vertex 2.6524 4.025 2.4
    endloop
  endfacet
  facet normal -0.831473 -0.555566 0
    outer loop
      vertex 2.6524 4.025 35.98
      vertex 2.92492 3.61714 2.4
      vertex 2.92492 3.61714 35.98
    endloop
  endfacet
  facet normal -0.751839 0.659347 0
    outer loop
      vertex 2.92492 8.18285 21.19
      vertex 3.24835 8.55165 35.98
      vertex 3.24835 8.55165 21.19
    endloop
  endfacet
  facet normal -0.751839 0.659347 0
    outer loop
      vertex 3.24835 8.55165 35.98
      vertex 2.92492 8.18285 21.19
      vertex 2.92492 8.18285 35.98
    endloop
  endfacet
  facet normal 0.946932 0.321434 0
    outer loop
      vertex 9.52222 6.87057 35.98
      vertex 9.36455 7.33506 2.4
      vertex 9.36455 7.33506 35.98
    endloop
  endfacet
  facet normal 0.946932 0.321434 0
    outer loop
      vertex 9.36455 7.33506 2.4
      vertex 9.52222 6.87057 35.98
      vertex 9.52222 6.87057 2.4
    endloop
  endfacet
  facet normal -0.0654 0.997859 0
    outer loop
      vertex 5.9 9.65 21.19
      vertex 5.41053 9.61792 35.98
      vertex 5.9 9.65 35.98
    endloop
  endfacet
  facet normal -0.0654 0.997859 0
    outer loop
      vertex 5.41053 9.61792 35.98
      vertex 5.9 9.65 21.19
      vertex 5.41053 9.61792 21.19
    endloop
  endfacet
  facet normal 0.659336 0.751849 -0
    outer loop
      vertex 8.55165 8.55165 2.4
      vertex 8.18285 8.87507 35.98
      vertex 8.55165 8.55165 35.98
    endloop
  endfacet
  facet normal 0.659336 0.751849 0
    outer loop
      vertex 8.18285 8.87507 35.98
      vertex 8.55165 8.55165 2.4
      vertex 8.18285 8.87507 2.4
    endloop
  endfacet
  facet normal -0.659357 -0.75183 0
    outer loop
      vertex 3.24835 3.24835 2.4
      vertex 3.61714 2.92492 35.98
      vertex 3.24835 3.24835 35.98
    endloop
  endfacet
  facet normal -0.659357 -0.75183 -0
    outer loop
      vertex 3.61714 2.92492 35.98
      vertex 3.24835 3.24835 2.4
      vertex 3.61714 2.92492 2.4
    endloop
  endfacet
  facet normal 0.997859 -0.0654 0
    outer loop
      vertex 9.61792 5.41053 35.98
      vertex 9.65 5.9 2.4
      vertex 9.65 5.9 35.98
    endloop
  endfacet
  facet normal 0.997859 -0.0654 0
    outer loop
      vertex 9.65 5.9 2.4
      vertex 9.61792 5.41053 35.98
      vertex 9.61792 5.41053 2.4
    endloop
  endfacet
  facet normal 0.751849 0.659336 0
    outer loop
      vertex 8.87507 8.18285 35.98
      vertex 8.55165 8.55165 2.4
      vertex 8.55165 8.55165 35.98
    endloop
  endfacet
  facet normal 0.751849 0.659336 0
    outer loop
      vertex 8.55165 8.55165 2.4
      vertex 8.87507 8.18285 35.98
      vertex 8.87507 8.18285 2.4
    endloop
  endfacet
  facet normal -0.321446 -0.946928 0
    outer loop
      vertex 4.46494 2.43545 2.4
      vertex 4.56937 2.4 35.98
      vertex 4.46494 2.43545 35.98
    endloop
  endfacet
  facet normal -0.321446 -0.946928 -0
    outer loop
      vertex 4.56937 2.4 35.98
      vertex 4.46494 2.43545 2.4
      vertex 4.56937 2.4 2.4
    endloop
  endfacet
  facet normal 0 0 1
    outer loop
      vertex 7.25 5.9 35.98
      vertex 9.65 5.9 35.98
      vertex 9.61792 6.38947 35.98
    endloop
  endfacet
  facet normal 0 0 1
    outer loop
      vertex 7.23845 6.07621 35.98
      vertex 9.61792 6.38947 35.98
      vertex 9.52222 6.87057 35.98
    endloop
  endfacet
  facet normal 0 0 1
    outer loop
      vertex 9.65 5.9 35.98
      vertex 7.25 5.9 35.98
      vertex 9.61792 5.41053 35.98
    endloop
  endfacet
  facet normal 0 0 1
    outer loop
      vertex 7.204 6.2494 35.98
      vertex 9.52222 6.87057 35.98
      vertex 9.36455 7.33506 35.98
    endloop
  endfacet
  facet normal -0 0 1
    outer loop
      vertex 7.23845 5.72379 35.98
      vertex 9.61792 5.41053 35.98
      vertex 7.25 5.9 35.98
    endloop
  endfacet
  facet normal 0 0 1
    outer loop
      vertex 7.14724 6.41662 35.98
      vertex 9.36455 7.33506 35.98
      vertex 9.14759 7.775 35.98
    endloop
  endfacet
  facet normal 0 0 1
    outer loop
      vertex 9.61792 5.41053 35.98
      vertex 7.23845 5.72379 35.98
      vertex 9.52222 4.92943 35.98
    endloop
  endfacet
  facet normal 0 0 1
    outer loop
      vertex 7.06913 6.575 35.98
      vertex 9.14759 7.775 35.98
      vertex 8.87507 8.18285 35.98
    endloop
  endfacet
  facet normal -0 0 1
    outer loop
      vertex 7.204 5.55059 35.98
      vertex 9.52222 4.92943 35.98
      vertex 7.23845 5.72379 35.98
    endloop
  endfacet
  facet normal 0 0 1
    outer loop
      vertex 6.97103 6.72183 35.98
      vertex 8.87507 8.18285 35.98
      vertex 8.55165 8.55165 35.98
    endloop
  endfacet
  facet normal 0 0 1
    outer loop
      vertex 9.52222 4.92943 35.98
      vertex 7.204 5.55059 35.98
      vertex 9.36455 4.46494 35.98
    endloop
  endfacet
  facet normal 0 0 1
    outer loop
      vertex 6.85459 6.85459 35.98
      vertex 8.55165 8.55165 35.98
      vertex 8.18285 8.87507 35.98
    endloop
  endfacet
  facet normal -0 0 1
    outer loop
      vertex 7.14724 5.38338 35.98
      vertex 9.36455 4.46494 35.98
      vertex 7.204 5.55059 35.98
    endloop
  endfacet
  facet normal 0 0 1
    outer loop
      vertex 6.72183 6.97103 35.98
      vertex 8.18285 8.87507 35.98
      vertex 7.775 9.14759 35.98
    endloop
  endfacet
  facet normal 0 0 1
    outer loop
      vertex 9.36455 4.46494 35.98
      vertex 7.14724 5.38338 35.98
      vertex 9.14759 4.025 35.98
    endloop
  endfacet
  facet normal 0 0 1
    outer loop
      vertex 6.575 7.06913 35.98
      vertex 7.775 9.14759 35.98
      vertex 7.33506 9.36455 35.98
    endloop
  endfacet
  facet normal -0 0 1
    outer loop
      vertex 7.06913 5.225 35.98
      vertex 9.14759 4.025 35.98
      vertex 7.14724 5.38338 35.98
    endloop
  endfacet
  facet normal 0 0 1
    outer loop
      vertex 9.14759 4.025 35.98
      vertex 7.06913 5.225 35.98
      vertex 8.87507 3.61714 35.98
    endloop
  endfacet
  facet normal 0 0 1
    outer loop
      vertex 9.61792 6.38947 35.98
      vertex 7.23845 6.07621 35.98
      vertex 7.25 5.9 35.98
    endloop
  endfacet
  facet normal 0 0 1
    outer loop
      vertex 9.52222 6.87057 35.98
      vertex 7.204 6.2494 35.98
      vertex 7.23845 6.07621 35.98
    endloop
  endfacet
  facet normal 0 0 1
    outer loop
      vertex 9.36455 7.33506 35.98
      vertex 7.14724 6.41662 35.98
      vertex 7.204 6.2494 35.98
    endloop
  endfacet
  facet normal 0 0 1
    outer loop
      vertex 9.14759 7.775 35.98
      vertex 7.06913 6.575 35.98
      vertex 7.14724 6.41662 35.98
    endloop
  endfacet
  facet normal 0 0 1
    outer loop
      vertex 8.87507 8.18285 35.98
      vertex 6.97103 6.72183 35.98
      vertex 7.06913 6.575 35.98
    endloop
  endfacet
  facet normal 0 0 1
    outer loop
      vertex 6.41662 7.14724 35.98
      vertex 7.33506 9.36455 35.98
      vertex 6.87057 9.52222 35.98
    endloop
  endfacet
  facet normal 0 0 1
    outer loop
      vertex 8.55165 8.55165 35.98
      vertex 6.85459 6.85459 35.98
      vertex 6.97103 6.72183 35.98
    endloop
  endfacet
  facet normal 0 0 1
    outer loop
      vertex 8.18285 8.87507 35.98
      vertex 6.72183 6.97103 35.98
      vertex 6.85459 6.85459 35.98
    endloop
  endfacet
  facet normal 0 0 1
    outer loop
      vertex 7.775 9.14759 35.98
      vertex 6.575 7.06913 35.98
      vertex 6.72183 6.97103 35.98
    endloop
  endfacet
  facet normal 0 0 1
    outer loop
      vertex 7.33506 9.36455 35.98
      vertex 6.41662 7.14724 35.98
      vertex 6.575 7.06913 35.98
    endloop
  endfacet
  facet normal 0 0 1
    outer loop
      vertex 6.2494 7.204 35.98
      vertex 6.87057 9.52222 35.98
      vertex 6.38947 9.61792 35.98
    endloop
  endfacet
  facet normal 0 0 1
    outer loop
      vertex 6.87057 9.52222 35.98
      vertex 6.2494 7.204 35.98
      vertex 6.41662 7.14724 35.98
    endloop
  endfacet
  facet normal 0 0 1
    outer loop
      vertex 6.38947 9.61792 35.98
      vertex 6.07621 7.23845 35.98
      vertex 6.2494 7.204 35.98
    endloop
  endfacet
  facet normal 0 0 1
    outer loop
      vertex 5.9 9.65 35.98
      vertex 6.07621 7.23845 35.98
      vertex 6.38947 9.61792 35.98
    endloop
  endfacet
  facet normal 0 0 1
    outer loop
      vertex 5.9 9.65 35.98
      vertex 5.9 7.25 35.98
      vertex 6.07621 7.23845 35.98
    endloop
  endfacet
  facet normal 0 0 1
    outer loop
      vertex 5.9 9.65 35.98
      vertex 5.72379 7.23845 35.98
      vertex 5.9 7.25 35.98
    endloop
  endfacet
  facet normal -0 0 1
    outer loop
      vertex 5.41053 9.61792 35.98
      vertex 5.72379 7.23845 35.98
      vertex 5.9 9.65 35.98
    endloop
  endfacet
  facet normal 0 0 1
    outer loop
      vertex 5.72379 7.23845 35.98
      vertex 5.41053 9.61792 35.98
      vertex 5.55059 7.204 35.98
    endloop
  endfacet
  facet normal -0 0 1
    outer loop
      vertex 4.92943 9.52222 35.98
      vertex 5.55059 7.204 35.98
      vertex 5.41053 9.61792 35.98
    endloop
  endfacet
  facet normal 0 0 1
    outer loop
      vertex 5.55059 7.204 35.98
      vertex 4.92943 9.52222 35.98
      vertex 5.38338 7.14724 35.98
    endloop
  endfacet
  facet normal -0 0 1
    outer loop
      vertex 4.46494 9.36455 35.98
      vertex 5.38338 7.14724 35.98
      vertex 4.92943 9.52222 35.98
    endloop
  endfacet
  facet normal 0 0 1
    outer loop
      vertex 5.38338 7.14724 35.98
      vertex 4.46494 9.36455 35.98
      vertex 5.225 7.06913 35.98
    endloop
  endfacet
  facet normal -0 0 1
    outer loop
      vertex 4.025 9.14759 35.98
      vertex 5.225 7.06913 35.98
      vertex 4.46494 9.36455 35.98
    endloop
  endfacet
  facet normal 0 0 1
    outer loop
      vertex 5.225 7.06913 35.98
      vertex 4.025 9.14759 35.98
      vertex 5.07817 6.97103 35.98
    endloop
  endfacet
  facet normal -0 0 1
    outer loop
      vertex 3.61714 8.87507 35.98
      vertex 5.07817 6.97103 35.98
      vertex 4.025 9.14759 35.98
    endloop
  endfacet
  facet normal 0 0 1
    outer loop
      vertex 5.07817 6.97103 35.98
      vertex 3.61714 8.87507 35.98
      vertex 4.94541 6.85459 35.98
    endloop
  endfacet
  facet normal -0 0 1
    outer loop
      vertex 3.24835 8.55165 35.98
      vertex 4.94541 6.85459 35.98
      vertex 3.61714 8.87507 35.98
    endloop
  endfacet
  facet normal 0 0 1
    outer loop
      vertex 4.94541 6.85459 35.98
      vertex 3.24835 8.55165 35.98
      vertex 4.82897 6.72183 35.98
    endloop
  endfacet
  facet normal 0 0 1
    outer loop
      vertex 4.82897 6.72183 35.98
      vertex 2.92492 8.18285 35.98
      vertex 4.73087 6.575 35.98
    endloop
  endfacet
  facet normal -0 0 1
    outer loop
      vertex 2.92492 8.18285 35.98
      vertex 4.82897 6.72183 35.98
      vertex 3.24835 8.55165 35.98
    endloop
  endfacet
  facet normal -0 0 1
    outer loop
      vertex 6.97103 5.07817 35.98
      vertex 8.87507 3.61714 35.98
      vertex 7.06913 5.225 35.98
    endloop
  endfacet
  facet normal 0 0 1
    outer loop
      vertex 8.87507 3.61714 35.98
      vertex 6.97103 5.07817 35.98
      vertex 8.55165 3.24835 35.98
    endloop
  endfacet
  facet normal -0 0 1
    outer loop
      vertex 6.85459 4.94541 35.98
      vertex 8.55165 3.24835 35.98
      vertex 6.97103 5.07817 35.98
    endloop
  endfacet
  facet normal 0 0 1
    outer loop
      vertex 8.55165 3.24835 35.98
      vertex 6.85459 4.94541 35.98
      vertex 8.18285 2.92492 35.98
    endloop
  endfacet
  facet normal -0 0 1
    outer loop
      vertex 6.72183 4.82897 35.98
      vertex 8.18285 2.92492 35.98
      vertex 6.85459 4.94541 35.98
    endloop
  endfacet
  facet normal 0 0 1
    outer loop
      vertex 8.18285 2.92492 35.98
      vertex 6.72183 4.82897 35.98
      vertex 7.775 2.6524 35.98
    endloop
  endfacet
  facet normal -0 0 1
    outer loop
      vertex 6.575 4.73087 35.98
      vertex 7.775 2.6524 35.98
      vertex 6.72183 4.82897 35.98
    endloop
  endfacet
  facet normal 0 0 1
    outer loop
      vertex 7.775 2.6524 35.98
      vertex 6.575 4.73087 35.98
      vertex 7.33506 2.43545 35.98
    endloop
  endfacet
  facet normal -0 0 1
    outer loop
      vertex 6.41662 4.65276 35.98
      vertex 7.33506 2.43545 35.98
      vertex 6.575 4.73087 35.98
    endloop
  endfacet
  facet normal 0 0 1
    outer loop
      vertex 7.33506 2.43545 35.98
      vertex 6.41662 4.65276 35.98
      vertex 7.23062 2.4 35.98
    endloop
  endfacet
  facet normal -0 0 1
    outer loop
      vertex 6.2494 4.596 35.98
      vertex 7.23062 2.4 35.98
      vertex 6.41662 4.65276 35.98
    endloop
  endfacet
  facet normal -0 0 1
    outer loop
      vertex 6.07621 4.56155 35.98
      vertex 7.23062 2.4 35.98
      vertex 6.2494 4.596 35.98
    endloop
  endfacet
  facet normal -0 0 1
    outer loop
      vertex 5.9 4.55 35.98
      vertex 7.23062 2.4 35.98
      vertex 6.07621 4.56155 35.98
    endloop
  endfacet
  facet normal 0 0 1
    outer loop
      vertex 4.56937 2.4 35.98
      vertex 5.9 4.55 35.98
      vertex 5.72379 4.56155 35.98
    endloop
  endfacet
  facet normal 0 0 1
    outer loop
      vertex 4.56937 2.4 35.98
      vertex 5.72379 4.56155 35.98
      vertex 5.55059 4.596 35.98
    endloop
  endfacet
  facet normal 0 0 1
    outer loop
      vertex 4.56937 2.4 35.98
      vertex 5.55059 4.596 35.98
      vertex 5.38338 4.65276 35.98
    endloop
  endfacet
  facet normal 0 0 1
    outer loop
      vertex 4.46494 2.43545 35.98
      vertex 5.38338 4.65276 35.98
      vertex 5.225 4.73087 35.98
    endloop
  endfacet
  facet normal 0 0 1
    outer loop
      vertex 4.025 2.6524 35.98
      vertex 5.225 4.73087 35.98
      vertex 5.07817 4.82897 35.98
    endloop
  endfacet
  facet normal 0 0 1
    outer loop
      vertex 3.61714 2.92492 35.98
      vertex 5.07817 4.82897 35.98
      vertex 4.94541 4.94541 35.98
    endloop
  endfacet
  facet normal 0 0 1
    outer loop
      vertex 5.9 4.55 35.98
      vertex 4.56937 2.4 35.98
      vertex 7.23062 2.4 35.98
    endloop
  endfacet
  facet normal 0 0 1
    outer loop
      vertex 3.24835 3.24835 35.98
      vertex 4.94541 4.94541 35.98
      vertex 4.82897 5.07817 35.98
    endloop
  endfacet
  facet normal 0 0 1
    outer loop
      vertex 2.92492 3.61714 35.98
      vertex 4.82897 5.07817 35.98
      vertex 4.73087 5.225 35.98
    endloop
  endfacet
  facet normal 0 0 1
    outer loop
      vertex 2.6524 4.025 35.98
      vertex 4.73087 5.225 35.98
      vertex 4.65276 5.38338 35.98
    endloop
  endfacet
  facet normal 0 0 1
    outer loop
      vertex 2.4 4.56937 35.98
      vertex 4.65276 5.38338 35.98
      vertex 4.596 5.55059 35.98
    endloop
  endfacet
  facet normal 0 0 1
    outer loop
      vertex 2.4 4.56937 35.98
      vertex 4.596 5.55059 35.98
      vertex 4.56155 5.72379 35.98
    endloop
  endfacet
  facet normal 0 0 1
    outer loop
      vertex 2.4 4.56937 35.98
      vertex 4.56155 5.72379 35.98
      vertex 4.55 5.9 35.98
    endloop
  endfacet
  facet normal -0 0 1
    outer loop
      vertex 2.6524 7.775 35.98
      vertex 4.73087 6.575 35.98
      vertex 2.92492 8.18285 35.98
    endloop
  endfacet
  facet normal 0 0 1
    outer loop
      vertex 4.73087 6.575 35.98
      vertex 2.6524 7.775 35.98
      vertex 4.65276 6.41662 35.98
    endloop
  endfacet
  facet normal 0 0 1
    outer loop
      vertex 5.225 4.73087 35.98
      vertex 4.025 2.6524 35.98
      vertex 4.46494 2.43545 35.98
    endloop
  endfacet
  facet normal 0 0 1
    outer loop
      vertex 5.38338 4.65276 35.98
      vertex 4.46494 2.43545 35.98
      vertex 4.56937 2.4 35.98
    endloop
  endfacet
  facet normal -0 0 1
    outer loop
      vertex 2.43545 7.33506 35.98
      vertex 4.65276 6.41662 35.98
      vertex 2.6524 7.775 35.98
    endloop
  endfacet
  facet normal 0 0 1
    outer loop
      vertex 5.07817 4.82897 35.98
      vertex 3.61714 2.92492 35.98
      vertex 4.025 2.6524 35.98
    endloop
  endfacet
  facet normal -0 0 1
    outer loop
      vertex 2.4 7.23062 35.98
      vertex 4.65276 6.41662 35.98
      vertex 2.43545 7.33506 35.98
    endloop
  endfacet
  facet normal 0 0 1
    outer loop
      vertex 4.94541 4.94541 35.98
      vertex 3.24835 3.24835 35.98
      vertex 3.61714 2.92492 35.98
    endloop
  endfacet
  facet normal 0 0 1
    outer loop
      vertex 4.65276 6.41662 35.98
      vertex 2.4 7.23062 35.98
      vertex 4.596 6.2494 35.98
    endloop
  endfacet
  facet normal 0 0 1
    outer loop
      vertex 4.82897 5.07817 35.98
      vertex 2.92492 3.61714 35.98
      vertex 3.24835 3.24835 35.98
    endloop
  endfacet
  facet normal 0 0 1
    outer loop
      vertex 4.596 6.2494 35.98
      vertex 2.4 7.23062 35.98
      vertex 4.56155 6.07621 35.98
    endloop
  endfacet
  facet normal 0 0 1
    outer loop
      vertex 2.4 4.56937 35.98
      vertex 4.55 5.9 35.98
      vertex 2.4 7.23062 35.98
    endloop
  endfacet
  facet normal 0 0 1
    outer loop
      vertex 4.56155 6.07621 35.98
      vertex 2.4 7.23062 35.98
      vertex 4.55 5.9 35.98
    endloop
  endfacet
  facet normal 0 0 1
    outer loop
      vertex 4.65276 5.38338 35.98
      vertex 2.4 4.56937 35.98
      vertex 2.43545 4.46494 35.98
    endloop
  endfacet
  facet normal 0 0 1
    outer loop
      vertex 4.73087 5.225 35.98
      vertex 2.6524 4.025 35.98
      vertex 2.92492 3.61714 35.98
    endloop
  endfacet
  facet normal 0 0 1
    outer loop
      vertex 4.65276 5.38338 35.98
      vertex 2.43545 4.46494 35.98
      vertex 2.6524 4.025 35.98
    endloop
  endfacet
  facet normal 0.0654 0.997859 -0
    outer loop
      vertex 6.38947 9.61792 21.19
      vertex 5.9 9.65 35.98
      vertex 6.38947 9.61792 35.98
    endloop
  endfacet
  facet normal 0.0654 0.997859 0
    outer loop
      vertex 5.9 9.65 35.98
      vertex 6.38947 9.61792 21.19
      vertex 5.9 9.65 21.19
    endloop
  endfacet
  facet normal -0.946928 -0.321446 0
    outer loop
      vertex 2.43545 4.46494 2.4
      vertex 2.4 4.56937 35.98
      vertex 2.4 4.56937 2.4
    endloop
  endfacet
  facet normal -0.946928 -0.321446 0
    outer loop
      vertex 2.4 4.56937 35.98
      vertex 2.43545 4.46494 2.4
      vertex 2.43545 4.46494 35.98
    endloop
  endfacet
  facet normal 0.980784 0.195097 0
    outer loop
      vertex 9.61792 6.38947 35.98
      vertex 9.52222 6.87057 2.4
      vertex 9.52222 6.87057 35.98
    endloop
  endfacet
  facet normal 0.980784 0.195097 0
    outer loop
      vertex 9.52222 6.87057 2.4
      vertex 9.61792 6.38947 35.98
      vertex 9.61792 6.38947 2.4
    endloop
  endfacet
  facet normal 0.980784 -0.195097 0
    outer loop
      vertex 9.52222 4.92943 35.98
      vertex 9.61792 5.41053 2.4
      vertex 9.61792 5.41053 35.98
    endloop
  endfacet
  facet normal 0.980784 -0.195097 0
    outer loop
      vertex 9.61792 5.41053 2.4
      vertex 9.52222 4.92943 35.98
      vertex 9.52222 4.92943 2.4
    endloop
  endfacet
  facet normal 0.75184 -0.659346 0
    outer loop
      vertex 8.55165 3.24835 35.98
      vertex 8.87507 3.61714 2.4
      vertex 8.87507 3.61714 35.98
    endloop
  endfacet
  facet normal 0.75184 -0.659346 0
    outer loop
      vertex 8.87507 3.61714 2.4
      vertex 8.55165 3.24835 35.98
      vertex 8.55165 3.24835 2.4
    endloop
  endfacet
  facet normal 0.831466 0.555575 0
    outer loop
      vertex 9.14759 7.775 35.98
      vertex 8.87507 8.18285 2.4
      vertex 8.87507 8.18285 35.98
    endloop
  endfacet
  facet normal 0.831466 0.555575 0
    outer loop
      vertex 8.87507 8.18285 2.4
      vertex 9.14759 7.775 35.98
      vertex 9.14759 7.775 2.4
    endloop
  endfacet
  facet normal 0.997859 0.0654 0
    outer loop
      vertex 9.65 5.9 35.98
      vertex 9.61792 6.38947 2.4
      vertex 9.61792 6.38947 35.98
    endloop
  endfacet
  facet normal 0.997859 0.0654 0
    outer loop
      vertex 9.61792 6.38947 2.4
      vertex 9.65 5.9 35.98
      vertex 9.65 5.9 2.4
    endloop
  endfacet
  facet normal -0.555566 -0.831473 0
    outer loop
      vertex 3.61714 2.92492 2.4
      vertex 4.025 2.6524 35.98
      vertex 3.61714 2.92492 35.98
    endloop
  endfacet
  facet normal -0.555566 -0.831473 -0
    outer loop
      vertex 4.025 2.6524 35.98
      vertex 3.61714 2.92492 2.4
      vertex 4.025 2.6524 2.4
    endloop
  endfacet
  facet normal -0.896876 -0.442281 0
    outer loop
      vertex 2.6524 4.025 2.4
      vertex 2.43545 4.46494 35.98
      vertex 2.43545 4.46494 2.4
    endloop
  endfacet
  facet normal -0.896876 -0.442281 0
    outer loop
      vertex 2.43545 4.46494 35.98
      vertex 2.6524 4.025 2.4
      vertex 2.6524 4.025 35.98
    endloop
  endfacet
  facet normal 0.946932 -0.321434 0
    outer loop
      vertex 9.36455 4.46494 35.98
      vertex 9.52222 4.92943 2.4
      vertex 9.52222 4.92943 35.98
    endloop
  endfacet
  facet normal 0.946932 -0.321434 0
    outer loop
      vertex 9.52222 4.92943 2.4
      vertex 9.36455 4.46494 35.98
      vertex 9.36455 4.46494 2.4
    endloop
  endfacet
  facet normal -0.442298 0.896868 0
    outer loop
      vertex 4.46494 9.36455 21.19
      vertex 4.025 9.14759 35.98
      vertex 4.46494 9.36455 35.98
    endloop
  endfacet
  facet normal -0.442298 0.896868 0
    outer loop
      vertex 4.025 9.14759 35.98
      vertex 4.46494 9.36455 21.19
      vertex 4.025 9.14759 21.19
    endloop
  endfacet
  facet normal -0.555566 0.831473 0
    outer loop
      vertex 4.025 9.14759 21.19
      vertex 3.61714 8.87507 35.98
      vertex 4.025 9.14759 35.98
    endloop
  endfacet
  facet normal -0.555566 0.831473 0
    outer loop
      vertex 3.61714 8.87507 35.98
      vertex 4.025 9.14759 21.19
      vertex 3.61714 8.87507 21.19
    endloop
  endfacet
  facet normal -0.195097 0.980784 0
    outer loop
      vertex 5.41053 9.61792 21.19
      vertex 4.92943 9.52222 35.98
      vertex 5.41053 9.61792 35.98
    endloop
  endfacet
  facet normal -0.195097 0.980784 0
    outer loop
      vertex 4.92943 9.52222 35.98
      vertex 5.41053 9.61792 21.19
      vertex 4.92943 9.52222 21.19
    endloop
  endfacet
  facet normal 0.555575 0.831466 -0
    outer loop
      vertex 8.18285 8.87507 2.4
      vertex 7.775 9.14759 35.98
      vertex 8.18285 8.87507 35.98
    endloop
  endfacet
  facet normal 0.555575 0.831466 0
    outer loop
      vertex 7.775 9.14759 35.98
      vertex 8.18285 8.87507 2.4
      vertex 7.775 9.14759 2.4
    endloop
  endfacet
  facet normal -0.659346 0.75184 0
    outer loop
      vertex 3.61714 8.87507 21.19
      vertex 3.24835 8.55165 35.98
      vertex 3.61714 8.87507 35.98
    endloop
  endfacet
  facet normal -0.659346 0.75184 0
    outer loop
      vertex 3.24835 8.55165 35.98
      vertex 3.61714 8.87507 21.19
      vertex 3.24835 8.55165 21.19
    endloop
  endfacet
  facet normal -0.321434 0.946932 0
    outer loop
      vertex 4.92943 9.52222 21.19
      vertex 4.46494 9.36455 35.98
      vertex 4.92943 9.52222 35.98
    endloop
  endfacet
  facet normal -0.321434 0.946932 0
    outer loop
      vertex 4.46494 9.36455 35.98
      vertex 4.92943 9.52222 21.19
      vertex 4.46494 9.36455 21.19
    endloop
  endfacet
  facet normal 0.896868 0.442298 0
    outer loop
      vertex 9.36455 7.33506 35.98
      vertex 9.14759 7.775 2.4
      vertex 9.14759 7.775 35.98
    endloop
  endfacet
  facet normal 0.896868 0.442298 0
    outer loop
      vertex 9.14759 7.775 2.4
      vertex 9.36455 7.33506 35.98
      vertex 9.36455 7.33506 2.4
    endloop
  endfacet
  facet normal 0.442281 -0.896876 0
    outer loop
      vertex 7.33506 2.43545 2.4
      vertex 7.775 2.6524 35.98
      vertex 7.33506 2.43545 35.98
    endloop
  endfacet
  facet normal 0.442281 -0.896876 0
    outer loop
      vertex 7.775 2.6524 35.98
      vertex 7.33506 2.43545 2.4
      vertex 7.775 2.6524 2.4
    endloop
  endfacet
  facet normal 0.442298 0.896868 -0
    outer loop
      vertex 7.775 9.14759 2.4
      vertex 7.33506 9.36455 35.98
      vertex 7.775 9.14759 35.98
    endloop
  endfacet
  facet normal 0.442298 0.896868 0
    outer loop
      vertex 7.33506 9.36455 35.98
      vertex 7.775 9.14759 2.4
      vertex 7.33506 9.36455 2.4
    endloop
  endfacet
  facet normal 0.195097 0.980784 -3.56863e-07
    outer loop
      vertex 6.87057 9.52222 35.98
      vertex 6.4 9.61582 21.19
      vertex 6.38947 9.61792 35.98
    endloop
  endfacet
  facet normal 0.195086 0.980786 -0
    outer loop
      vertex 6.87057 9.52222 2.4
      vertex 6.4 9.61582 21.19
      vertex 6.87057 9.52222 35.98
    endloop
  endfacet
  facet normal 0.195086 0.980786 0
    outer loop
      vertex 6.4 9.61582 21.19
      vertex 6.87057 9.52222 2.4
      vertex 6.4 9.61582 2.4
    endloop
  endfacet
  facet normal 0.195579 0.980688 0
    outer loop
      vertex 6.38947 9.61792 35.98
      vertex 6.4 9.61582 21.19
      vertex 6.38947 9.61792 21.19
    endloop
  endfacet
  facet normal 0.659347 -0.751839 0
    outer loop
      vertex 8.18285 2.92492 2.4
      vertex 8.55165 3.24835 35.98
      vertex 8.18285 2.92492 35.98
    endloop
  endfacet
  facet normal 0.659347 -0.751839 0
    outer loop
      vertex 8.55165 3.24835 35.98
      vertex 8.18285 2.92492 2.4
      vertex 8.55165 3.24835 2.4
    endloop
  endfacet
  facet normal -0.442281 -0.896876 0
    outer loop
      vertex 4.025 2.6524 2.4
      vertex 4.46494 2.43545 35.98
      vertex 4.025 2.6524 35.98
    endloop
  endfacet
  facet normal -0.442281 -0.896876 -0
    outer loop
      vertex 4.46494 2.43545 35.98
      vertex 4.025 2.6524 2.4
      vertex 4.46494 2.43545 2.4
    endloop
  endfacet
  facet normal 0.321418 -0.946937 0
    outer loop
      vertex 7.23062 2.4 2.4
      vertex 7.33506 2.43545 35.98
      vertex 7.23062 2.4 35.98
    endloop
  endfacet
  facet normal 0.321418 -0.946937 0
    outer loop
      vertex 7.33506 2.43545 35.98
      vertex 7.23062 2.4 2.4
      vertex 7.33506 2.43545 2.4
    endloop
  endfacet
  facet normal -0.75183 -0.659357 0
    outer loop
      vertex 3.24835 3.24835 2.4
      vertex 2.92492 3.61714 35.98
      vertex 2.92492 3.61714 2.4
    endloop
  endfacet
  facet normal -0.75183 -0.659357 0
    outer loop
      vertex 2.92492 3.61714 35.98
      vertex 3.24835 3.24835 2.4
      vertex 3.24835 3.24835 35.98
    endloop
  endfacet
  facet normal 0.321434 0.946932 -0
    outer loop
      vertex 7.33506 9.36455 2.4
      vertex 6.87057 9.52222 35.98
      vertex 7.33506 9.36455 35.98
    endloop
  endfacet
  facet normal 0.321434 0.946932 0
    outer loop
      vertex 6.87057 9.52222 35.98
      vertex 7.33506 9.36455 2.4
      vertex 6.87057 9.52222 2.4
    endloop
  endfacet
  facet normal -0.946937 0.321418 0
    outer loop
      vertex 2.4 7.23062 2.4
      vertex 2.43545 7.33506 35.98
      vertex 2.43545 7.33506 2.4
    endloop
  endfacet
  facet normal -0.946937 0.321418 0
    outer loop
      vertex 2.43545 7.33506 35.98
      vertex 2.4 7.23062 2.4
      vertex 2.4 7.23062 35.98
    endloop
  endfacet
  facet normal 0.555575 -0.831466 0
    outer loop
      vertex 7.775 2.6524 2.4
      vertex 8.18285 2.92492 35.98
      vertex 7.775 2.6524 35.98
    endloop
  endfacet
  facet normal 0.555575 -0.831466 0
    outer loop
      vertex 8.18285 2.92492 35.98
      vertex 7.775 2.6524 2.4
      vertex 8.18285 2.92492 2.4
    endloop
  endfacet
  facet normal 0.831473 -0.555566 0
    outer loop
      vertex 8.87507 3.61714 35.98
      vertex 9.14759 4.025 2.4
      vertex 9.14759 4.025 35.98
    endloop
  endfacet
  facet normal 0.831473 -0.555566 0
    outer loop
      vertex 9.14759 4.025 2.4
      vertex 8.87507 3.61714 35.98
      vertex 8.87507 3.61714 2.4
    endloop
  endfacet
  facet normal -0.896874 0.442286 0
    outer loop
      vertex 2.59076 7.65 2.4
      vertex 2.43545 7.33506 2.4
      vertex 2.59076 7.65 21.19
    endloop
  endfacet
  facet normal -0.896882 0.44227 0
    outer loop
      vertex 2.59076 7.65 21.19
      vertex 2.6524 7.775 35.98
      vertex 2.6524 7.775 21.19
    endloop
  endfacet
  facet normal -0.896874 0.442286 0
    outer loop
      vertex 2.43545 7.33506 35.98
      vertex 2.59076 7.65 21.19
      vertex 2.43545 7.33506 2.4
    endloop
  endfacet
  facet normal -0.896876 0.442281 -1.16942e-07
    outer loop
      vertex 2.59076 7.65 21.19
      vertex 2.43545 7.33506 35.98
      vertex 2.6524 7.775 35.98
    endloop
  endfacet
  facet normal 0.896868 -0.442298 0
    outer loop
      vertex 9.14759 4.025 35.98
      vertex 9.36455 4.46494 2.4
      vertex 9.36455 4.46494 35.98
    endloop
  endfacet
  facet normal 0.896868 -0.442298 0
    outer loop
      vertex 9.36455 4.46494 2.4
      vertex 9.14759 4.025 35.98
      vertex 9.14759 4.025 2.4
    endloop
  endfacet
  facet normal -0.831466 0.555575 0
    outer loop
      vertex 2.6524 7.775 21.19
      vertex 2.92492 8.18285 35.98
      vertex 2.92492 8.18285 21.19
    endloop
  endfacet
  facet normal -0.831466 0.555575 0
    outer loop
      vertex 2.92492 8.18285 35.98
      vertex 2.6524 7.775 21.19
      vertex 2.6524 7.775 35.98
    endloop
  endfacet
  facet normal -0.980787 0.195081 0
    outer loop
      vertex 7.204 5.55059 22
      vertex 7.23845 5.72379 35.98
      vertex 7.23845 5.72379 22
    endloop
  endfacet
  facet normal -0.980787 0.195081 0
    outer loop
      vertex 7.23845 5.72379 35.98
      vertex 7.204 5.55059 22
      vertex 7.204 5.55059 35.98
    endloop
  endfacet
  facet normal -0.980785 -0.195092 0
    outer loop
      vertex 7.23845 6.07621 22
      vertex 7.204 6.2494 35.98
      vertex 7.204 6.2494 22
    endloop
  endfacet
  facet normal -0.980785 -0.195092 0
    outer loop
      vertex 7.204 6.2494 35.98
      vertex 7.23845 6.07621 22
      vertex 7.23845 6.07621 35.98
    endloop
  endfacet
  facet normal -0.997859 -0.0654064 0
    outer loop
      vertex 7.25 5.9 22
      vertex 7.23845 6.07621 35.98
      vertex 7.23845 6.07621 22
    endloop
  endfacet
  facet normal -0.997859 -0.0654064 0
    outer loop
      vertex 7.23845 6.07621 35.98
      vertex 7.25 5.9 22
      vertex 7.25 5.9 35.98
    endloop
  endfacet
  facet normal 0.321439 0.94693 -0
    outer loop
      vertex 5.55059 4.596 22
      vertex 5.38338 4.65276 35.98
      vertex 5.55059 4.596 35.98
    endloop
  endfacet
  facet normal 0.321439 0.94693 0
    outer loop
      vertex 5.38338 4.65276 35.98
      vertex 5.55059 4.596 22
      vertex 5.38338 4.65276 22
    endloop
  endfacet
  facet normal -0.751804 -0.659386 0
    outer loop
      vertex 6.97103 6.72183 22
      vertex 6.85459 6.85459 35.98
      vertex 6.85459 6.85459 22
    endloop
  endfacet
  facet normal -0.751804 -0.659386 0
    outer loop
      vertex 6.85459 6.85459 35.98
      vertex 6.97103 6.72183 22
      vertex 6.97103 6.72183 35.98
    endloop
  endfacet
  facet normal -0.442314 0.89686 0
    outer loop
      vertex 6.575 4.73087 22
      vertex 6.41662 4.65276 35.98
      vertex 6.575 4.73087 35.98
    endloop
  endfacet
  facet normal -0.442314 0.89686 0
    outer loop
      vertex 6.41662 4.65276 35.98
      vertex 6.575 4.73087 22
      vertex 6.41662 4.65276 22
    endloop
  endfacet
  facet normal 0.659386 -0.751804 0
    outer loop
      vertex 4.94541 6.85459 22
      vertex 5.07817 6.97103 35.98
      vertex 4.94541 6.85459 35.98
    endloop
  endfacet
  facet normal 0.659386 -0.751804 0
    outer loop
      vertex 5.07817 6.97103 35.98
      vertex 4.94541 6.85459 22
      vertex 5.07817 6.97103 22
    endloop
  endfacet
  facet normal 0.980787 0.195081 0
    outer loop
      vertex 4.596 5.55059 35.98
      vertex 4.56155 5.72379 22
      vertex 4.56155 5.72379 35.98
    endloop
  endfacet
  facet normal 0.980787 0.195081 0
    outer loop
      vertex 4.56155 5.72379 22
      vertex 4.596 5.55059 35.98
      vertex 4.596 5.55059 22
    endloop
  endfacet
  facet normal 0.831492 -0.555536 0
    outer loop
      vertex 4.73087 6.575 35.98
      vertex 4.82897 6.72183 22
      vertex 4.82897 6.72183 35.98
    endloop
  endfacet
  facet normal 0.831492 -0.555536 0
    outer loop
      vertex 4.82897 6.72183 22
      vertex 4.73087 6.575 35.98
      vertex 4.73087 6.575 22
    endloop
  endfacet
  facet normal -0.555536 0.831492 0
    outer loop
      vertex 6.72183 4.82897 22
      vertex 6.575 4.73087 35.98
      vertex 6.72183 4.82897 35.98
    endloop
  endfacet
  facet normal -0.555536 0.831492 0
    outer loop
      vertex 6.575 4.73087 35.98
      vertex 6.72183 4.82897 22
      vertex 6.575 4.73087 22
    endloop
  endfacet
  facet normal 0.0654064 0.997859 -0
    outer loop
      vertex 5.9 4.55 22
      vertex 5.72379 4.56155 35.98
      vertex 5.9 4.55 35.98
    endloop
  endfacet
  facet normal 0.0654064 0.997859 0
    outer loop
      vertex 5.72379 4.56155 35.98
      vertex 5.9 4.55 22
      vertex 5.72379 4.56155 22
    endloop
  endfacet
  facet normal 0.442314 -0.89686 0
    outer loop
      vertex 5.225 7.06913 22
      vertex 5.38338 7.14724 35.98
      vertex 5.225 7.06913 35.98
    endloop
  endfacet
  facet normal 0.442314 -0.89686 0
    outer loop
      vertex 5.38338 7.14724 35.98
      vertex 5.225 7.06913 22
      vertex 5.38338 7.14724 22
    endloop
  endfacet
  facet normal -0.321421 -0.946936 0
    outer loop
      vertex 6.2494 7.204 22
      vertex 6.41662 7.14724 35.98
      vertex 6.2494 7.204 35.98
    endloop
  endfacet
  facet normal -0.321421 -0.946936 -0
    outer loop
      vertex 6.41662 7.14724 35.98
      vertex 6.2494 7.204 22
      vertex 6.41662 7.14724 22
    endloop
  endfacet
  facet normal 0.94693 0.321439 0
    outer loop
      vertex 4.65276 5.38338 35.98
      vertex 4.596 5.55059 22
      vertex 4.596 5.55059 35.98
    endloop
  endfacet
  facet normal 0.94693 0.321439 0
    outer loop
      vertex 4.596 5.55059 22
      vertex 4.65276 5.38338 35.98
      vertex 4.65276 5.38338 22
    endloop
  endfacet
  facet normal -0.321421 0.946936 0
    outer loop
      vertex 6.41662 4.65276 22
      vertex 6.2494 4.596 35.98
      vertex 6.41662 4.65276 35.98
    endloop
  endfacet
  facet normal -0.321421 0.946936 0
    outer loop
      vertex 6.2494 4.596 35.98
      vertex 6.41662 4.65276 22
      vertex 6.2494 4.596 22
    endloop
  endfacet
  facet normal 0.321439 -0.94693 0
    outer loop
      vertex 5.38338 7.14724 22
      vertex 5.55059 7.204 35.98
      vertex 5.38338 7.14724 35.98
    endloop
  endfacet
  facet normal 0.321439 -0.94693 0
    outer loop
      vertex 5.55059 7.204 35.98
      vertex 5.38338 7.14724 22
      vertex 5.55059 7.204 22
    endloop
  endfacet
  facet normal -0.946936 -0.321421 0
    outer loop
      vertex 7.204 6.2494 22
      vertex 7.14724 6.41662 35.98
      vertex 7.14724 6.41662 22
    endloop
  endfacet
  facet normal -0.946936 -0.321421 0
    outer loop
      vertex 7.14724 6.41662 35.98
      vertex 7.204 6.2494 22
      vertex 7.204 6.2494 35.98
    endloop
  endfacet
  facet normal 0.0654064 -0.997859 0
    outer loop
      vertex 5.72379 7.23845 22
      vertex 5.9 7.25 35.98
      vertex 5.72379 7.23845 35.98
    endloop
  endfacet
  facet normal 0.0654064 -0.997859 0
    outer loop
      vertex 5.9 7.25 35.98
      vertex 5.72379 7.23845 22
      vertex 5.9 7.25 22
    endloop
  endfacet
  facet normal -0.659386 -0.751804 0
    outer loop
      vertex 6.72183 6.97103 22
      vertex 6.85459 6.85459 35.98
      vertex 6.72183 6.97103 35.98
    endloop
  endfacet
  facet normal -0.659386 -0.751804 -0
    outer loop
      vertex 6.85459 6.85459 35.98
      vertex 6.72183 6.97103 22
      vertex 6.85459 6.85459 22
    endloop
  endfacet
  facet normal -0.195092 0.980785 0
    outer loop
      vertex 6.2494 4.596 22
      vertex 6.07621 4.56155 35.98
      vertex 6.2494 4.596 35.98
    endloop
  endfacet
  facet normal -0.195092 0.980785 0
    outer loop
      vertex 6.07621 4.56155 35.98
      vertex 6.2494 4.596 22
      vertex 6.07621 4.56155 22
    endloop
  endfacet
  facet normal 0.946936 -0.321421 0
    outer loop
      vertex 4.596 6.2494 35.98
      vertex 4.65276 6.41662 22
      vertex 4.65276 6.41662 35.98
    endloop
  endfacet
  facet normal 0.946936 -0.321421 0
    outer loop
      vertex 4.65276 6.41662 22
      vertex 4.596 6.2494 35.98
      vertex 4.596 6.2494 22
    endloop
  endfacet
  facet normal 0.831492 0.555536 0
    outer loop
      vertex 4.82897 5.07817 35.98
      vertex 4.73087 5.225 22
      vertex 4.73087 5.225 35.98
    endloop
  endfacet
  facet normal 0.831492 0.555536 0
    outer loop
      vertex 4.73087 5.225 22
      vertex 4.82897 5.07817 35.98
      vertex 4.82897 5.07817 22
    endloop
  endfacet
  facet normal -0.831492 -0.555536 0
    outer loop
      vertex 7.06913 6.575 22
      vertex 6.97103 6.72183 35.98
      vertex 6.97103 6.72183 22
    endloop
  endfacet
  facet normal -0.831492 -0.555536 0
    outer loop
      vertex 6.97103 6.72183 35.98
      vertex 7.06913 6.575 22
      vertex 7.06913 6.575 35.98
    endloop
  endfacet
  facet normal -0.997859 0.0654064 0
    outer loop
      vertex 7.23845 5.72379 22
      vertex 7.25 5.9 35.98
      vertex 7.25 5.9 22
    endloop
  endfacet
  facet normal -0.997859 0.0654064 0
    outer loop
      vertex 7.25 5.9 35.98
      vertex 7.23845 5.72379 22
      vertex 7.23845 5.72379 35.98
    endloop
  endfacet
  facet normal 0.442314 0.89686 -0
    outer loop
      vertex 5.38338 4.65276 22
      vertex 5.225 4.73087 35.98
      vertex 5.38338 4.65276 35.98
    endloop
  endfacet
  facet normal 0.442314 0.89686 0
    outer loop
      vertex 5.225 4.73087 35.98
      vertex 5.38338 4.65276 22
      vertex 5.225 4.73087 22
    endloop
  endfacet
  facet normal -0.442314 -0.89686 0
    outer loop
      vertex 6.41662 7.14724 22
      vertex 6.575 7.06913 35.98
      vertex 6.41662 7.14724 35.98
    endloop
  endfacet
  facet normal -0.442314 -0.89686 -0
    outer loop
      vertex 6.575 7.06913 35.98
      vertex 6.41662 7.14724 22
      vertex 6.575 7.06913 22
    endloop
  endfacet
  facet normal -0.89686 0.442314 0
    outer loop
      vertex 7.06913 5.225 22
      vertex 7.14724 5.38338 35.98
      vertex 7.14724 5.38338 22
    endloop
  endfacet
  facet normal -0.89686 0.442314 0
    outer loop
      vertex 7.14724 5.38338 35.98
      vertex 7.06913 5.225 22
      vertex 7.06913 5.225 35.98
    endloop
  endfacet
  facet normal -0.0654064 0.997859 0
    outer loop
      vertex 6.07621 4.56155 22
      vertex 5.9 4.55 35.98
      vertex 6.07621 4.56155 35.98
    endloop
  endfacet
  facet normal -0.0654064 0.997859 0
    outer loop
      vertex 5.9 4.55 35.98
      vertex 6.07621 4.56155 22
      vertex 5.9 4.55 22
    endloop
  endfacet
  facet normal -0.555536 -0.831492 0
    outer loop
      vertex 6.575 7.06913 22
      vertex 6.72183 6.97103 35.98
      vertex 6.575 7.06913 35.98
    endloop
  endfacet
  facet normal -0.555536 -0.831492 -0
    outer loop
      vertex 6.72183 6.97103 35.98
      vertex 6.575 7.06913 22
      vertex 6.72183 6.97103 22
    endloop
  endfacet
  facet normal -0.751804 0.659386 0
    outer loop
      vertex 6.85459 4.94541 22
      vertex 6.97103 5.07817 35.98
      vertex 6.97103 5.07817 22
    endloop
  endfacet
  facet normal -0.751804 0.659386 0
    outer loop
      vertex 6.97103 5.07817 35.98
      vertex 6.85459 4.94541 22
      vertex 6.85459 4.94541 35.98
    endloop
  endfacet
  facet normal -0.659386 0.751804 0
    outer loop
      vertex 6.85459 4.94541 22
      vertex 6.72183 4.82897 35.98
      vertex 6.85459 4.94541 35.98
    endloop
  endfacet
  facet normal -0.659386 0.751804 0
    outer loop
      vertex 6.72183 4.82897 35.98
      vertex 6.85459 4.94541 22
      vertex 6.72183 4.82897 22
    endloop
  endfacet
  facet normal 0.195081 0.980787 -0
    outer loop
      vertex 5.72379 4.56155 22
      vertex 5.55059 4.596 35.98
      vertex 5.72379 4.56155 35.98
    endloop
  endfacet
  facet normal 0.195081 0.980787 0
    outer loop
      vertex 5.55059 4.596 35.98
      vertex 5.72379 4.56155 22
      vertex 5.55059 4.596 22
    endloop
  endfacet
  facet normal 0.555536 -0.831492 0
    outer loop
      vertex 5.07817 6.97103 22
      vertex 5.225 7.06913 35.98
      vertex 5.07817 6.97103 35.98
    endloop
  endfacet
  facet normal 0.555536 -0.831492 0
    outer loop
      vertex 5.225 7.06913 35.98
      vertex 5.07817 6.97103 22
      vertex 5.225 7.06913 22
    endloop
  endfacet
  facet normal -0.94693 0.321439 0
    outer loop
      vertex 7.14724 5.38338 22
      vertex 7.204 5.55059 35.98
      vertex 7.204 5.55059 22
    endloop
  endfacet
  facet normal -0.94693 0.321439 0
    outer loop
      vertex 7.204 5.55059 35.98
      vertex 7.14724 5.38338 22
      vertex 7.14724 5.38338 35.98
    endloop
  endfacet
  facet normal 0.89686 0.442314 0
    outer loop
      vertex 4.73087 5.225 35.98
      vertex 4.65276 5.38338 22
      vertex 4.65276 5.38338 35.98
    endloop
  endfacet
  facet normal 0.89686 0.442314 0
    outer loop
      vertex 4.65276 5.38338 22
      vertex 4.73087 5.225 35.98
      vertex 4.73087 5.225 22
    endloop
  endfacet
  facet normal 0.751804 0.659386 0
    outer loop
      vertex 4.94541 4.94541 35.98
      vertex 4.82897 5.07817 22
      vertex 4.82897 5.07817 35.98
    endloop
  endfacet
  facet normal 0.751804 0.659386 0
    outer loop
      vertex 4.82897 5.07817 22
      vertex 4.94541 4.94541 35.98
      vertex 4.94541 4.94541 22
    endloop
  endfacet
  facet normal -0.831492 0.555536 0
    outer loop
      vertex 6.97103 5.07817 22
      vertex 7.06913 5.225 35.98
      vertex 7.06913 5.225 22
    endloop
  endfacet
  facet normal -0.831492 0.555536 0
    outer loop
      vertex 7.06913 5.225 35.98
      vertex 6.97103 5.07817 22
      vertex 6.97103 5.07817 35.98
    endloop
  endfacet
  facet normal 0 0 1
    outer loop
      vertex 7.23845 6.07621 22
      vertex 7.23845 5.72379 22
      vertex 7.25 5.9 22
    endloop
  endfacet
  facet normal 0 0 1
    outer loop
      vertex 7.204 6.2494 22
      vertex 7.23845 5.72379 22
      vertex 7.23845 6.07621 22
    endloop
  endfacet
  facet normal 0 0 1
    outer loop
      vertex 7.204 6.2494 22
      vertex 7.204 5.55059 22
      vertex 7.23845 5.72379 22
    endloop
  endfacet
  facet normal 0 0 1
    outer loop
      vertex 7.14724 6.41662 22
      vertex 7.204 5.55059 22
      vertex 7.204 6.2494 22
    endloop
  endfacet
  facet normal 0 0 1
    outer loop
      vertex 7.14724 6.41662 22
      vertex 7.14724 5.38338 22
      vertex 7.204 5.55059 22
    endloop
  endfacet
  facet normal 0 0 1
    outer loop
      vertex 7.06913 6.575 22
      vertex 7.14724 5.38338 22
      vertex 7.14724 6.41662 22
    endloop
  endfacet
  facet normal 0 0 1
    outer loop
      vertex 7.06913 6.575 22
      vertex 7.06913 5.225 22
      vertex 7.14724 5.38338 22
    endloop
  endfacet
  facet normal 0 0 1
    outer loop
      vertex 6.97103 6.72183 22
      vertex 7.06913 5.225 22
      vertex 7.06913 6.575 22
    endloop
  endfacet
  facet normal 0 0 1
    outer loop
      vertex 6.97103 6.72183 22
      vertex 6.97103 5.07817 22
      vertex 7.06913 5.225 22
    endloop
  endfacet
  facet normal 0 0 1
    outer loop
      vertex 6.85459 6.85459 22
      vertex 6.97103 5.07817 22
      vertex 6.97103 6.72183 22
    endloop
  endfacet
  facet normal 0 0 1
    outer loop
      vertex 6.85459 6.85459 22
      vertex 6.85459 4.94541 22
      vertex 6.97103 5.07817 22
    endloop
  endfacet
  facet normal 0 0 1
    outer loop
      vertex 6.72183 6.97103 22
      vertex 6.85459 4.94541 22
      vertex 6.85459 6.85459 22
    endloop
  endfacet
  facet normal 0 0 1
    outer loop
      vertex 6.72183 6.97103 22
      vertex 6.72183 4.82897 22
      vertex 6.85459 4.94541 22
    endloop
  endfacet
  facet normal 0 0 1
    outer loop
      vertex 6.575 7.06913 22
      vertex 6.72183 4.82897 22
      vertex 6.72183 6.97103 22
    endloop
  endfacet
  facet normal 0 0 1
    outer loop
      vertex 6.575 7.06913 22
      vertex 6.575 4.73087 22
      vertex 6.72183 4.82897 22
    endloop
  endfacet
  facet normal 0 0 1
    outer loop
      vertex 6.41662 7.14724 22
      vertex 6.575 4.73087 22
      vertex 6.575 7.06913 22
    endloop
  endfacet
  facet normal 0 0 1
    outer loop
      vertex 6.41662 7.14724 22
      vertex 6.41662 4.65276 22
      vertex 6.575 4.73087 22
    endloop
  endfacet
  facet normal 0 0 1
    outer loop
      vertex 6.2494 7.204 22
      vertex 6.41662 4.65276 22
      vertex 6.41662 7.14724 22
    endloop
  endfacet
  facet normal 0 0 1
    outer loop
      vertex 6.2494 7.204 22
      vertex 6.2494 4.596 22
      vertex 6.41662 4.65276 22
    endloop
  endfacet
  facet normal 0 0 1
    outer loop
      vertex 6.07621 7.23845 22
      vertex 6.2494 4.596 22
      vertex 6.2494 7.204 22
    endloop
  endfacet
  facet normal 0 0 1
    outer loop
      vertex 6.07621 7.23845 22
      vertex 6.07621 4.56155 22
      vertex 6.2494 4.596 22
    endloop
  endfacet
  facet normal 0 0 1
    outer loop
      vertex 5.9 7.25 22
      vertex 6.07621 4.56155 22
      vertex 6.07621 7.23845 22
    endloop
  endfacet
  facet normal 0 0 1
    outer loop
      vertex 5.9 7.25 22
      vertex 5.9 4.55 22
      vertex 6.07621 4.56155 22
    endloop
  endfacet
  facet normal -0 0 1
    outer loop
      vertex 5.72379 7.23845 22
      vertex 5.9 4.55 22
      vertex 5.9 7.25 22
    endloop
  endfacet
  facet normal 0 0 1
    outer loop
      vertex 5.72379 7.23845 22
      vertex 5.72379 4.56155 22
      vertex 5.9 4.55 22
    endloop
  endfacet
  facet normal -0 0 1
    outer loop
      vertex 5.55059 7.204 22
      vertex 5.72379 4.56155 22
      vertex 5.72379 7.23845 22
    endloop
  endfacet
  facet normal 0 0 1
    outer loop
      vertex 5.55059 7.204 22
      vertex 5.55059 4.596 22
      vertex 5.72379 4.56155 22
    endloop
  endfacet
  facet normal -0 0 1
    outer loop
      vertex 5.38338 7.14724 22
      vertex 5.55059 4.596 22
      vertex 5.55059 7.204 22
    endloop
  endfacet
  facet normal 0 0 1
    outer loop
      vertex 5.38338 7.14724 22
      vertex 5.38338 4.65276 22
      vertex 5.55059 4.596 22
    endloop
  endfacet
  facet normal -0 0 1
    outer loop
      vertex 5.225 7.06913 22
      vertex 5.38338 4.65276 22
      vertex 5.38338 7.14724 22
    endloop
  endfacet
  facet normal 0 0 1
    outer loop
      vertex 5.225 7.06913 22
      vertex 5.225 4.73087 22
      vertex 5.38338 4.65276 22
    endloop
  endfacet
  facet normal -0 0 1
    outer loop
      vertex 5.07817 6.97103 22
      vertex 5.225 4.73087 22
      vertex 5.225 7.06913 22
    endloop
  endfacet
  facet normal 0 0 1
    outer loop
      vertex 5.07817 6.97103 22
      vertex 5.07817 4.82897 22
      vertex 5.225 4.73087 22
    endloop
  endfacet
  facet normal -0 0 1
    outer loop
      vertex 4.94541 6.85459 22
      vertex 5.07817 4.82897 22
      vertex 5.07817 6.97103 22
    endloop
  endfacet
  facet normal 0 0 1
    outer loop
      vertex 4.94541 6.85459 22
      vertex 4.94541 4.94541 22
      vertex 5.07817 4.82897 22
    endloop
  endfacet
  facet normal -0 0 1
    outer loop
      vertex 4.82897 6.72183 22
      vertex 4.94541 4.94541 22
      vertex 4.94541 6.85459 22
    endloop
  endfacet
  facet normal 0 0 1
    outer loop
      vertex 4.82897 6.72183 22
      vertex 4.82897 5.07817 22
      vertex 4.94541 4.94541 22
    endloop
  endfacet
  facet normal -0 0 1
    outer loop
      vertex 4.73087 6.575 22
      vertex 4.82897 5.07817 22
      vertex 4.82897 6.72183 22
    endloop
  endfacet
  facet normal 0 0 1
    outer loop
      vertex 4.73087 6.575 22
      vertex 4.73087 5.225 22
      vertex 4.82897 5.07817 22
    endloop
  endfacet
  facet normal -0 0 1
    outer loop
      vertex 4.65276 6.41662 22
      vertex 4.73087 5.225 22
      vertex 4.73087 6.575 22
    endloop
  endfacet
  facet normal 0 0 1
    outer loop
      vertex 4.65276 6.41662 22
      vertex 4.65276 5.38338 22
      vertex 4.73087 5.225 22
    endloop
  endfacet
  facet normal -0 0 1
    outer loop
      vertex 4.596 6.2494 22
      vertex 4.65276 5.38338 22
      vertex 4.65276 6.41662 22
    endloop
  endfacet
  facet normal 0 0 1
    outer loop
      vertex 4.596 6.2494 22
      vertex 4.596 5.55059 22
      vertex 4.65276 5.38338 22
    endloop
  endfacet
  facet normal -0 0 1
    outer loop
      vertex 4.56155 6.07621 22
      vertex 4.596 5.55059 22
      vertex 4.596 6.2494 22
    endloop
  endfacet
  facet normal 0 0 1
    outer loop
      vertex 4.56155 6.07621 22
      vertex 4.56155 5.72379 22
      vertex 4.596 5.55059 22
    endloop
  endfacet
  facet normal 0 -0 1
    outer loop
      vertex 4.56155 5.72379 22
      vertex 4.56155 6.07621 22
      vertex 4.55 5.9 22
    endloop
  endfacet
  facet normal 0.751804 -0.659386 0
    outer loop
      vertex 4.82897 6.72183 35.98
      vertex 4.94541 6.85459 22
      vertex 4.94541 6.85459 35.98
    endloop
  endfacet
  facet normal 0.751804 -0.659386 0
    outer loop
      vertex 4.94541 6.85459 22
      vertex 4.82897 6.72183 35.98
      vertex 4.82897 6.72183 22
    endloop
  endfacet
  facet normal 0.980785 -0.195092 0
    outer loop
      vertex 4.56155 6.07621 35.98
      vertex 4.596 6.2494 22
      vertex 4.596 6.2494 35.98
    endloop
  endfacet
  facet normal 0.980785 -0.195092 0
    outer loop
      vertex 4.596 6.2494 22
      vertex 4.56155 6.07621 35.98
      vertex 4.56155 6.07621 22
    endloop
  endfacet
  facet normal -0.89686 -0.442314 0
    outer loop
      vertex 7.14724 6.41662 22
      vertex 7.06913 6.575 35.98
      vertex 7.06913 6.575 22
    endloop
  endfacet
  facet normal -0.89686 -0.442314 0
    outer loop
      vertex 7.06913 6.575 35.98
      vertex 7.14724 6.41662 22
      vertex 7.14724 6.41662 35.98
    endloop
  endfacet
  facet normal 0.659386 0.751804 -0
    outer loop
      vertex 5.07817 4.82897 22
      vertex 4.94541 4.94541 35.98
      vertex 5.07817 4.82897 35.98
    endloop
  endfacet
  facet normal 0.659386 0.751804 0
    outer loop
      vertex 4.94541 4.94541 35.98
      vertex 5.07817 4.82897 22
      vertex 4.94541 4.94541 22
    endloop
  endfacet
  facet normal 0.195081 -0.980787 0
    outer loop
      vertex 5.55059 7.204 22
      vertex 5.72379 7.23845 35.98
      vertex 5.55059 7.204 35.98
    endloop
  endfacet
  facet normal 0.195081 -0.980787 0
    outer loop
      vertex 5.72379 7.23845 35.98
      vertex 5.55059 7.204 22
      vertex 5.72379 7.23845 22
    endloop
  endfacet
  facet normal -0.0654064 -0.997859 0
    outer loop
      vertex 5.9 7.25 22
      vertex 6.07621 7.23845 35.98
      vertex 5.9 7.25 35.98
    endloop
  endfacet
  facet normal -0.0654064 -0.997859 -0
    outer loop
      vertex 6.07621 7.23845 35.98
      vertex 5.9 7.25 22
      vertex 6.07621 7.23845 22
    endloop
  endfacet
  facet normal 0.89686 -0.442314 0
    outer loop
      vertex 4.65276 6.41662 35.98
      vertex 4.73087 6.575 22
      vertex 4.73087 6.575 35.98
    endloop
  endfacet
  facet normal 0.89686 -0.442314 0
    outer loop
      vertex 4.73087 6.575 22
      vertex 4.65276 6.41662 35.98
      vertex 4.65276 6.41662 22
    endloop
  endfacet
  facet normal 0.997859 0.0654064 0
    outer loop
      vertex 4.56155 5.72379 35.98
      vertex 4.55 5.9 22
      vertex 4.55 5.9 35.98
    endloop
  endfacet
  facet normal 0.997859 0.0654064 0
    outer loop
      vertex 4.55 5.9 22
      vertex 4.56155 5.72379 35.98
      vertex 4.56155 5.72379 22
    endloop
  endfacet
  facet normal -0.195092 -0.980785 0
    outer loop
      vertex 6.07621 7.23845 22
      vertex 6.2494 7.204 35.98
      vertex 6.07621 7.23845 35.98
    endloop
  endfacet
  facet normal -0.195092 -0.980785 -0
    outer loop
      vertex 6.2494 7.204 35.98
      vertex 6.07621 7.23845 22
      vertex 6.2494 7.204 22
    endloop
  endfacet
  facet normal 0.997859 -0.0654064 0
    outer loop
      vertex 4.55 5.9 35.98
      vertex 4.56155 6.07621 22
      vertex 4.56155 6.07621 35.98
    endloop
  endfacet
  facet normal 0.997859 -0.0654064 0
    outer loop
      vertex 4.56155 6.07621 22
      vertex 4.55 5.9 35.98
      vertex 4.55 5.9 22
    endloop
  endfacet
  facet normal 0.555536 0.831492 -0
    outer loop
      vertex 5.225 4.73087 22
      vertex 5.07817 4.82897 35.98
      vertex 5.225 4.73087 35.98
    endloop
  endfacet
  facet normal 0.555536 0.831492 0
    outer loop
      vertex 5.07817 4.82897 35.98
      vertex 5.225 4.73087 22
      vertex 5.07817 4.82897 22
    endloop
  endfacet
  facet normal 0.831498 0.555528 0
    outer loop
      vertex 9.14759 46.775 35.98
      vertex 8.87507 47.1829 2.4
      vertex 8.87507 47.1829 35.98
    endloop
  endfacet
  facet normal 0.831498 0.555528 0
    outer loop
      vertex 8.87507 47.1829 2.4
      vertex 9.14759 46.775 35.98
      vertex 9.14759 46.775 2.4
    endloop
  endfacet
  facet normal 0.980784 0.195097 0
    outer loop
      vertex 9.61792 45.3895 35.98
      vertex 9.52222 45.8706 2.4
      vertex 9.52222 45.8706 35.98
    endloop
  endfacet
  facet normal 0.980784 0.195097 0
    outer loop
      vertex 9.52222 45.8706 2.4
      vertex 9.61792 45.3895 35.98
      vertex 9.61792 45.3895 2.4
    endloop
  endfacet
  facet normal 0.997859 0.065396 0
    outer loop
      vertex 9.65 44.9 35.98
      vertex 9.61792 45.3895 2.4
      vertex 9.61792 45.3895 35.98
    endloop
  endfacet
  facet normal 0.997859 0.065396 0
    outer loop
      vertex 9.61792 45.3895 2.4
      vertex 9.65 44.9 35.98
      vertex 9.65 44.9 2.4
    endloop
  endfacet
  facet normal -0.0654406 -0.997856 0
    outer loop
      vertex 5.41053 41.1821 21.19
      vertex 5.9 41.15 35.98
      vertex 5.41053 41.1821 35.98
    endloop
  endfacet
  facet normal -0.0654406 -0.997856 -0
    outer loop
      vertex 5.9 41.15 35.98
      vertex 5.41053 41.1821 21.19
      vertex 5.9 41.15 21.19
    endloop
  endfacet
  facet normal 0.896852 0.44233 0
    outer loop
      vertex 9.36455 46.3351 35.98
      vertex 9.14759 46.775 2.4
      vertex 9.14759 46.775 35.98
    endloop
  endfacet
  facet normal 0.896852 0.44233 0
    outer loop
      vertex 9.14759 46.775 2.4
      vertex 9.36455 46.3351 35.98
      vertex 9.36455 46.3351 2.4
    endloop
  endfacet
  facet normal -0.896852 -0.442331 -0
    outer loop
      vertex 2.59076 43.15 21.19
      vertex 2.43545 43.4649 2.4
      vertex 2.59076 43.15 2.4
    endloop
  endfacet
  facet normal -0.896852 -0.442331 0
    outer loop
      vertex 2.43545 43.4649 2.4
      vertex 2.59076 43.15 21.19
      vertex 2.43545 43.4649 35.98
    endloop
  endfacet
  facet normal -0.896882 -0.44227 -0
    outer loop
      vertex 2.6524 43.025 35.98
      vertex 2.59076 43.15 21.19
      vertex 2.6524 43.025 21.19
    endloop
  endfacet
  facet normal -0.89686 -0.442314 -4.56831e-07
    outer loop
      vertex 2.59076 43.15 21.19
      vertex 2.6524 43.025 35.98
      vertex 2.43545 43.4649 35.98
    endloop
  endfacet
  facet normal -0.946993 0.321253 0
    outer loop
      vertex 2.4 46.2306 2.4
      vertex 2.43545 46.3351 35.98
      vertex 2.43545 46.3351 2.4
    endloop
  endfacet
  facet normal -0.946993 0.321253 0
    outer loop
      vertex 2.43545 46.3351 35.98
      vertex 2.4 46.2306 2.4
      vertex 2.4 46.2306 35.98
    endloop
  endfacet
  facet normal 0.195579 -0.980688 0
    outer loop
      vertex 6.4 41.1842 21.19
      vertex 6.38947 41.1821 35.98
      vertex 6.38947 41.1821 21.19
    endloop
  endfacet
  facet normal 0.195097 -0.980784 -3.56863e-07
    outer loop
      vertex 6.38947 41.1821 35.98
      vertex 6.4 41.1842 21.19
      vertex 6.87057 41.2778 35.98
    endloop
  endfacet
  facet normal 0.195086 -0.980786 0
    outer loop
      vertex 6.87057 41.2778 2.4
      vertex 6.4 41.1842 21.19
      vertex 6.4 41.1842 2.4
    endloop
  endfacet
  facet normal 0.195086 -0.980786 0
    outer loop
      vertex 6.4 41.1842 21.19
      vertex 6.87057 41.2778 2.4
      vertex 6.87057 41.2778 35.98
    endloop
  endfacet
  facet normal 0.555547 -0.831485 0
    outer loop
      vertex 7.775 41.6524 2.4
      vertex 8.18285 41.9249 35.98
      vertex 7.775 41.6524 35.98
    endloop
  endfacet
  facet normal 0.555547 -0.831485 0
    outer loop
      vertex 8.18285 41.9249 35.98
      vertex 7.775 41.6524 2.4
      vertex 8.18285 41.9249 2.4
    endloop
  endfacet
  facet normal 0 0 1
    outer loop
      vertex 7.25 44.9 35.98
      vertex 9.65 44.9 35.98
      vertex 9.61792 45.3895 35.98
    endloop
  endfacet
  facet normal 0 0 1
    outer loop
      vertex 7.23845 45.0762 35.98
      vertex 9.61792 45.3895 35.98
      vertex 9.52222 45.8706 35.98
    endloop
  endfacet
  facet normal 0 0 1
    outer loop
      vertex 9.65 44.9 35.98
      vertex 7.25 44.9 35.98
      vertex 9.61792 44.4105 35.98
    endloop
  endfacet
  facet normal 0 0 1
    outer loop
      vertex 7.204 45.2494 35.98
      vertex 9.52222 45.8706 35.98
      vertex 9.36455 46.3351 35.98
    endloop
  endfacet
  facet normal -0 0 1
    outer loop
      vertex 7.23845 44.7238 35.98
      vertex 9.61792 44.4105 35.98
      vertex 7.25 44.9 35.98
    endloop
  endfacet
  facet normal 0 0 1
    outer loop
      vertex 7.14724 45.4166 35.98
      vertex 9.36455 46.3351 35.98
      vertex 9.14759 46.775 35.98
    endloop
  endfacet
  facet normal 0 0 1
    outer loop
      vertex 9.61792 44.4105 35.98
      vertex 7.23845 44.7238 35.98
      vertex 9.52222 43.9294 35.98
    endloop
  endfacet
  facet normal 0 0 1
    outer loop
      vertex 7.06913 45.575 35.98
      vertex 9.14759 46.775 35.98
      vertex 8.87507 47.1829 35.98
    endloop
  endfacet
  facet normal -0 0 1
    outer loop
      vertex 7.204 44.5506 35.98
      vertex 9.52222 43.9294 35.98
      vertex 7.23845 44.7238 35.98
    endloop
  endfacet
  facet normal 0 0 1
    outer loop
      vertex 6.97103 45.7218 35.98
      vertex 8.87507 47.1829 35.98
      vertex 8.55165 47.5517 35.98
    endloop
  endfacet
  facet normal 0 0 1
    outer loop
      vertex 9.52222 43.9294 35.98
      vertex 7.204 44.5506 35.98
      vertex 9.36455 43.4649 35.98
    endloop
  endfacet
  facet normal 0 0 1
    outer loop
      vertex 6.85459 45.8546 35.98
      vertex 8.55165 47.5517 35.98
      vertex 8.18285 47.8751 35.98
    endloop
  endfacet
  facet normal -0 0 1
    outer loop
      vertex 7.14724 44.3834 35.98
      vertex 9.36455 43.4649 35.98
      vertex 7.204 44.5506 35.98
    endloop
  endfacet
  facet normal 0 0 1
    outer loop
      vertex 6.72183 45.971 35.98
      vertex 8.18285 47.8751 35.98
      vertex 7.775 48.1476 35.98
    endloop
  endfacet
  facet normal 0 0 1
    outer loop
      vertex 9.36455 43.4649 35.98
      vertex 7.14724 44.3834 35.98
      vertex 9.14759 43.025 35.98
    endloop
  endfacet
  facet normal 0 0 1
    outer loop
      vertex 6.575 46.0691 35.98
      vertex 7.775 48.1476 35.98
      vertex 7.33506 48.3645 35.98
    endloop
  endfacet
  facet normal -0 0 1
    outer loop
      vertex 7.06913 44.225 35.98
      vertex 9.14759 43.025 35.98
      vertex 7.14724 44.3834 35.98
    endloop
  endfacet
  facet normal 0 0 1
    outer loop
      vertex 9.14759 43.025 35.98
      vertex 7.06913 44.225 35.98
      vertex 8.87507 42.6171 35.98
    endloop
  endfacet
  facet normal 0 0 1
    outer loop
      vertex 9.61792 45.3895 35.98
      vertex 7.23845 45.0762 35.98
      vertex 7.25 44.9 35.98
    endloop
  endfacet
  facet normal 0 0 1
    outer loop
      vertex 6.41662 46.1472 35.98
      vertex 7.33506 48.3645 35.98
      vertex 7.23062 48.4 35.98
    endloop
  endfacet
  facet normal 0 0 1
    outer loop
      vertex 9.52222 45.8706 35.98
      vertex 7.204 45.2494 35.98
      vertex 7.23845 45.0762 35.98
    endloop
  endfacet
  facet normal 0 0 1
    outer loop
      vertex 9.36455 46.3351 35.98
      vertex 7.14724 45.4166 35.98
      vertex 7.204 45.2494 35.98
    endloop
  endfacet
  facet normal 0 0 1
    outer loop
      vertex 9.14759 46.775 35.98
      vertex 7.06913 45.575 35.98
      vertex 7.14724 45.4166 35.98
    endloop
  endfacet
  facet normal 0 0 1
    outer loop
      vertex 8.87507 47.1829 35.98
      vertex 6.97103 45.7218 35.98
      vertex 7.06913 45.575 35.98
    endloop
  endfacet
  facet normal 0 0 1
    outer loop
      vertex 8.55165 47.5517 35.98
      vertex 6.85459 45.8546 35.98
      vertex 6.97103 45.7218 35.98
    endloop
  endfacet
  facet normal 0 0 1
    outer loop
      vertex 8.18285 47.8751 35.98
      vertex 6.72183 45.971 35.98
      vertex 6.85459 45.8546 35.98
    endloop
  endfacet
  facet normal 0 0 1
    outer loop
      vertex 7.775 48.1476 35.98
      vertex 6.575 46.0691 35.98
      vertex 6.72183 45.971 35.98
    endloop
  endfacet
  facet normal 0 0 1
    outer loop
      vertex 7.33506 48.3645 35.98
      vertex 6.41662 46.1472 35.98
      vertex 6.575 46.0691 35.98
    endloop
  endfacet
  facet normal 0 0 1
    outer loop
      vertex 7.23062 48.4 35.98
      vertex 6.2494 46.204 35.98
      vertex 6.41662 46.1472 35.98
    endloop
  endfacet
  facet normal 0 0 1
    outer loop
      vertex 7.23062 48.4 35.98
      vertex 6.07621 46.2384 35.98
      vertex 6.2494 46.204 35.98
    endloop
  endfacet
  facet normal 0 0 1
    outer loop
      vertex 7.23062 48.4 35.98
      vertex 5.9 46.25 35.98
      vertex 6.07621 46.2384 35.98
    endloop
  endfacet
  facet normal -0 0 1
    outer loop
      vertex 4.56937 48.4 35.98
      vertex 5.9 46.25 35.98
      vertex 7.23062 48.4 35.98
    endloop
  endfacet
  facet normal 0 0 1
    outer loop
      vertex 5.9 46.25 35.98
      vertex 4.56937 48.4 35.98
      vertex 5.72379 46.2384 35.98
    endloop
  endfacet
  facet normal 0 0 1
    outer loop
      vertex 5.72379 46.2384 35.98
      vertex 4.56937 48.4 35.98
      vertex 5.55059 46.204 35.98
    endloop
  endfacet
  facet normal 0 0 1
    outer loop
      vertex 5.55059 46.204 35.98
      vertex 4.56937 48.4 35.98
      vertex 5.38338 46.1472 35.98
    endloop
  endfacet
  facet normal -0 0 1
    outer loop
      vertex 4.46494 48.3645 35.98
      vertex 5.38338 46.1472 35.98
      vertex 4.56937 48.4 35.98
    endloop
  endfacet
  facet normal 0 0 1
    outer loop
      vertex 5.38338 46.1472 35.98
      vertex 4.46494 48.3645 35.98
      vertex 5.225 46.0691 35.98
    endloop
  endfacet
  facet normal -0 0 1
    outer loop
      vertex 4.025 48.1476 35.98
      vertex 5.225 46.0691 35.98
      vertex 4.46494 48.3645 35.98
    endloop
  endfacet
  facet normal 0 0 1
    outer loop
      vertex 5.225 46.0691 35.98
      vertex 4.025 48.1476 35.98
      vertex 5.07817 45.971 35.98
    endloop
  endfacet
  facet normal -0 0 1
    outer loop
      vertex 3.61714 47.8751 35.98
      vertex 5.07817 45.971 35.98
      vertex 4.025 48.1476 35.98
    endloop
  endfacet
  facet normal 0 0 1
    outer loop
      vertex 5.07817 45.971 35.98
      vertex 3.61714 47.8751 35.98
      vertex 4.94541 45.8546 35.98
    endloop
  endfacet
  facet normal -0 0 1
    outer loop
      vertex 3.24835 47.5517 35.98
      vertex 4.94541 45.8546 35.98
      vertex 3.61714 47.8751 35.98
    endloop
  endfacet
  facet normal 0 0 1
    outer loop
      vertex 4.94541 45.8546 35.98
      vertex 3.24835 47.5517 35.98
      vertex 4.82897 45.7218 35.98
    endloop
  endfacet
  facet normal -0 0 1
    outer loop
      vertex 2.92492 47.1829 35.98
      vertex 4.82897 45.7218 35.98
      vertex 3.24835 47.5517 35.98
    endloop
  endfacet
  facet normal 0 0 1
    outer loop
      vertex 4.82897 45.7218 35.98
      vertex 2.92492 47.1829 35.98
      vertex 4.73087 45.575 35.98
    endloop
  endfacet
  facet normal -0 0 1
    outer loop
      vertex 6.97103 44.0782 35.98
      vertex 8.87507 42.6171 35.98
      vertex 7.06913 44.225 35.98
    endloop
  endfacet
  facet normal 0 0 1
    outer loop
      vertex 8.87507 42.6171 35.98
      vertex 6.97103 44.0782 35.98
      vertex 8.55165 42.2483 35.98
    endloop
  endfacet
  facet normal -0 0 1
    outer loop
      vertex 6.85459 43.9454 35.98
      vertex 8.55165 42.2483 35.98
      vertex 6.97103 44.0782 35.98
    endloop
  endfacet
  facet normal 0 0 1
    outer loop
      vertex 8.55165 42.2483 35.98
      vertex 6.85459 43.9454 35.98
      vertex 8.18285 41.9249 35.98
    endloop
  endfacet
  facet normal -0 0 1
    outer loop
      vertex 6.72183 43.829 35.98
      vertex 8.18285 41.9249 35.98
      vertex 6.85459 43.9454 35.98
    endloop
  endfacet
  facet normal 0 0 1
    outer loop
      vertex 8.18285 41.9249 35.98
      vertex 6.72183 43.829 35.98
      vertex 7.775 41.6524 35.98
    endloop
  endfacet
  facet normal -0 0 1
    outer loop
      vertex 6.575 43.7309 35.98
      vertex 7.775 41.6524 35.98
      vertex 6.72183 43.829 35.98
    endloop
  endfacet
  facet normal 0 0 1
    outer loop
      vertex 7.775 41.6524 35.98
      vertex 6.575 43.7309 35.98
      vertex 7.33506 41.4355 35.98
    endloop
  endfacet
  facet normal -0 0 1
    outer loop
      vertex 6.41662 43.6528 35.98
      vertex 7.33506 41.4355 35.98
      vertex 6.575 43.7309 35.98
    endloop
  endfacet
  facet normal 0 0 1
    outer loop
      vertex 7.33506 41.4355 35.98
      vertex 6.41662 43.6528 35.98
      vertex 6.87057 41.2778 35.98
    endloop
  endfacet
  facet normal -0 0 1
    outer loop
      vertex 6.2494 43.596 35.98
      vertex 6.87057 41.2778 35.98
      vertex 6.41662 43.6528 35.98
    endloop
  endfacet
  facet normal 0 0 1
    outer loop
      vertex 6.87057 41.2778 35.98
      vertex 6.2494 43.596 35.98
      vertex 6.38947 41.1821 35.98
    endloop
  endfacet
  facet normal -0 0 1
    outer loop
      vertex 6.07621 43.5616 35.98
      vertex 6.38947 41.1821 35.98
      vertex 6.2494 43.596 35.98
    endloop
  endfacet
  facet normal -0 0 1
    outer loop
      vertex 5.9 43.55 35.98
      vertex 6.38947 41.1821 35.98
      vertex 6.07621 43.5616 35.98
    endloop
  endfacet
  facet normal 0 0 1
    outer loop
      vertex 5.9 43.55 35.98
      vertex 5.9 41.15 35.98
      vertex 6.38947 41.1821 35.98
    endloop
  endfacet
  facet normal 0 0 1
    outer loop
      vertex 5.72379 43.5616 35.98
      vertex 5.9 41.15 35.98
      vertex 5.9 43.55 35.98
    endloop
  endfacet
  facet normal 0 0 1
    outer loop
      vertex 5.41053 41.1821 35.98
      vertex 5.72379 43.5616 35.98
      vertex 5.55059 43.596 35.98
    endloop
  endfacet
  facet normal 0 0 1
    outer loop
      vertex 5.72379 43.5616 35.98
      vertex 5.41053 41.1821 35.98
      vertex 5.9 41.15 35.98
    endloop
  endfacet
  facet normal 0 0 1
    outer loop
      vertex 4.92943 41.2778 35.98
      vertex 5.55059 43.596 35.98
      vertex 5.38338 43.6528 35.98
    endloop
  endfacet
  facet normal 0 0 1
    outer loop
      vertex 4.46494 41.4355 35.98
      vertex 5.38338 43.6528 35.98
      vertex 5.225 43.7309 35.98
    endloop
  endfacet
  facet normal 0 0 1
    outer loop
      vertex 4.025 41.6524 35.98
      vertex 5.225 43.7309 35.98
      vertex 5.07817 43.829 35.98
    endloop
  endfacet
  facet normal 0 0 1
    outer loop
      vertex 3.61714 41.9249 35.98
      vertex 5.07817 43.829 35.98
      vertex 4.94541 43.9454 35.98
    endloop
  endfacet
  facet normal 0 0 1
    outer loop
      vertex 5.55059 43.596 35.98
      vertex 4.92943 41.2778 35.98
      vertex 5.41053 41.1821 35.98
    endloop
  endfacet
  facet normal 0 0 1
    outer loop
      vertex 3.24835 42.2483 35.98
      vertex 4.94541 43.9454 35.98
      vertex 4.82897 44.0782 35.98
    endloop
  endfacet
  facet normal 0 0 1
    outer loop
      vertex 2.92492 42.6171 35.98
      vertex 4.82897 44.0782 35.98
      vertex 4.73087 44.225 35.98
    endloop
  endfacet
  facet normal 0 0 1
    outer loop
      vertex 2.6524 43.025 35.98
      vertex 4.73087 44.225 35.98
      vertex 4.65276 44.3834 35.98
    endloop
  endfacet
  facet normal 0 0 1
    outer loop
      vertex 2.4 43.5694 35.98
      vertex 4.65276 44.3834 35.98
      vertex 4.596 44.5506 35.98
    endloop
  endfacet
  facet normal 0 0 1
    outer loop
      vertex 2.4 43.5694 35.98
      vertex 4.596 44.5506 35.98
      vertex 4.56155 44.7238 35.98
    endloop
  endfacet
  facet normal 0 0 1
    outer loop
      vertex 5.38338 43.6528 35.98
      vertex 4.46494 41.4355 35.98
      vertex 4.92943 41.2778 35.98
    endloop
  endfacet
  facet normal 0 0 1
    outer loop
      vertex 2.4 43.5694 35.98
      vertex 4.56155 44.7238 35.98
      vertex 4.55 44.9 35.98
    endloop
  endfacet
  facet normal -0 0 1
    outer loop
      vertex 2.6524 46.775 35.98
      vertex 4.73087 45.575 35.98
      vertex 2.92492 47.1829 35.98
    endloop
  endfacet
  facet normal 0 0 1
    outer loop
      vertex 4.73087 45.575 35.98
      vertex 2.6524 46.775 35.98
      vertex 4.65276 45.4166 35.98
    endloop
  endfacet
  facet normal 0 0 1
    outer loop
      vertex 5.225 43.7309 35.98
      vertex 4.025 41.6524 35.98
      vertex 4.46494 41.4355 35.98
    endloop
  endfacet
  facet normal -0 0 1
    outer loop
      vertex 2.43545 46.3351 35.98
      vertex 4.65276 45.4166 35.98
      vertex 2.6524 46.775 35.98
    endloop
  endfacet
  facet normal 0 0 1
    outer loop
      vertex 5.07817 43.829 35.98
      vertex 3.61714 41.9249 35.98
      vertex 4.025 41.6524 35.98
    endloop
  endfacet
  facet normal -0 0 1
    outer loop
      vertex 2.4 46.2306 35.98
      vertex 4.65276 45.4166 35.98
      vertex 2.43545 46.3351 35.98
    endloop
  endfacet
  facet normal 0 0 1
    outer loop
      vertex 4.94541 43.9454 35.98
      vertex 3.24835 42.2483 35.98
      vertex 3.61714 41.9249 35.98
    endloop
  endfacet
  facet normal 0 0 1
    outer loop
      vertex 4.65276 45.4166 35.98
      vertex 2.4 46.2306 35.98
      vertex 4.596 45.2494 35.98
    endloop
  endfacet
  facet normal 0 0 1
    outer loop
      vertex 4.82897 44.0782 35.98
      vertex 2.92492 42.6171 35.98
      vertex 3.24835 42.2483 35.98
    endloop
  endfacet
  facet normal 0 0 1
    outer loop
      vertex 4.596 45.2494 35.98
      vertex 2.4 46.2306 35.98
      vertex 4.56155 45.0762 35.98
    endloop
  endfacet
  facet normal 0 0 1
    outer loop
      vertex 2.4 43.5694 35.98
      vertex 4.55 44.9 35.98
      vertex 2.4 46.2306 35.98
    endloop
  endfacet
  facet normal 0 0 1
    outer loop
      vertex 4.56155 45.0762 35.98
      vertex 2.4 46.2306 35.98
      vertex 4.55 44.9 35.98
    endloop
  endfacet
  facet normal 0 0 1
    outer loop
      vertex 4.65276 44.3834 35.98
      vertex 2.4 43.5694 35.98
      vertex 2.43545 43.4649 35.98
    endloop
  endfacet
  facet normal 0 0 1
    outer loop
      vertex 4.73087 44.225 35.98
      vertex 2.6524 43.025 35.98
      vertex 2.92492 42.6171 35.98
    endloop
  endfacet
  facet normal 0 0 1
    outer loop
      vertex 4.65276 44.3834 35.98
      vertex 2.43545 43.4649 35.98
      vertex 2.6524 43.025 35.98
    endloop
  endfacet
  facet normal 0.980784 -0.195097 0
    outer loop
      vertex 9.52222 43.9294 35.98
      vertex 9.61792 44.4105 2.4
      vertex 9.61792 44.4105 35.98
    endloop
  endfacet
  facet normal 0.980784 -0.195097 0
    outer loop
      vertex 9.61792 44.4105 2.4
      vertex 9.52222 43.9294 35.98
      vertex 9.52222 43.9294 2.4
    endloop
  endfacet
  facet normal 0.831498 -0.555528 0
    outer loop
      vertex 8.87507 42.6171 35.98
      vertex 9.14759 43.025 2.4
      vertex 9.14759 43.025 35.98
    endloop
  endfacet
  facet normal 0.831498 -0.555528 0
    outer loop
      vertex 9.14759 43.025 2.4
      vertex 8.87507 42.6171 35.98
      vertex 8.87507 42.6171 2.4
    endloop
  endfacet
  facet normal 0.946934 -0.321428 0
    outer loop
      vertex 9.36455 43.4649 35.98
      vertex 9.52222 43.9294 2.4
      vertex 9.52222 43.9294 35.98
    endloop
  endfacet
  facet normal 0.946934 -0.321428 0
    outer loop
      vertex 9.52222 43.9294 2.4
      vertex 9.36455 43.4649 35.98
      vertex 9.36455 43.4649 2.4
    endloop
  endfacet
  facet normal -0.321489 -0.946913 0
    outer loop
      vertex 4.46494 41.4355 21.19
      vertex 4.92943 41.2778 35.98
      vertex 4.46494 41.4355 35.98
    endloop
  endfacet
  facet normal -0.321489 -0.946913 -0
    outer loop
      vertex 4.92943 41.2778 35.98
      vertex 4.46494 41.4355 21.19
      vertex 4.92943 41.2778 21.19
    endloop
  endfacet
  facet normal 0.659312 0.751869 -0
    outer loop
      vertex 8.55165 47.5517 2.4
      vertex 8.18285 47.8751 35.98
      vertex 8.55165 47.5517 35.98
    endloop
  endfacet
  facet normal 0.659312 0.751869 0
    outer loop
      vertex 8.18285 47.8751 35.98
      vertex 8.55165 47.5517 2.4
      vertex 8.18285 47.8751 2.4
    endloop
  endfacet
  facet normal 0.997859 -0.065396 0
    outer loop
      vertex 9.61792 44.4105 35.98
      vertex 9.65 44.9 2.4
      vertex 9.65 44.9 35.98
    endloop
  endfacet
  facet normal 0.997859 -0.065396 0
    outer loop
      vertex 9.65 44.9 2.4
      vertex 9.61792 44.4105 35.98
      vertex 9.61792 44.4105 2.4
    endloop
  endfacet
  facet normal -0.195097 -0.980784 0
    outer loop
      vertex 4.92943 41.2778 21.19
      vertex 5.41053 41.1821 35.98
      vertex 4.92943 41.2778 35.98
    endloop
  endfacet
  facet normal -0.195097 -0.980784 -0
    outer loop
      vertex 5.41053 41.1821 35.98
      vertex 4.92943 41.2778 21.19
      vertex 5.41053 41.1821 21.19
    endloop
  endfacet
  facet normal -0.659323 0.75186 0
    outer loop
      vertex 3.61714 47.8751 2.4
      vertex 3.24835 47.5517 35.98
      vertex 3.61714 47.8751 35.98
    endloop
  endfacet
  facet normal -0.659323 0.75186 0
    outer loop
      vertex 3.24835 47.5517 35.98
      vertex 3.61714 47.8751 2.4
      vertex 3.24835 47.5517 2.4
    endloop
  endfacet
  facet normal 0.659312 -0.751869 0
    outer loop
      vertex 8.18285 41.9249 2.4
      vertex 8.55165 42.2483 35.98
      vertex 8.18285 41.9249 35.98
    endloop
  endfacet
  facet normal 0.659312 -0.751869 0
    outer loop
      vertex 8.55165 42.2483 35.98
      vertex 8.18285 41.9249 2.4
      vertex 8.55165 42.2483 2.4
    endloop
  endfacet
  facet normal -0.659323 -0.75186 0
    outer loop
      vertex 3.24835 42.2483 21.19
      vertex 3.61714 41.9249 35.98
      vertex 3.24835 42.2483 35.98
    endloop
  endfacet
  facet normal -0.659323 -0.75186 -0
    outer loop
      vertex 3.61714 41.9249 35.98
      vertex 3.24835 42.2483 21.19
      vertex 3.61714 41.9249 21.19
    endloop
  endfacet
  facet normal -0.946993 -0.321253 0
    outer loop
      vertex 2.43545 43.4649 2.4
      vertex 2.4 43.5694 35.98
      vertex 2.4 43.5694 2.4
    endloop
  endfacet
  facet normal -0.946993 -0.321253 0
    outer loop
      vertex 2.4 43.5694 35.98
      vertex 2.43545 43.4649 2.4
      vertex 2.43545 43.4649 35.98
    endloop
  endfacet
  facet normal 0.751849 -0.659336 0
    outer loop
      vertex 8.55165 42.2483 35.98
      vertex 8.87507 42.6171 2.4
      vertex 8.87507 42.6171 35.98
    endloop
  endfacet
  facet normal 0.751849 -0.659336 0
    outer loop
      vertex 8.87507 42.6171 2.4
      vertex 8.55165 42.2483 35.98
      vertex 8.55165 42.2483 2.4
    endloop
  endfacet
  facet normal -0.555537 0.831492 0
    outer loop
      vertex 4.025 48.1476 2.4
      vertex 3.61714 47.8751 35.98
      vertex 4.025 48.1476 35.98
    endloop
  endfacet
  facet normal -0.555537 0.831492 0
    outer loop
      vertex 3.61714 47.8751 35.98
      vertex 4.025 48.1476 2.4
      vertex 3.61714 47.8751 2.4
    endloop
  endfacet
  facet normal 0.321489 -0.946913 0
    outer loop
      vertex 6.87057 41.2778 2.4
      vertex 7.33506 41.4355 35.98
      vertex 6.87057 41.2778 35.98
    endloop
  endfacet
  facet normal 0.321489 -0.946913 0
    outer loop
      vertex 7.33506 41.4355 35.98
      vertex 6.87057 41.2778 2.4
      vertex 7.33506 41.4355 2.4
    endloop
  endfacet
  facet normal -0.751839 -0.659347 0
    outer loop
      vertex 3.24835 42.2483 21.19
      vertex 2.92492 42.6171 35.98
      vertex 2.92492 42.6171 21.19
    endloop
  endfacet
  facet normal -0.751839 -0.659347 0
    outer loop
      vertex 2.92492 42.6171 35.98
      vertex 3.24835 42.2483 21.19
      vertex 3.24835 42.2483 35.98
    endloop
  endfacet
  facet normal 0.0654406 -0.997856 0
    outer loop
      vertex 5.9 41.15 21.19
      vertex 6.38947 41.1821 35.98
      vertex 5.9 41.15 35.98
    endloop
  endfacet
  facet normal 0.0654406 -0.997856 0
    outer loop
      vertex 6.38947 41.1821 35.98
      vertex 5.9 41.15 21.19
      vertex 6.38947 41.1821 21.19
    endloop
  endfacet
  facet normal 0.555547 0.831485 -0
    outer loop
      vertex 8.18285 47.8751 2.4
      vertex 7.775 48.1476 35.98
      vertex 8.18285 47.8751 35.98
    endloop
  endfacet
  facet normal 0.555547 0.831485 0
    outer loop
      vertex 7.775 48.1476 35.98
      vertex 8.18285 47.8751 2.4
      vertex 7.775 48.1476 2.4
    endloop
  endfacet
  facet normal -0.321852 0.94679 0
    outer loop
      vertex 4.56937 48.4 2.4
      vertex 4.46494 48.3645 35.98
      vertex 4.56937 48.4 35.98
    endloop
  endfacet
  facet normal -0.321852 0.94679 0
    outer loop
      vertex 4.46494 48.3645 35.98
      vertex 4.56937 48.4 2.4
      vertex 4.46494 48.3645 2.4
    endloop
  endfacet
  facet normal 0.442199 -0.896917 0
    outer loop
      vertex 7.33506 41.4355 2.4
      vertex 7.775 41.6524 35.98
      vertex 7.33506 41.4355 35.98
    endloop
  endfacet
  facet normal 0.442199 -0.896917 0
    outer loop
      vertex 7.775 41.6524 35.98
      vertex 7.33506 41.4355 2.4
      vertex 7.775 41.6524 2.4
    endloop
  endfacet
  facet normal 0.442199 0.896917 -0
    outer loop
      vertex 7.775 48.1476 2.4
      vertex 7.33506 48.3645 35.98
      vertex 7.775 48.1476 35.98
    endloop
  endfacet
  facet normal 0.442199 0.896917 0
    outer loop
      vertex 7.33506 48.3645 35.98
      vertex 7.775 48.1476 2.4
      vertex 7.33506 48.3645 2.4
    endloop
  endfacet
  facet normal -0.555537 -0.831492 0
    outer loop
      vertex 3.61714 41.9249 21.19
      vertex 4.025 41.6524 35.98
      vertex 3.61714 41.9249 35.98
    endloop
  endfacet
  facet normal -0.555537 -0.831492 -0
    outer loop
      vertex 4.025 41.6524 35.98
      vertex 3.61714 41.9249 21.19
      vertex 4.025 41.6524 21.19
    endloop
  endfacet
  facet normal 0.321825 0.946799 -0
    outer loop
      vertex 7.33506 48.3645 2.4
      vertex 7.23062 48.4 35.98
      vertex 7.33506 48.3645 35.98
    endloop
  endfacet
  facet normal 0.321825 0.946799 0
    outer loop
      vertex 7.23062 48.4 35.98
      vertex 7.33506 48.3645 2.4
      vertex 7.23062 48.4 2.4
    endloop
  endfacet
  facet normal -0.89686 0.442314 0
    outer loop
      vertex 2.43545 46.3351 2.4
      vertex 2.6524 46.775 35.98
      vertex 2.6524 46.775 2.4
    endloop
  endfacet
  facet normal -0.89686 0.442314 0
    outer loop
      vertex 2.6524 46.775 35.98
      vertex 2.43545 46.3351 2.4
      vertex 2.43545 46.3351 35.98
    endloop
  endfacet
  facet normal 0.896852 -0.44233 0
    outer loop
      vertex 9.14759 43.025 35.98
      vertex 9.36455 43.4649 2.4
      vertex 9.36455 43.4649 35.98
    endloop
  endfacet
  facet normal 0.896852 -0.44233 0
    outer loop
      vertex 9.36455 43.4649 2.4
      vertex 9.14759 43.025 35.98
      vertex 9.14759 43.025 2.4
    endloop
  endfacet
  facet normal -0.442199 0.896917 0
    outer loop
      vertex 4.46494 48.3645 2.4
      vertex 4.025 48.1476 35.98
      vertex 4.46494 48.3645 35.98
    endloop
  endfacet
  facet normal -0.442199 0.896917 0
    outer loop
      vertex 4.025 48.1476 35.98
      vertex 4.46494 48.3645 2.4
      vertex 4.025 48.1476 2.4
    endloop
  endfacet
  facet normal 0.751849 0.659336 0
    outer loop
      vertex 8.87507 47.1829 35.98
      vertex 8.55165 47.5517 2.4
      vertex 8.55165 47.5517 35.98
    endloop
  endfacet
  facet normal 0.751849 0.659336 0
    outer loop
      vertex 8.55165 47.5517 2.4
      vertex 8.87507 47.1829 35.98
      vertex 8.87507 47.1829 2.4
    endloop
  endfacet
  facet normal 0.946934 0.321428 0
    outer loop
      vertex 9.52222 45.8706 35.98
      vertex 9.36455 46.3351 2.4
      vertex 9.36455 46.3351 35.98
    endloop
  endfacet
  facet normal 0.946934 0.321428 0
    outer loop
      vertex 9.36455 46.3351 2.4
      vertex 9.52222 45.8706 35.98
      vertex 9.52222 45.8706 2.4
    endloop
  endfacet
  facet normal -0.831498 0.555528 0
    outer loop
      vertex 2.6524 46.775 2.4
      vertex 2.92492 47.1829 35.98
      vertex 2.92492 47.1829 2.4
    endloop
  endfacet
  facet normal -0.831498 0.555528 0
    outer loop
      vertex 2.92492 47.1829 35.98
      vertex 2.6524 46.775 2.4
      vertex 2.6524 46.775 35.98
    endloop
  endfacet
  facet normal -0.831498 -0.555528 0
    outer loop
      vertex 2.92492 42.6171 21.19
      vertex 2.6524 43.025 35.98
      vertex 2.6524 43.025 21.19
    endloop
  endfacet
  facet normal -0.831498 -0.555528 0
    outer loop
      vertex 2.6524 43.025 35.98
      vertex 2.92492 42.6171 21.19
      vertex 2.92492 42.6171 35.98
    endloop
  endfacet
  facet normal -0.442199 -0.896917 0
    outer loop
      vertex 4.025 41.6524 21.19
      vertex 4.46494 41.4355 35.98
      vertex 4.025 41.6524 35.98
    endloop
  endfacet
  facet normal -0.442199 -0.896917 -0
    outer loop
      vertex 4.46494 41.4355 35.98
      vertex 4.025 41.6524 21.19
      vertex 4.46494 41.4355 21.19
    endloop
  endfacet
  facet normal -0.751839 0.659347 0
    outer loop
      vertex 2.92492 47.1829 2.4
      vertex 3.24835 47.5517 35.98
      vertex 3.24835 47.5517 2.4
    endloop
  endfacet
  facet normal -0.751839 0.659347 0
    outer loop
      vertex 3.24835 47.5517 35.98
      vertex 2.92492 47.1829 2.4
      vertex 2.92492 47.1829 35.98
    endloop
  endfacet
  facet normal -0.980787 0.195081 0
    outer loop
      vertex 7.204 44.5506 22
      vertex 7.23845 44.7238 35.98
      vertex 7.23845 44.7238 22
    endloop
  endfacet
  facet normal -0.980787 0.195081 0
    outer loop
      vertex 7.23845 44.7238 35.98
      vertex 7.204 44.5506 22
      vertex 7.204 44.5506 35.98
    endloop
  endfacet
  facet normal -0.980787 -0.195081 0
    outer loop
      vertex 7.23845 45.0762 22
      vertex 7.204 45.2494 35.98
      vertex 7.204 45.2494 22
    endloop
  endfacet
  facet normal -0.980787 -0.195081 0
    outer loop
      vertex 7.204 45.2494 35.98
      vertex 7.23845 45.0762 22
      vertex 7.23845 45.0762 35.98
    endloop
  endfacet
  facet normal -0.997858 -0.0654101 0
    outer loop
      vertex 7.25 44.9 22
      vertex 7.23845 45.0762 35.98
      vertex 7.23845 45.0762 22
    endloop
  endfacet
  facet normal -0.997858 -0.0654101 0
    outer loop
      vertex 7.23845 45.0762 35.98
      vertex 7.25 44.9 22
      vertex 7.25 44.9 35.98
    endloop
  endfacet
  facet normal 0.321642 0.946861 -0
    outer loop
      vertex 5.55059 43.596 22
      vertex 5.38338 43.6528 35.98
      vertex 5.55059 43.596 35.98
    endloop
  endfacet
  facet normal 0.321642 0.946861 0
    outer loop
      vertex 5.38338 43.6528 35.98
      vertex 5.55059 43.596 22
      vertex 5.38338 43.6528 22
    endloop
  endfacet
  facet normal -0.751903 -0.659274 0
    outer loop
      vertex 6.97103 45.7218 22
      vertex 6.85459 45.8546 35.98
      vertex 6.85459 45.8546 22
    endloop
  endfacet
  facet normal -0.751903 -0.659274 0
    outer loop
      vertex 6.85459 45.8546 35.98
      vertex 6.97103 45.7218 22
      vertex 6.97103 45.7218 35.98
    endloop
  endfacet
  facet normal -0.442269 0.896883 0
    outer loop
      vertex 6.575 43.7309 22
      vertex 6.41662 43.6528 35.98
      vertex 6.575 43.7309 35.98
    endloop
  endfacet
  facet normal -0.442269 0.896883 0
    outer loop
      vertex 6.41662 43.6528 35.98
      vertex 6.575 43.7309 22
      vertex 6.41662 43.6528 22
    endloop
  endfacet
  facet normal 0.659258 -0.751917 0
    outer loop
      vertex 4.94541 45.8546 22
      vertex 5.07817 45.971 35.98
      vertex 4.94541 45.8546 35.98
    endloop
  endfacet
  facet normal 0.659258 -0.751917 0
    outer loop
      vertex 5.07817 45.971 35.98
      vertex 4.94541 45.8546 22
      vertex 5.07817 45.971 22
    endloop
  endfacet
  facet normal 0.980787 0.195081 0
    outer loop
      vertex 4.596 44.5506 35.98
      vertex 4.56155 44.7238 22
      vertex 4.56155 44.7238 35.98
    endloop
  endfacet
  facet normal 0.980787 0.195081 0
    outer loop
      vertex 4.56155 44.7238 22
      vertex 4.596 44.5506 35.98
      vertex 4.596 44.5506 22
    endloop
  endfacet
  facet normal 0.83144 -0.555615 0
    outer loop
      vertex 4.73087 45.575 35.98
      vertex 4.82897 45.7218 22
      vertex 4.82897 45.7218 35.98
    endloop
  endfacet
  facet normal 0.83144 -0.555615 0
    outer loop
      vertex 4.82897 45.7218 22
      vertex 4.73087 45.575 35.98
      vertex 4.73087 45.575 22
    endloop
  endfacet
  facet normal -0.555536 0.831492 0
    outer loop
      vertex 6.72183 43.829 22
      vertex 6.575 43.7309 35.98
      vertex 6.72183 43.829 35.98
    endloop
  endfacet
  facet normal -0.555536 0.831492 0
    outer loop
      vertex 6.575 43.7309 35.98
      vertex 6.72183 43.829 22
      vertex 6.575 43.7309 22
    endloop
  endfacet
  facet normal 0.0656884 0.99784 -0
    outer loop
      vertex 5.9 43.55 22
      vertex 5.72379 43.5616 35.98
      vertex 5.9 43.55 35.98
    endloop
  endfacet
  facet normal 0.0656884 0.99784 0
    outer loop
      vertex 5.72379 43.5616 35.98
      vertex 5.9 43.55 22
      vertex 5.72379 43.5616 22
    endloop
  endfacet
  facet normal 0.442269 -0.896883 0
    outer loop
      vertex 5.225 46.0691 22
      vertex 5.38338 46.1472 35.98
      vertex 5.225 46.0691 35.98
    endloop
  endfacet
  facet normal 0.442269 -0.896883 0
    outer loop
      vertex 5.38338 46.1472 35.98
      vertex 5.225 46.0691 22
      vertex 5.38338 46.1472 22
    endloop
  endfacet
  facet normal -0.321625 -0.946867 0
    outer loop
      vertex 6.2494 46.204 22
      vertex 6.41662 46.1472 35.98
      vertex 6.2494 46.204 35.98
    endloop
  endfacet
  facet normal -0.321625 -0.946867 -0
    outer loop
      vertex 6.41662 46.1472 35.98
      vertex 6.2494 46.204 22
      vertex 6.41662 46.1472 22
    endloop
  endfacet
  facet normal 0.946925 0.321456 0
    outer loop
      vertex 4.65276 44.3834 35.98
      vertex 4.596 44.5506 22
      vertex 4.596 44.5506 35.98
    endloop
  endfacet
  facet normal 0.946925 0.321456 0
    outer loop
      vertex 4.596 44.5506 22
      vertex 4.65276 44.3834 35.98
      vertex 4.65276 44.3834 22
    endloop
  endfacet
  facet normal -0.321625 0.946867 0
    outer loop
      vertex 6.41662 43.6528 22
      vertex 6.2494 43.596 35.98
      vertex 6.41662 43.6528 35.98
    endloop
  endfacet
  facet normal -0.321625 0.946867 0
    outer loop
      vertex 6.2494 43.596 35.98
      vertex 6.41662 43.6528 22
      vertex 6.2494 43.596 22
    endloop
  endfacet
  facet normal 0.321642 -0.946861 0
    outer loop
      vertex 5.38338 46.1472 22
      vertex 5.55059 46.204 35.98
      vertex 5.38338 46.1472 35.98
    endloop
  endfacet
  facet normal 0.321642 -0.946861 0
    outer loop
      vertex 5.55059 46.204 35.98
      vertex 5.38338 46.1472 22
      vertex 5.55059 46.204 22
    endloop
  endfacet
  facet normal -0.946925 -0.321456 0
    outer loop
      vertex 7.204 45.2494 22
      vertex 7.14724 45.4166 35.98
      vertex 7.14724 45.4166 22
    endloop
  endfacet
  facet normal -0.946925 -0.321456 0
    outer loop
      vertex 7.14724 45.4166 35.98
      vertex 7.204 45.2494 22
      vertex 7.204 45.2494 35.98
    endloop
  endfacet
  facet normal 0.0656884 -0.99784 0
    outer loop
      vertex 5.72379 46.2384 22
      vertex 5.9 46.25 35.98
      vertex 5.72379 46.2384 35.98
    endloop
  endfacet
  facet normal 0.0656884 -0.99784 0
    outer loop
      vertex 5.9 46.25 35.98
      vertex 5.72379 46.2384 22
      vertex 5.9 46.25 22
    endloop
  endfacet
  facet normal -0.659258 -0.751917 0
    outer loop
      vertex 6.72183 45.971 22
      vertex 6.85459 45.8546 35.98
      vertex 6.72183 45.971 35.98
    endloop
  endfacet
  facet normal -0.659258 -0.751917 -0
    outer loop
      vertex 6.85459 45.8546 35.98
      vertex 6.72183 45.971 22
      vertex 6.85459 45.8546 22
    endloop
  endfacet
  facet normal -0.19482 0.980839 0
    outer loop
      vertex 6.2494 43.596 22
      vertex 6.07621 43.5616 35.98
      vertex 6.2494 43.596 35.98
    endloop
  endfacet
  facet normal -0.19482 0.980839 0
    outer loop
      vertex 6.07621 43.5616 35.98
      vertex 6.2494 43.596 22
      vertex 6.07621 43.5616 22
    endloop
  endfacet
  facet normal 0.946925 -0.321456 0
    outer loop
      vertex 4.596 45.2494 35.98
      vertex 4.65276 45.4166 22
      vertex 4.65276 45.4166 35.98
    endloop
  endfacet
  facet normal 0.946925 -0.321456 0
    outer loop
      vertex 4.65276 45.4166 22
      vertex 4.596 45.2494 35.98
      vertex 4.596 45.2494 22
    endloop
  endfacet
  facet normal 0.83144 0.555615 0
    outer loop
      vertex 4.82897 44.0782 35.98
      vertex 4.73087 44.225 22
      vertex 4.73087 44.225 35.98
    endloop
  endfacet
  facet normal 0.83144 0.555615 0
    outer loop
      vertex 4.73087 44.225 22
      vertex 4.82897 44.0782 35.98
      vertex 4.82897 44.0782 22
    endloop
  endfacet
  facet normal -0.83144 -0.555615 0
    outer loop
      vertex 7.06913 45.575 22
      vertex 6.97103 45.7218 35.98
      vertex 6.97103 45.7218 22
    endloop
  endfacet
  facet normal -0.83144 -0.555615 0
    outer loop
      vertex 6.97103 45.7218 35.98
      vertex 7.06913 45.575 22
      vertex 7.06913 45.575 35.98
    endloop
  endfacet
  facet normal -0.997858 0.0654101 0
    outer loop
      vertex 7.23845 44.7238 22
      vertex 7.25 44.9 35.98
      vertex 7.25 44.9 22
    endloop
  endfacet
  facet normal -0.997858 0.0654101 0
    outer loop
      vertex 7.25 44.9 35.98
      vertex 7.23845 44.7238 22
      vertex 7.23845 44.7238 35.98
    endloop
  endfacet
  facet normal 0.442269 0.896883 -0
    outer loop
      vertex 5.38338 43.6528 22
      vertex 5.225 43.7309 35.98
      vertex 5.38338 43.6528 35.98
    endloop
  endfacet
  facet normal 0.442269 0.896883 0
    outer loop
      vertex 5.225 43.7309 35.98
      vertex 5.38338 43.6528 22
      vertex 5.225 43.7309 22
    endloop
  endfacet
  facet normal -0.442269 -0.896883 0
    outer loop
      vertex 6.41662 46.1472 22
      vertex 6.575 46.0691 35.98
      vertex 6.41662 46.1472 35.98
    endloop
  endfacet
  facet normal -0.442269 -0.896883 -0
    outer loop
      vertex 6.575 46.0691 35.98
      vertex 6.41662 46.1472 22
      vertex 6.575 46.0691 22
    endloop
  endfacet
  facet normal -0.896882 0.442269 0
    outer loop
      vertex 7.06913 44.225 22
      vertex 7.14724 44.3834 35.98
      vertex 7.14724 44.3834 22
    endloop
  endfacet
  facet normal -0.896882 0.442269 0
    outer loop
      vertex 7.14724 44.3834 35.98
      vertex 7.06913 44.225 22
      vertex 7.06913 44.225 35.98
    endloop
  endfacet
  facet normal -0.0656884 0.99784 0
    outer loop
      vertex 6.07621 43.5616 22
      vertex 5.9 43.55 35.98
      vertex 6.07621 43.5616 35.98
    endloop
  endfacet
  facet normal -0.0656884 0.99784 0
    outer loop
      vertex 5.9 43.55 35.98
      vertex 6.07621 43.5616 22
      vertex 5.9 43.55 22
    endloop
  endfacet
  facet normal -0.555536 -0.831492 0
    outer loop
      vertex 6.575 46.0691 22
      vertex 6.72183 45.971 35.98
      vertex 6.575 46.0691 35.98
    endloop
  endfacet
  facet normal -0.555536 -0.831492 -0
    outer loop
      vertex 6.72183 45.971 35.98
      vertex 6.575 46.0691 22
      vertex 6.72183 45.971 22
    endloop
  endfacet
  facet normal -0.751903 0.659274 0
    outer loop
      vertex 6.85459 43.9454 22
      vertex 6.97103 44.0782 35.98
      vertex 6.97103 44.0782 22
    endloop
  endfacet
  facet normal -0.751903 0.659274 0
    outer loop
      vertex 6.97103 44.0782 35.98
      vertex 6.85459 43.9454 22
      vertex 6.85459 43.9454 35.98
    endloop
  endfacet
  facet normal -0.659258 0.751917 0
    outer loop
      vertex 6.85459 43.9454 22
      vertex 6.72183 43.829 35.98
      vertex 6.85459 43.9454 35.98
    endloop
  endfacet
  facet normal -0.659258 0.751917 0
    outer loop
      vertex 6.72183 43.829 35.98
      vertex 6.85459 43.9454 22
      vertex 6.72183 43.829 22
    endloop
  endfacet
  facet normal 0.194809 0.980841 -0
    outer loop
      vertex 5.72379 43.5616 22
      vertex 5.55059 43.596 35.98
      vertex 5.72379 43.5616 35.98
    endloop
  endfacet
  facet normal 0.194809 0.980841 0
    outer loop
      vertex 5.55059 43.596 35.98
      vertex 5.72379 43.5616 22
      vertex 5.55059 43.596 22
    endloop
  endfacet
  facet normal 0.555536 -0.831492 0
    outer loop
      vertex 5.07817 45.971 22
      vertex 5.225 46.0691 35.98
      vertex 5.07817 45.971 35.98
    endloop
  endfacet
  facet normal 0.555536 -0.831492 0
    outer loop
      vertex 5.225 46.0691 35.98
      vertex 5.07817 45.971 22
      vertex 5.225 46.0691 22
    endloop
  endfacet
  facet normal -0.946925 0.321456 0
    outer loop
      vertex 7.14724 44.3834 22
      vertex 7.204 44.5506 35.98
      vertex 7.204 44.5506 22
    endloop
  endfacet
  facet normal -0.946925 0.321456 0
    outer loop
      vertex 7.204 44.5506 35.98
      vertex 7.14724 44.3834 22
      vertex 7.14724 44.3834 35.98
    endloop
  endfacet
  facet normal 0.896882 0.442269 0
    outer loop
      vertex 4.73087 44.225 35.98
      vertex 4.65276 44.3834 22
      vertex 4.65276 44.3834 35.98
    endloop
  endfacet
  facet normal 0.896882 0.442269 0
    outer loop
      vertex 4.65276 44.3834 22
      vertex 4.73087 44.225 35.98
      vertex 4.73087 44.225 22
    endloop
  endfacet
  facet normal 0.751903 0.659274 0
    outer loop
      vertex 4.94541 43.9454 35.98
      vertex 4.82897 44.0782 22
      vertex 4.82897 44.0782 35.98
    endloop
  endfacet
  facet normal 0.751903 0.659274 0
    outer loop
      vertex 4.82897 44.0782 22
      vertex 4.94541 43.9454 35.98
      vertex 4.94541 43.9454 22
    endloop
  endfacet
  facet normal -0.83144 0.555615 0
    outer loop
      vertex 6.97103 44.0782 22
      vertex 7.06913 44.225 35.98
      vertex 7.06913 44.225 22
    endloop
  endfacet
  facet normal -0.83144 0.555615 0
    outer loop
      vertex 7.06913 44.225 35.98
      vertex 6.97103 44.0782 22
      vertex 6.97103 44.0782 35.98
    endloop
  endfacet
  facet normal 0 0 1
    outer loop
      vertex 7.23845 45.0762 22
      vertex 7.23845 44.7238 22
      vertex 7.25 44.9 22
    endloop
  endfacet
  facet normal 0 0 1
    outer loop
      vertex 7.204 45.2494 22
      vertex 7.23845 44.7238 22
      vertex 7.23845 45.0762 22
    endloop
  endfacet
  facet normal 0 0 1
    outer loop
      vertex 7.204 45.2494 22
      vertex 7.204 44.5506 22
      vertex 7.23845 44.7238 22
    endloop
  endfacet
  facet normal 0 0 1
    outer loop
      vertex 7.14724 45.4166 22
      vertex 7.204 44.5506 22
      vertex 7.204 45.2494 22
    endloop
  endfacet
  facet normal 0 0 1
    outer loop
      vertex 7.14724 45.4166 22
      vertex 7.14724 44.3834 22
      vertex 7.204 44.5506 22
    endloop
  endfacet
  facet normal 0 0 1
    outer loop
      vertex 7.06913 45.575 22
      vertex 7.14724 44.3834 22
      vertex 7.14724 45.4166 22
    endloop
  endfacet
  facet normal 0 0 1
    outer loop
      vertex 7.06913 45.575 22
      vertex 7.06913 44.225 22
      vertex 7.14724 44.3834 22
    endloop
  endfacet
  facet normal 0 0 1
    outer loop
      vertex 6.97103 45.7218 22
      vertex 7.06913 44.225 22
      vertex 7.06913 45.575 22
    endloop
  endfacet
  facet normal 0 0 1
    outer loop
      vertex 6.97103 45.7218 22
      vertex 6.97103 44.0782 22
      vertex 7.06913 44.225 22
    endloop
  endfacet
  facet normal 0 0 1
    outer loop
      vertex 6.85459 45.8546 22
      vertex 6.97103 44.0782 22
      vertex 6.97103 45.7218 22
    endloop
  endfacet
  facet normal 0 0 1
    outer loop
      vertex 6.85459 45.8546 22
      vertex 6.85459 43.9454 22
      vertex 6.97103 44.0782 22
    endloop
  endfacet
  facet normal 0 0 1
    outer loop
      vertex 6.72183 45.971 22
      vertex 6.85459 43.9454 22
      vertex 6.85459 45.8546 22
    endloop
  endfacet
  facet normal 0 0 1
    outer loop
      vertex 6.72183 45.971 22
      vertex 6.72183 43.829 22
      vertex 6.85459 43.9454 22
    endloop
  endfacet
  facet normal 0 0 1
    outer loop
      vertex 6.575 46.0691 22
      vertex 6.72183 43.829 22
      vertex 6.72183 45.971 22
    endloop
  endfacet
  facet normal 0 0 1
    outer loop
      vertex 6.575 46.0691 22
      vertex 6.575 43.7309 22
      vertex 6.72183 43.829 22
    endloop
  endfacet
  facet normal 0 0 1
    outer loop
      vertex 6.41662 46.1472 22
      vertex 6.575 43.7309 22
      vertex 6.575 46.0691 22
    endloop
  endfacet
  facet normal 0 0 1
    outer loop
      vertex 6.41662 46.1472 22
      vertex 6.41662 43.6528 22
      vertex 6.575 43.7309 22
    endloop
  endfacet
  facet normal 0 0 1
    outer loop
      vertex 6.2494 46.204 22
      vertex 6.41662 43.6528 22
      vertex 6.41662 46.1472 22
    endloop
  endfacet
  facet normal 0 0 1
    outer loop
      vertex 6.2494 46.204 22
      vertex 6.2494 43.596 22
      vertex 6.41662 43.6528 22
    endloop
  endfacet
  facet normal 0 0 1
    outer loop
      vertex 6.07621 46.2384 22
      vertex 6.2494 43.596 22
      vertex 6.2494 46.204 22
    endloop
  endfacet
  facet normal 0 0 1
    outer loop
      vertex 6.07621 46.2384 22
      vertex 6.07621 43.5616 22
      vertex 6.2494 43.596 22
    endloop
  endfacet
  facet normal 0 0 1
    outer loop
      vertex 5.9 46.25 22
      vertex 6.07621 43.5616 22
      vertex 6.07621 46.2384 22
    endloop
  endfacet
  facet normal 0 0 1
    outer loop
      vertex 5.9 46.25 22
      vertex 5.9 43.55 22
      vertex 6.07621 43.5616 22
    endloop
  endfacet
  facet normal -0 0 1
    outer loop
      vertex 5.72379 46.2384 22
      vertex 5.9 43.55 22
      vertex 5.9 46.25 22
    endloop
  endfacet
  facet normal 0 0 1
    outer loop
      vertex 5.72379 46.2384 22
      vertex 5.72379 43.5616 22
      vertex 5.9 43.55 22
    endloop
  endfacet
  facet normal -0 0 1
    outer loop
      vertex 5.55059 46.204 22
      vertex 5.72379 43.5616 22
      vertex 5.72379 46.2384 22
    endloop
  endfacet
  facet normal 0 0 1
    outer loop
      vertex 5.55059 46.204 22
      vertex 5.55059 43.596 22
      vertex 5.72379 43.5616 22
    endloop
  endfacet
  facet normal -0 0 1
    outer loop
      vertex 5.38338 46.1472 22
      vertex 5.55059 43.596 22
      vertex 5.55059 46.204 22
    endloop
  endfacet
  facet normal 0 0 1
    outer loop
      vertex 5.38338 46.1472 22
      vertex 5.38338 43.6528 22
      vertex 5.55059 43.596 22
    endloop
  endfacet
  facet normal -0 0 1
    outer loop
      vertex 5.225 46.0691 22
      vertex 5.38338 43.6528 22
      vertex 5.38338 46.1472 22
    endloop
  endfacet
  facet normal 0 0 1
    outer loop
      vertex 5.225 46.0691 22
      vertex 5.225 43.7309 22
      vertex 5.38338 43.6528 22
    endloop
  endfacet
  facet normal -0 0 1
    outer loop
      vertex 5.07817 45.971 22
      vertex 5.225 43.7309 22
      vertex 5.225 46.0691 22
    endloop
  endfacet
  facet normal 0 0 1
    outer loop
      vertex 5.07817 45.971 22
      vertex 5.07817 43.829 22
      vertex 5.225 43.7309 22
    endloop
  endfacet
  facet normal -0 0 1
    outer loop
      vertex 4.94541 45.8546 22
      vertex 5.07817 43.829 22
      vertex 5.07817 45.971 22
    endloop
  endfacet
  facet normal 0 0 1
    outer loop
      vertex 4.94541 45.8546 22
      vertex 4.94541 43.9454 22
      vertex 5.07817 43.829 22
    endloop
  endfacet
  facet normal -0 0 1
    outer loop
      vertex 4.82897 45.7218 22
      vertex 4.94541 43.9454 22
      vertex 4.94541 45.8546 22
    endloop
  endfacet
  facet normal 0 0 1
    outer loop
      vertex 4.82897 45.7218 22
      vertex 4.82897 44.0782 22
      vertex 4.94541 43.9454 22
    endloop
  endfacet
  facet normal -0 0 1
    outer loop
      vertex 4.73087 45.575 22
      vertex 4.82897 44.0782 22
      vertex 4.82897 45.7218 22
    endloop
  endfacet
  facet normal 0 0 1
    outer loop
      vertex 4.73087 45.575 22
      vertex 4.73087 44.225 22
      vertex 4.82897 44.0782 22
    endloop
  endfacet
  facet normal -0 0 1
    outer loop
      vertex 4.65276 45.4166 22
      vertex 4.73087 44.225 22
      vertex 4.73087 45.575 22
    endloop
  endfacet
  facet normal 0 0 1
    outer loop
      vertex 4.65276 45.4166 22
      vertex 4.65276 44.3834 22
      vertex 4.73087 44.225 22
    endloop
  endfacet
  facet normal -0 0 1
    outer loop
      vertex 4.596 45.2494 22
      vertex 4.65276 44.3834 22
      vertex 4.65276 45.4166 22
    endloop
  endfacet
  facet normal 0 0 1
    outer loop
      vertex 4.596 45.2494 22
      vertex 4.596 44.5506 22
      vertex 4.65276 44.3834 22
    endloop
  endfacet
  facet normal -0 0 1
    outer loop
      vertex 4.56155 45.0762 22
      vertex 4.596 44.5506 22
      vertex 4.596 45.2494 22
    endloop
  endfacet
  facet normal 0 0 1
    outer loop
      vertex 4.56155 45.0762 22
      vertex 4.56155 44.7238 22
      vertex 4.596 44.5506 22
    endloop
  endfacet
  facet normal 0 -0 1
    outer loop
      vertex 4.56155 44.7238 22
      vertex 4.56155 45.0762 22
      vertex 4.55 44.9 22
    endloop
  endfacet
  facet normal 0.751903 -0.659274 0
    outer loop
      vertex 4.82897 45.7218 35.98
      vertex 4.94541 45.8546 22
      vertex 4.94541 45.8546 35.98
    endloop
  endfacet
  facet normal 0.751903 -0.659274 0
    outer loop
      vertex 4.94541 45.8546 22
      vertex 4.82897 45.7218 35.98
      vertex 4.82897 45.7218 22
    endloop
  endfacet
  facet normal 0.997858 -0.0654101 0
    outer loop
      vertex 4.55 44.9 35.98
      vertex 4.56155 45.0762 22
      vertex 4.56155 45.0762 35.98
    endloop
  endfacet
  facet normal 0.997858 -0.0654101 0
    outer loop
      vertex 4.56155 45.0762 22
      vertex 4.55 44.9 35.98
      vertex 4.55 44.9 22
    endloop
  endfacet
  facet normal 0.980787 -0.195081 0
    outer loop
      vertex 4.56155 45.0762 35.98
      vertex 4.596 45.2494 22
      vertex 4.596 45.2494 35.98
    endloop
  endfacet
  facet normal 0.980787 -0.195081 0
    outer loop
      vertex 4.596 45.2494 22
      vertex 4.56155 45.0762 35.98
      vertex 4.56155 45.0762 22
    endloop
  endfacet
  facet normal -0.896882 -0.442269 0
    outer loop
      vertex 7.14724 45.4166 22
      vertex 7.06913 45.575 35.98
      vertex 7.06913 45.575 22
    endloop
  endfacet
  facet normal -0.896882 -0.442269 0
    outer loop
      vertex 7.06913 45.575 35.98
      vertex 7.14724 45.4166 22
      vertex 7.14724 45.4166 35.98
    endloop
  endfacet
  facet normal 0.659258 0.751917 -0
    outer loop
      vertex 5.07817 43.829 22
      vertex 4.94541 43.9454 35.98
      vertex 5.07817 43.829 35.98
    endloop
  endfacet
  facet normal 0.659258 0.751917 0
    outer loop
      vertex 4.94541 43.9454 35.98
      vertex 5.07817 43.829 22
      vertex 4.94541 43.9454 22
    endloop
  endfacet
  facet normal 0.194809 -0.980841 0
    outer loop
      vertex 5.55059 46.204 22
      vertex 5.72379 46.2384 35.98
      vertex 5.55059 46.204 35.98
    endloop
  endfacet
  facet normal 0.194809 -0.980841 0
    outer loop
      vertex 5.72379 46.2384 35.98
      vertex 5.55059 46.204 22
      vertex 5.72379 46.2384 22
    endloop
  endfacet
  facet normal -0.0656884 -0.99784 0
    outer loop
      vertex 5.9 46.25 22
      vertex 6.07621 46.2384 35.98
      vertex 5.9 46.25 35.98
    endloop
  endfacet
  facet normal -0.0656884 -0.99784 -0
    outer loop
      vertex 6.07621 46.2384 35.98
      vertex 5.9 46.25 22
      vertex 6.07621 46.2384 22
    endloop
  endfacet
  facet normal 0.896882 -0.442269 0
    outer loop
      vertex 4.65276 45.4166 35.98
      vertex 4.73087 45.575 22
      vertex 4.73087 45.575 35.98
    endloop
  endfacet
  facet normal 0.896882 -0.442269 0
    outer loop
      vertex 4.73087 45.575 22
      vertex 4.65276 45.4166 35.98
      vertex 4.65276 45.4166 22
    endloop
  endfacet
  facet normal 0.997858 0.0654101 0
    outer loop
      vertex 4.56155 44.7238 35.98
      vertex 4.55 44.9 22
      vertex 4.55 44.9 35.98
    endloop
  endfacet
  facet normal 0.997858 0.0654101 0
    outer loop
      vertex 4.55 44.9 22
      vertex 4.56155 44.7238 35.98
      vertex 4.56155 44.7238 22
    endloop
  endfacet
  facet normal -0.19482 -0.980839 0
    outer loop
      vertex 6.07621 46.2384 22
      vertex 6.2494 46.204 35.98
      vertex 6.07621 46.2384 35.98
    endloop
  endfacet
  facet normal -0.19482 -0.980839 -0
    outer loop
      vertex 6.2494 46.204 35.98
      vertex 6.07621 46.2384 22
      vertex 6.2494 46.204 22
    endloop
  endfacet
  facet normal 0.555536 0.831492 -0
    outer loop
      vertex 5.225 43.7309 22
      vertex 5.07817 43.829 35.98
      vertex 5.225 43.7309 35.98
    endloop
  endfacet
  facet normal 0.555536 0.831492 0
    outer loop
      vertex 5.07817 43.829 35.98
      vertex 5.225 43.7309 22
      vertex 5.07817 43.829 22
    endloop
  endfacet
  facet normal -0.980667 -0.195685 0
    outer loop
      vertex 120.578 4.92943 2.4
      vertex 120.482 5.41053 35.98
      vertex 120.482 5.41053 2.4
    endloop
  endfacet
  facet normal -0.980667 -0.195685 0
    outer loop
      vertex 120.482 5.41053 35.98
      vertex 120.578 4.92943 2.4
      vertex 120.578 4.92943 35.98
    endloop
  endfacet
  facet normal 0.659145 -0.752016 0
    outer loop
      vertex 126.483 2.92492 2.4
      vertex 126.852 3.24835 35.98
      vertex 126.483 2.92492 35.98
    endloop
  endfacet
  facet normal 0.659145 -0.752016 0
    outer loop
      vertex 126.852 3.24835 35.98
      vertex 126.483 2.92492 2.4
      vertex 126.852 3.24835 2.4
    endloop
  endfacet
  facet normal -0.0654626 0.997855 0
    outer loop
      vertex 124.2 9.65 21.19
      vertex 123.711 9.61792 35.98
      vertex 124.2 9.65 35.98
    endloop
  endfacet
  facet normal -0.0654626 0.997855 0
    outer loop
      vertex 123.711 9.61792 35.98
      vertex 124.2 9.65 21.19
      vertex 123.711 9.61792 21.19
    endloop
  endfacet
  facet normal -0.947347 0.320208 0
    outer loop
      vertex 120.578 6.87057 2.4
      vertex 120.735 7.33506 35.98
      vertex 120.735 7.33506 2.4
    endloop
  endfacet
  facet normal -0.947347 0.320208 0
    outer loop
      vertex 120.735 7.33506 35.98
      vertex 120.578 6.87057 2.4
      vertex 120.578 6.87057 35.98
    endloop
  endfacet
  facet normal 0.442233 -0.8969 0
    outer loop
      vertex 125.635 2.43545 2.4
      vertex 126.075 2.6524 35.98
      vertex 125.635 2.43545 35.98
    endloop
  endfacet
  facet normal 0.442233 -0.8969 0
    outer loop
      vertex 126.075 2.6524 35.98
      vertex 125.635 2.43545 2.4
      vertex 126.075 2.6524 2.4
    endloop
  endfacet
  facet normal -0.947347 -0.320208 0
    outer loop
      vertex 120.735 4.46494 2.4
      vertex 120.578 4.92943 35.98
      vertex 120.578 4.92943 2.4
    endloop
  endfacet
  facet normal -0.947347 -0.320208 0
    outer loop
      vertex 120.578 4.92943 35.98
      vertex 120.735 4.46494 2.4
      vertex 120.735 4.46494 35.98
    endloop
  endfacet
  facet normal 0.948165 -0.31778 0
    outer loop
      vertex 127.665 4.46494 35.98
      vertex 127.7 4.56937 2.4
      vertex 127.7 4.56937 35.98
    endloop
  endfacet
  facet normal 0.948165 -0.31778 0
    outer loop
      vertex 127.7 4.56937 2.4
      vertex 127.665 4.46494 35.98
      vertex 127.665 4.46494 2.4
    endloop
  endfacet
  facet normal -0.322637 -0.946523 0
    outer loop
      vertex 122.765 2.43545 2.4
      vertex 122.869 2.4 35.98
      vertex 122.765 2.43545 35.98
    endloop
  endfacet
  facet normal -0.322637 -0.946523 -0
    outer loop
      vertex 122.869 2.4 35.98
      vertex 122.765 2.43545 2.4
      vertex 122.869 2.4 2.4
    endloop
  endfacet
  facet normal -0.831014 0.556251 0
    outer loop
      vertex 120.952 7.775 2.4
      vertex 121.225 8.18285 35.98
      vertex 121.225 8.18285 2.4
    endloop
  endfacet
  facet normal -0.831014 0.556251 0
    outer loop
      vertex 121.225 8.18285 35.98
      vertex 120.952 7.775 2.4
      vertex 120.952 7.775 35.98
    endloop
  endfacet
  facet normal -0.896836 0.442363 0
    outer loop
      vertex 120.735 7.33506 2.4
      vertex 120.952 7.775 35.98
      vertex 120.952 7.775 2.4
    endloop
  endfacet
  facet normal -0.896836 0.442363 0
    outer loop
      vertex 120.952 7.775 35.98
      vertex 120.735 7.33506 2.4
      vertex 120.735 7.33506 35.98
    endloop
  endfacet
  facet normal 0.752264 -0.658861 0
    outer loop
      vertex 126.852 3.24835 35.98
      vertex 127.175 3.61714 2.4
      vertex 127.175 3.61714 35.98
    endloop
  endfacet
  facet normal 0.752264 -0.658861 0
    outer loop
      vertex 127.175 3.61714 2.4
      vertex 126.852 3.24835 35.98
      vertex 126.852 3.24835 2.4
    endloop
  endfacet
  facet normal 0 0 1
    outer loop
      vertex 125.447 6.41662 35.98
      vertex 127.7 7.23063 35.98
      vertex 127.665 7.33506 35.98
    endloop
  endfacet
  facet normal 0 0 1
    outer loop
      vertex 127.7 7.23063 35.98
      vertex 125.55 5.9 35.98
      vertex 127.7 4.56937 35.98
    endloop
  endfacet
  facet normal 0 0 1
    outer loop
      vertex 125.447 6.41662 35.98
      vertex 127.665 7.33506 35.98
      vertex 127.448 7.775 35.98
    endloop
  endfacet
  facet normal -0 0 1
    outer loop
      vertex 125.538 5.72379 35.98
      vertex 127.7 4.56937 35.98
      vertex 125.55 5.9 35.98
    endloop
  endfacet
  facet normal 0 0 1
    outer loop
      vertex 125.369 6.575 35.98
      vertex 127.448 7.775 35.98
      vertex 127.175 8.18285 35.98
    endloop
  endfacet
  facet normal -0 0 1
    outer loop
      vertex 125.504 5.55059 35.98
      vertex 127.7 4.56937 35.98
      vertex 125.538 5.72379 35.98
    endloop
  endfacet
  facet normal 0 0 1
    outer loop
      vertex 125.271 6.72183 35.98
      vertex 127.175 8.18285 35.98
      vertex 126.852 8.55165 35.98
    endloop
  endfacet
  facet normal -0 0 1
    outer loop
      vertex 125.447 5.38338 35.98
      vertex 127.7 4.56937 35.98
      vertex 125.504 5.55059 35.98
    endloop
  endfacet
  facet normal 0 0 1
    outer loop
      vertex 125.155 6.85459 35.98
      vertex 126.852 8.55165 35.98
      vertex 126.483 8.87507 35.98
    endloop
  endfacet
  facet normal 0 0 1
    outer loop
      vertex 127.7 4.56937 35.98
      vertex 125.447 5.38338 35.98
      vertex 127.665 4.46494 35.98
    endloop
  endfacet
  facet normal 0 0 1
    outer loop
      vertex 125.022 6.97103 35.98
      vertex 126.483 8.87507 35.98
      vertex 126.075 9.14759 35.98
    endloop
  endfacet
  facet normal 0 0 1
    outer loop
      vertex 127.665 4.46494 35.98
      vertex 125.447 5.38338 35.98
      vertex 127.448 4.025 35.98
    endloop
  endfacet
  facet normal 0 0 1
    outer loop
      vertex 124.875 7.06913 35.98
      vertex 126.075 9.14759 35.98
      vertex 125.635 9.36455 35.98
    endloop
  endfacet
  facet normal -0 0 1
    outer loop
      vertex 125.369 5.225 35.98
      vertex 127.448 4.025 35.98
      vertex 125.447 5.38338 35.98
    endloop
  endfacet
  facet normal 0 0 1
    outer loop
      vertex 127.448 4.025 35.98
      vertex 125.369 5.225 35.98
      vertex 127.175 3.61714 35.98
    endloop
  endfacet
  facet normal 0 0 1
    outer loop
      vertex 127.7 7.23063 35.98
      vertex 125.538 6.07621 35.98
      vertex 125.55 5.9 35.98
    endloop
  endfacet
  facet normal 0 0 1
    outer loop
      vertex 127.7 7.23063 35.98
      vertex 125.504 6.2494 35.98
      vertex 125.538 6.07621 35.98
    endloop
  endfacet
  facet normal 0 0 1
    outer loop
      vertex 127.7 7.23063 35.98
      vertex 125.447 6.41662 35.98
      vertex 125.504 6.2494 35.98
    endloop
  endfacet
  facet normal 0 0 1
    outer loop
      vertex 127.448 7.775 35.98
      vertex 125.369 6.575 35.98
      vertex 125.447 6.41662 35.98
    endloop
  endfacet
  facet normal 0 0 1
    outer loop
      vertex 127.175 8.18285 35.98
      vertex 125.271 6.72183 35.98
      vertex 125.369 6.575 35.98
    endloop
  endfacet
  facet normal 0 0 1
    outer loop
      vertex 124.717 7.14724 35.98
      vertex 125.635 9.36455 35.98
      vertex 125.171 9.52222 35.98
    endloop
  endfacet
  facet normal 0 0 1
    outer loop
      vertex 126.852 8.55165 35.98
      vertex 125.155 6.85459 35.98
      vertex 125.271 6.72183 35.98
    endloop
  endfacet
  facet normal 0 0 1
    outer loop
      vertex 126.483 8.87507 35.98
      vertex 125.022 6.97103 35.98
      vertex 125.155 6.85459 35.98
    endloop
  endfacet
  facet normal 0 0 1
    outer loop
      vertex 126.075 9.14759 35.98
      vertex 124.875 7.06913 35.98
      vertex 125.022 6.97103 35.98
    endloop
  endfacet
  facet normal 0 0 1
    outer loop
      vertex 125.635 9.36455 35.98
      vertex 124.717 7.14724 35.98
      vertex 124.875 7.06913 35.98
    endloop
  endfacet
  facet normal 0 0 1
    outer loop
      vertex 124.549 7.204 35.98
      vertex 125.171 9.52222 35.98
      vertex 124.689 9.61792 35.98
    endloop
  endfacet
  facet normal 0 0 1
    outer loop
      vertex 125.171 9.52222 35.98
      vertex 124.549 7.204 35.98
      vertex 124.717 7.14724 35.98
    endloop
  endfacet
  facet normal 0 0 1
    outer loop
      vertex 124.689 9.61792 35.98
      vertex 124.376 7.23845 35.98
      vertex 124.549 7.204 35.98
    endloop
  endfacet
  facet normal 0 0 1
    outer loop
      vertex 124.2 9.65 35.98
      vertex 124.376 7.23845 35.98
      vertex 124.689 9.61792 35.98
    endloop
  endfacet
  facet normal 0 0 1
    outer loop
      vertex 124.2 9.65 35.98
      vertex 124.2 7.25 35.98
      vertex 124.376 7.23845 35.98
    endloop
  endfacet
  facet normal 0 0 1
    outer loop
      vertex 124.2 9.65 35.98
      vertex 124.024 7.23845 35.98
      vertex 124.2 7.25 35.98
    endloop
  endfacet
  facet normal -0 0 1
    outer loop
      vertex 123.711 9.61792 35.98
      vertex 124.024 7.23845 35.98
      vertex 124.2 9.65 35.98
    endloop
  endfacet
  facet normal 0 0 1
    outer loop
      vertex 124.024 7.23845 35.98
      vertex 123.711 9.61792 35.98
      vertex 123.851 7.204 35.98
    endloop
  endfacet
  facet normal -0 0 1
    outer loop
      vertex 123.229 9.52222 35.98
      vertex 123.851 7.204 35.98
      vertex 123.711 9.61792 35.98
    endloop
  endfacet
  facet normal 0 0 1
    outer loop
      vertex 123.851 7.204 35.98
      vertex 123.229 9.52222 35.98
      vertex 123.683 7.14724 35.98
    endloop
  endfacet
  facet normal -0 0 1
    outer loop
      vertex 122.765 9.36455 35.98
      vertex 123.683 7.14724 35.98
      vertex 123.229 9.52222 35.98
    endloop
  endfacet
  facet normal 0 0 1
    outer loop
      vertex 123.683 7.14724 35.98
      vertex 122.765 9.36455 35.98
      vertex 123.525 7.06913 35.98
    endloop
  endfacet
  facet normal -0 0 1
    outer loop
      vertex 122.325 9.14759 35.98
      vertex 123.525 7.06913 35.98
      vertex 122.765 9.36455 35.98
    endloop
  endfacet
  facet normal 0 0 1
    outer loop
      vertex 123.525 7.06913 35.98
      vertex 122.325 9.14759 35.98
      vertex 123.378 6.97103 35.98
    endloop
  endfacet
  facet normal -0 0 1
    outer loop
      vertex 121.917 8.87507 35.98
      vertex 123.378 6.97103 35.98
      vertex 122.325 9.14759 35.98
    endloop
  endfacet
  facet normal 0 0 1
    outer loop
      vertex 123.378 6.97103 35.98
      vertex 121.917 8.87507 35.98
      vertex 123.245 6.85459 35.98
    endloop
  endfacet
  facet normal -0 0 1
    outer loop
      vertex 121.548 8.55165 35.98
      vertex 123.245 6.85459 35.98
      vertex 121.917 8.87507 35.98
    endloop
  endfacet
  facet normal 0 0 1
    outer loop
      vertex 123.245 6.85459 35.98
      vertex 121.548 8.55165 35.98
      vertex 123.129 6.72183 35.98
    endloop
  endfacet
  facet normal 0 0 1
    outer loop
      vertex 123.129 6.72183 35.98
      vertex 121.225 8.18285 35.98
      vertex 123.031 6.575 35.98
    endloop
  endfacet
  facet normal -0 0 1
    outer loop
      vertex 121.225 8.18285 35.98
      vertex 123.129 6.72183 35.98
      vertex 121.548 8.55165 35.98
    endloop
  endfacet
  facet normal -0 0 1
    outer loop
      vertex 125.271 5.07817 35.98
      vertex 127.175 3.61714 35.98
      vertex 125.369 5.225 35.98
    endloop
  endfacet
  facet normal 0 0 1
    outer loop
      vertex 127.175 3.61714 35.98
      vertex 125.271 5.07817 35.98
      vertex 126.852 3.24835 35.98
    endloop
  endfacet
  facet normal -0 0 1
    outer loop
      vertex 125.155 4.94541 35.98
      vertex 126.852 3.24835 35.98
      vertex 125.271 5.07817 35.98
    endloop
  endfacet
  facet normal 0 0 1
    outer loop
      vertex 126.852 3.24835 35.98
      vertex 125.155 4.94541 35.98
      vertex 126.483 2.92492 35.98
    endloop
  endfacet
  facet normal -0 0 1
    outer loop
      vertex 125.022 4.82897 35.98
      vertex 126.483 2.92492 35.98
      vertex 125.155 4.94541 35.98
    endloop
  endfacet
  facet normal 0 0 1
    outer loop
      vertex 126.483 2.92492 35.98
      vertex 125.022 4.82897 35.98
      vertex 126.075 2.6524 35.98
    endloop
  endfacet
  facet normal -0 0 1
    outer loop
      vertex 124.875 4.73087 35.98
      vertex 126.075 2.6524 35.98
      vertex 125.022 4.82897 35.98
    endloop
  endfacet
  facet normal 0 0 1
    outer loop
      vertex 126.075 2.6524 35.98
      vertex 124.875 4.73087 35.98
      vertex 125.635 2.43545 35.98
    endloop
  endfacet
  facet normal -0 0 1
    outer loop
      vertex 124.717 4.65276 35.98
      vertex 125.635 2.43545 35.98
      vertex 124.875 4.73087 35.98
    endloop
  endfacet
  facet normal 0 0 1
    outer loop
      vertex 125.635 2.43545 35.98
      vertex 124.717 4.65276 35.98
      vertex 125.531 2.4 35.98
    endloop
  endfacet
  facet normal -0 0 1
    outer loop
      vertex 124.549 4.596 35.98
      vertex 125.531 2.4 35.98
      vertex 124.717 4.65276 35.98
    endloop
  endfacet
  facet normal -0 0 1
    outer loop
      vertex 124.376 4.56155 35.98
      vertex 125.531 2.4 35.98
      vertex 124.549 4.596 35.98
    endloop
  endfacet
  facet normal -0 0 1
    outer loop
      vertex 124.2 4.55 35.98
      vertex 125.531 2.4 35.98
      vertex 124.376 4.56155 35.98
    endloop
  endfacet
  facet normal 0 0 1
    outer loop
      vertex 122.869 2.4 35.98
      vertex 124.2 4.55 35.98
      vertex 124.024 4.56155 35.98
    endloop
  endfacet
  facet normal 0 0 1
    outer loop
      vertex 122.869 2.4 35.98
      vertex 124.024 4.56155 35.98
      vertex 123.851 4.596 35.98
    endloop
  endfacet
  facet normal 0 0 1
    outer loop
      vertex 122.869 2.4 35.98
      vertex 123.851 4.596 35.98
      vertex 123.683 4.65276 35.98
    endloop
  endfacet
  facet normal 0 0 1
    outer loop
      vertex 122.765 2.43545 35.98
      vertex 123.683 4.65276 35.98
      vertex 123.525 4.73087 35.98
    endloop
  endfacet
  facet normal 0 0 1
    outer loop
      vertex 122.325 2.6524 35.98
      vertex 123.525 4.73087 35.98
      vertex 123.378 4.82897 35.98
    endloop
  endfacet
  facet normal 0 0 1
    outer loop
      vertex 121.917 2.92492 35.98
      vertex 123.378 4.82897 35.98
      vertex 123.245 4.94541 35.98
    endloop
  endfacet
  facet normal 0 0 1
    outer loop
      vertex 124.2 4.55 35.98
      vertex 122.869 2.4 35.98
      vertex 125.531 2.4 35.98
    endloop
  endfacet
  facet normal 0 0 1
    outer loop
      vertex 121.548 3.24835 35.98
      vertex 123.245 4.94541 35.98
      vertex 123.129 5.07817 35.98
    endloop
  endfacet
  facet normal 0 0 1
    outer loop
      vertex 121.225 3.61714 35.98
      vertex 123.129 5.07817 35.98
      vertex 123.031 5.225 35.98
    endloop
  endfacet
  facet normal 0 0 1
    outer loop
      vertex 120.952 4.025 35.98
      vertex 123.031 5.225 35.98
      vertex 122.953 5.38338 35.98
    endloop
  endfacet
  facet normal 0 0 1
    outer loop
      vertex 120.735 4.46494 35.98
      vertex 122.953 5.38338 35.98
      vertex 122.896 5.55059 35.98
    endloop
  endfacet
  facet normal 0 0 1
    outer loop
      vertex 120.578 4.92943 35.98
      vertex 122.896 5.55059 35.98
      vertex 122.862 5.72379 35.98
    endloop
  endfacet
  facet normal 0 0 1
    outer loop
      vertex 120.482 5.41053 35.98
      vertex 122.862 5.72379 35.98
      vertex 122.85 5.9 35.98
    endloop
  endfacet
  facet normal -0 0 1
    outer loop
      vertex 120.952 7.775 35.98
      vertex 123.031 6.575 35.98
      vertex 121.225 8.18285 35.98
    endloop
  endfacet
  facet normal 0 0 1
    outer loop
      vertex 123.031 6.575 35.98
      vertex 120.952 7.775 35.98
      vertex 122.953 6.41662 35.98
    endloop
  endfacet
  facet normal 0 0 1
    outer loop
      vertex 123.525 4.73087 35.98
      vertex 122.325 2.6524 35.98
      vertex 122.765 2.43545 35.98
    endloop
  endfacet
  facet normal 0 0 1
    outer loop
      vertex 123.683 4.65276 35.98
      vertex 122.765 2.43545 35.98
      vertex 122.869 2.4 35.98
    endloop
  endfacet
  facet normal -0 0 1
    outer loop
      vertex 120.735 7.33506 35.98
      vertex 122.953 6.41662 35.98
      vertex 120.952 7.775 35.98
    endloop
  endfacet
  facet normal 0 0 1
    outer loop
      vertex 123.378 4.82897 35.98
      vertex 121.917 2.92492 35.98
      vertex 122.325 2.6524 35.98
    endloop
  endfacet
  facet normal 0 0 1
    outer loop
      vertex 122.953 6.41662 35.98
      vertex 120.735 7.33506 35.98
      vertex 122.896 6.2494 35.98
    endloop
  endfacet
  facet normal 0 0 1
    outer loop
      vertex 123.245 4.94541 35.98
      vertex 121.548 3.24835 35.98
      vertex 121.917 2.92492 35.98
    endloop
  endfacet
  facet normal -0 0 1
    outer loop
      vertex 120.578 6.87057 35.98
      vertex 122.896 6.2494 35.98
      vertex 120.735 7.33506 35.98
    endloop
  endfacet
  facet normal 0 0 1
    outer loop
      vertex 123.129 5.07817 35.98
      vertex 121.225 3.61714 35.98
      vertex 121.548 3.24835 35.98
    endloop
  endfacet
  facet normal 0 0 1
    outer loop
      vertex 122.896 6.2494 35.98
      vertex 120.578 6.87057 35.98
      vertex 122.862 6.07621 35.98
    endloop
  endfacet
  facet normal 0 0 1
    outer loop
      vertex 123.031 5.225 35.98
      vertex 120.952 4.025 35.98
      vertex 121.225 3.61714 35.98
    endloop
  endfacet
  facet normal -0 0 1
    outer loop
      vertex 120.482 6.38947 35.98
      vertex 122.862 6.07621 35.98
      vertex 120.578 6.87057 35.98
    endloop
  endfacet
  facet normal 0 0 1
    outer loop
      vertex 122.953 5.38338 35.98
      vertex 120.735 4.46494 35.98
      vertex 120.952 4.025 35.98
    endloop
  endfacet
  facet normal 0 0 1
    outer loop
      vertex 122.862 6.07621 35.98
      vertex 120.482 6.38947 35.98
      vertex 122.85 5.9 35.98
    endloop
  endfacet
  facet normal 0 0 1
    outer loop
      vertex 122.896 5.55059 35.98
      vertex 120.578 4.92943 35.98
      vertex 120.735 4.46494 35.98
    endloop
  endfacet
  facet normal 0 0 1
    outer loop
      vertex 120.45 5.9 35.98
      vertex 122.85 5.9 35.98
      vertex 120.482 6.38947 35.98
    endloop
  endfacet
  facet normal 0 0 1
    outer loop
      vertex 122.862 5.72379 35.98
      vertex 120.482 5.41053 35.98
      vertex 120.578 4.92943 35.98
    endloop
  endfacet
  facet normal 0 0 1
    outer loop
      vertex 122.85 5.9 35.98
      vertex 120.45 5.9 35.98
      vertex 120.482 5.41053 35.98
    endloop
  endfacet
  facet normal -0.194746 0.980854 0
    outer loop
      vertex 123.711 9.61792 21.19
      vertex 123.229 9.52222 35.98
      vertex 123.711 9.61792 35.98
    endloop
  endfacet
  facet normal -0.194746 0.980854 0
    outer loop
      vertex 123.229 9.52222 35.98
      vertex 123.711 9.61792 21.19
      vertex 123.229 9.52222 21.19
    endloop
  endfacet
  facet normal -0.55556 0.831477 0
    outer loop
      vertex 122.2 9.06407 21.19
      vertex 122.325 9.14759 35.98
      vertex 122.325 9.14759 21.19
    endloop
  endfacet
  facet normal -0.555434 0.831561 -1.53791e-06
    outer loop
      vertex 122.325 9.14759 35.98
      vertex 122.2 9.06407 21.19
      vertex 121.917 8.87507 35.98
    endloop
  endfacet
  facet normal -0.555378 0.831598 0
    outer loop
      vertex 121.917 8.87507 2.4
      vertex 122.2 9.06407 21.19
      vertex 122.2 9.06407 2.4
    endloop
  endfacet
  facet normal -0.555378 0.831598 0
    outer loop
      vertex 122.2 9.06407 21.19
      vertex 121.917 8.87507 2.4
      vertex 121.917 8.87507 35.98
    endloop
  endfacet
  facet normal 0.896806 0.442424 0
    outer loop
      vertex 127.448 7.775 35.98
      vertex 127.633 7.4 21.19
      vertex 127.448 7.775 21.19
    endloop
  endfacet
  facet normal 0.896836 0.442363 1.91587e-06
    outer loop
      vertex 127.665 7.33506 35.98
      vertex 127.633 7.4 21.19
      vertex 127.448 7.775 35.98
    endloop
  endfacet
  facet normal 0.897009 0.442012 -0
    outer loop
      vertex 127.665 7.33506 2.4
      vertex 127.633 7.4 21.19
      vertex 127.665 7.33506 35.98
    endloop
  endfacet
  facet normal 0.897009 0.442012 0
    outer loop
      vertex 127.633 7.4 21.19
      vertex 127.665 7.33506 2.4
      vertex 127.633 7.4 2.4
    endloop
  endfacet
  facet normal -0.752264 -0.658861 0
    outer loop
      vertex 121.548 3.24835 2.4
      vertex 121.225 3.61714 35.98
      vertex 121.225 3.61714 2.4
    endloop
  endfacet
  facet normal -0.752264 -0.658861 0
    outer loop
      vertex 121.225 3.61714 35.98
      vertex 121.548 3.24835 2.4
      vertex 121.548 3.24835 35.98
    endloop
  endfacet
  facet normal 0.659133 0.752026 -0
    outer loop
      vertex 126.852 8.55165 21.19
      vertex 126.483 8.87507 35.98
      vertex 126.852 8.55165 35.98
    endloop
  endfacet
  facet normal 0.659133 0.752026 0
    outer loop
      vertex 126.483 8.87507 35.98
      vertex 126.852 8.55165 21.19
      vertex 126.483 8.87507 21.19
    endloop
  endfacet
  facet normal 0.831014 0.556251 0
    outer loop
      vertex 127.448 7.775 35.98
      vertex 127.175 8.18285 21.19
      vertex 127.175 8.18285 35.98
    endloop
  endfacet
  facet normal 0.831014 0.556251 0
    outer loop
      vertex 127.175 8.18285 21.19
      vertex 127.448 7.775 35.98
      vertex 127.448 7.775 21.19
    endloop
  endfacet
  facet normal 0.322637 -0.946523 0
    outer loop
      vertex 125.531 2.4 2.4
      vertex 125.635 2.43545 35.98
      vertex 125.531 2.4 35.98
    endloop
  endfacet
  facet normal 0.322637 -0.946523 0
    outer loop
      vertex 125.635 2.43545 35.98
      vertex 125.531 2.4 2.4
      vertex 125.635 2.43545 2.4
    endloop
  endfacet
  facet normal -0.831021 -0.556241 0
    outer loop
      vertex 121.225 3.61714 2.4
      vertex 120.952 4.025 35.98
      vertex 120.952 4.025 2.4
    endloop
  endfacet
  facet normal -0.831021 -0.556241 0
    outer loop
      vertex 120.952 4.025 35.98
      vertex 121.225 3.61714 2.4
      vertex 121.225 3.61714 35.98
    endloop
  endfacet
  facet normal 0.831021 -0.556241 0
    outer loop
      vertex 127.175 3.61714 35.98
      vertex 127.448 4.025 2.4
      vertex 127.448 4.025 35.98
    endloop
  endfacet
  facet normal 0.831021 -0.556241 0
    outer loop
      vertex 127.448 4.025 2.4
      vertex 127.175 3.61714 35.98
      vertex 127.175 3.61714 2.4
    endloop
  endfacet
  facet normal -0.659145 -0.752016 0
    outer loop
      vertex 121.548 3.24835 2.4
      vertex 121.917 2.92492 35.98
      vertex 121.548 3.24835 35.98
    endloop
  endfacet
  facet normal -0.659145 -0.752016 -0
    outer loop
      vertex 121.917 2.92492 35.98
      vertex 121.548 3.24835 2.4
      vertex 121.917 2.92492 2.4
    endloop
  endfacet
  facet normal -0.99787 0.0652376 0
    outer loop
      vertex 120.45 5.9 2.4
      vertex 120.482 6.38947 35.98
      vertex 120.482 6.38947 2.4
    endloop
  endfacet
  facet normal -0.99787 0.0652376 0
    outer loop
      vertex 120.482 6.38947 35.98
      vertex 120.45 5.9 2.4
      vertex 120.45 5.9 35.98
    endloop
  endfacet
  facet normal -0.99787 -0.0652376 0
    outer loop
      vertex 120.482 5.41053 2.4
      vertex 120.45 5.9 35.98
      vertex 120.45 5.9 2.4
    endloop
  endfacet
  facet normal -0.99787 -0.0652376 0
    outer loop
      vertex 120.45 5.9 35.98
      vertex 120.482 5.41053 2.4
      vertex 120.482 5.41053 35.98
    endloop
  endfacet
  facet normal 0.555434 0.831561 -0
    outer loop
      vertex 126.483 8.87507 21.19
      vertex 126.075 9.14759 35.98
      vertex 126.483 8.87507 35.98
    endloop
  endfacet
  facet normal 0.555434 0.831561 0
    outer loop
      vertex 126.075 9.14759 35.98
      vertex 126.483 8.87507 21.19
      vertex 126.075 9.14759 21.19
    endloop
  endfacet
  facet normal 0.555434 -0.831561 0
    outer loop
      vertex 126.075 2.6524 2.4
      vertex 126.483 2.92492 35.98
      vertex 126.075 2.6524 35.98
    endloop
  endfacet
  facet normal 0.555434 -0.831561 0
    outer loop
      vertex 126.483 2.92492 35.98
      vertex 126.075 2.6524 2.4
      vertex 126.483 2.92492 2.4
    endloop
  endfacet
  facet normal -0.442249 0.896892 0
    outer loop
      vertex 122.765 9.36455 21.19
      vertex 122.325 9.14759 35.98
      vertex 122.765 9.36455 35.98
    endloop
  endfacet
  facet normal -0.442249 0.896892 0
    outer loop
      vertex 122.325 9.14759 35.98
      vertex 122.765 9.36455 21.19
      vertex 122.325 9.14759 21.19
    endloop
  endfacet
  facet normal 0.442249 0.896892 -0
    outer loop
      vertex 126.075 9.14759 21.19
      vertex 125.635 9.36455 35.98
      vertex 126.075 9.14759 35.98
    endloop
  endfacet
  facet normal 0.442249 0.896892 0
    outer loop
      vertex 125.635 9.36455 35.98
      vertex 126.075 9.14759 21.19
      vertex 125.635 9.36455 21.19
    endloop
  endfacet
  facet normal -0.555434 -0.831561 0
    outer loop
      vertex 121.917 2.92492 2.4
      vertex 122.325 2.6524 35.98
      vertex 121.917 2.92492 35.98
    endloop
  endfacet
  facet normal -0.555434 -0.831561 -0
    outer loop
      vertex 122.325 2.6524 35.98
      vertex 121.917 2.92492 2.4
      vertex 122.325 2.6524 2.4
    endloop
  endfacet
  facet normal 0.321738 0.946829 -0
    outer loop
      vertex 125.635 9.36455 21.19
      vertex 125.171 9.52222 35.98
      vertex 125.635 9.36455 35.98
    endloop
  endfacet
  facet normal 0.321738 0.946829 0
    outer loop
      vertex 125.171 9.52222 35.98
      vertex 125.635 9.36455 21.19
      vertex 125.171 9.52222 21.19
    endloop
  endfacet
  facet normal 0.948165 0.31778 0
    outer loop
      vertex 127.7 7.23063 35.98
      vertex 127.665 7.33506 2.4
      vertex 127.665 7.33506 35.98
    endloop
  endfacet
  facet normal 0.948165 0.31778 0
    outer loop
      vertex 127.665 7.33506 2.4
      vertex 127.7 7.23063 35.98
      vertex 127.7 7.23063 2.4
    endloop
  endfacet
  facet normal -0.321738 0.946829 0
    outer loop
      vertex 123.229 9.52222 21.19
      vertex 122.765 9.36455 35.98
      vertex 123.229 9.52222 35.98
    endloop
  endfacet
  facet normal -0.321738 0.946829 0
    outer loop
      vertex 122.765 9.36455 35.98
      vertex 123.229 9.52222 21.19
      vertex 122.765 9.36455 21.19
    endloop
  endfacet
  facet normal 0.194746 0.980854 -0
    outer loop
      vertex 125.171 9.52222 21.19
      vertex 124.689 9.61792 35.98
      vertex 125.171 9.52222 35.98
    endloop
  endfacet
  facet normal 0.194746 0.980854 0
    outer loop
      vertex 124.689 9.61792 35.98
      vertex 125.171 9.52222 21.19
      vertex 124.689 9.61792 21.19
    endloop
  endfacet
  facet normal 0.752273 0.658851 0
    outer loop
      vertex 127.175 8.18285 35.98
      vertex 126.852 8.55165 21.19
      vertex 126.852 8.55165 35.98
    endloop
  endfacet
  facet normal 0.752273 0.658851 0
    outer loop
      vertex 126.852 8.55165 21.19
      vertex 127.175 8.18285 35.98
      vertex 127.175 8.18285 21.19
    endloop
  endfacet
  facet normal -0.752273 0.658851 0
    outer loop
      vertex 121.225 8.18285 2.4
      vertex 121.548 8.55165 35.98
      vertex 121.548 8.55165 2.4
    endloop
  endfacet
  facet normal -0.752273 0.658851 0
    outer loop
      vertex 121.548 8.55165 35.98
      vertex 121.225 8.18285 2.4
      vertex 121.225 8.18285 35.98
    endloop
  endfacet
  facet normal -0.659133 0.752026 0
    outer loop
      vertex 121.917 8.87507 2.4
      vertex 121.548 8.55165 35.98
      vertex 121.917 8.87507 35.98
    endloop
  endfacet
  facet normal -0.659133 0.752026 0
    outer loop
      vertex 121.548 8.55165 35.98
      vertex 121.917 8.87507 2.4
      vertex 121.548 8.55165 2.4
    endloop
  endfacet
  facet normal 0.0654626 0.997855 -0
    outer loop
      vertex 124.689 9.61792 21.19
      vertex 124.2 9.65 35.98
      vertex 124.689 9.61792 35.98
    endloop
  endfacet
  facet normal 0.0654626 0.997855 0
    outer loop
      vertex 124.2 9.65 35.98
      vertex 124.689 9.61792 21.19
      vertex 124.2 9.65 21.19
    endloop
  endfacet
  facet normal -0.980667 0.195685 0
    outer loop
      vertex 120.482 6.38947 2.4
      vertex 120.578 6.87057 35.98
      vertex 120.578 6.87057 2.4
    endloop
  endfacet
  facet normal -0.980667 0.195685 0
    outer loop
      vertex 120.578 6.87057 35.98
      vertex 120.482 6.38947 2.4
      vertex 120.482 6.38947 35.98
    endloop
  endfacet
  facet normal 0.896836 -0.442363 0
    outer loop
      vertex 127.448 4.025 35.98
      vertex 127.665 4.46494 2.4
      vertex 127.665 4.46494 35.98
    endloop
  endfacet
  facet normal 0.896836 -0.442363 0
    outer loop
      vertex 127.665 4.46494 2.4
      vertex 127.448 4.025 35.98
      vertex 127.448 4.025 2.4
    endloop
  endfacet
  facet normal -0.442233 -0.8969 0
    outer loop
      vertex 122.325 2.6524 2.4
      vertex 122.765 2.43545 35.98
      vertex 122.325 2.6524 35.98
    endloop
  endfacet
  facet normal -0.442233 -0.8969 -0
    outer loop
      vertex 122.765 2.43545 35.98
      vertex 122.325 2.6524 2.4
      vertex 122.765 2.43545 2.4
    endloop
  endfacet
  facet normal -0.896836 -0.442363 0
    outer loop
      vertex 120.952 4.025 2.4
      vertex 120.735 4.46494 35.98
      vertex 120.735 4.46494 2.4
    endloop
  endfacet
  facet normal -0.896836 -0.442363 0
    outer loop
      vertex 120.735 4.46494 35.98
      vertex 120.952 4.025 2.4
      vertex 120.952 4.025 35.98
    endloop
  endfacet
  facet normal -0.98127 -0.192639 0
    outer loop
      vertex 125.538 6.07621 22
      vertex 125.504 6.2494 35.98
      vertex 125.504 6.2494 22
    endloop
  endfacet
  facet normal -0.98127 -0.192639 0
    outer loop
      vertex 125.504 6.2494 35.98
      vertex 125.538 6.07621 22
      vertex 125.538 6.07621 35.98
    endloop
  endfacet
  facet normal -0.997689 -0.0679432 0
    outer loop
      vertex 125.55 5.9 22
      vertex 125.538 6.07621 35.98
      vertex 125.538 6.07621 22
    endloop
  endfacet
  facet normal -0.997689 -0.0679432 0
    outer loop
      vertex 125.538 6.07621 35.98
      vertex 125.55 5.9 22
      vertex 125.55 5.9 35.98
    endloop
  endfacet
  facet normal -0.75304 0.657974 0
    outer loop
      vertex 125.155 4.94541 22
      vertex 125.271 5.07817 35.98
      vertex 125.271 5.07817 22
    endloop
  endfacet
  facet normal -0.75304 0.657974 0
    outer loop
      vertex 125.271 5.07817 35.98
      vertex 125.155 4.94541 22
      vertex 125.155 4.94541 35.98
    endloop
  endfacet
  facet normal 0.320082 0.94739 -0
    outer loop
      vertex 123.851 4.596 22
      vertex 123.683 4.65276 35.98
      vertex 123.851 4.596 35.98
    endloop
  endfacet
  facet normal 0.320082 0.94739 0
    outer loop
      vertex 123.683 4.65276 35.98
      vertex 123.851 4.596 22
      vertex 123.683 4.65276 22
    endloop
  endfacet
  facet normal -0.831754 -0.555145 0
    outer loop
      vertex 125.369 6.575 22
      vertex 125.271 6.72183 35.98
      vertex 125.271 6.72183 22
    endloop
  endfacet
  facet normal -0.831754 -0.555145 0
    outer loop
      vertex 125.271 6.72183 35.98
      vertex 125.369 6.575 22
      vertex 125.369 6.575 35.98
    endloop
  endfacet
  facet normal -0.981272 0.192628 0
    outer loop
      vertex 125.504 5.55059 22
      vertex 125.538 5.72379 35.98
      vertex 125.538 5.72379 22
    endloop
  endfacet
  facet normal -0.981272 0.192628 0
    outer loop
      vertex 125.538 5.72379 35.98
      vertex 125.504 5.55059 22
      vertex 125.504 5.55059 35.98
    endloop
  endfacet
  facet normal 0.195298 0.980744 -0
    outer loop
      vertex 124.024 4.56155 22
      vertex 123.851 4.596 35.98
      vertex 124.024 4.56155 35.98
    endloop
  endfacet
  facet normal 0.195298 0.980744 0
    outer loop
      vertex 123.851 4.596 35.98
      vertex 124.024 4.56155 22
      vertex 123.851 4.596 22
    endloop
  endfacet
  facet normal -0.897107 0.441813 0
    outer loop
      vertex 125.369 5.225 22
      vertex 125.447 5.38338 35.98
      vertex 125.447 5.38338 22
    endloop
  endfacet
  facet normal -0.897107 0.441813 0
    outer loop
      vertex 125.447 5.38338 35.98
      vertex 125.369 5.225 22
      vertex 125.369 5.225 35.98
    endloop
  endfacet
  facet normal -0.658713 0.752394 0
    outer loop
      vertex 125.155 4.94541 22
      vertex 125.022 4.82897 35.98
      vertex 125.155 4.94541 35.98
    endloop
  endfacet
  facet normal -0.658713 0.752394 0
    outer loop
      vertex 125.022 4.82897 35.98
      vertex 125.155 4.94541 22
      vertex 125.022 4.82897 22
    endloop
  endfacet
  facet normal -0.0654841 0.997854 0
    outer loop
      vertex 124.376 4.56155 22
      vertex 124.2 4.55 35.98
      vertex 124.376 4.56155 35.98
    endloop
  endfacet
  facet normal -0.0654841 0.997854 0
    outer loop
      vertex 124.2 4.55 35.98
      vertex 124.376 4.56155 22
      vertex 124.2 4.55 22
    endloop
  endfacet
  facet normal -0.897107 -0.441813 0
    outer loop
      vertex 125.447 6.41662 22
      vertex 125.369 6.575 35.98
      vertex 125.369 6.575 22
    endloop
  endfacet
  facet normal -0.897107 -0.441813 0
    outer loop
      vertex 125.369 6.575 35.98
      vertex 125.447 6.41662 22
      vertex 125.447 6.41662 35.98
    endloop
  endfacet
  facet normal -0.658713 -0.752394 0
    outer loop
      vertex 125.022 6.97103 22
      vertex 125.155 6.85459 35.98
      vertex 125.022 6.97103 35.98
    endloop
  endfacet
  facet normal -0.658713 -0.752394 -0
    outer loop
      vertex 125.155 6.85459 35.98
      vertex 125.022 6.97103 22
      vertex 125.155 6.85459 22
    endloop
  endfacet
  facet normal 0.443169 0.896438 -0
    outer loop
      vertex 123.683 4.65276 22
      vertex 123.525 4.73087 35.98
      vertex 123.683 4.65276 35.98
    endloop
  endfacet
  facet normal 0.443169 0.896438 0
    outer loop
      vertex 123.525 4.73087 35.98
      vertex 123.683 4.65276 22
      vertex 123.525 4.73087 22
    endloop
  endfacet
  facet normal -0.320082 0.94739 0
    outer loop
      vertex 124.717 4.65276 22
      vertex 124.549 4.596 35.98
      vertex 124.717 4.65276 35.98
    endloop
  endfacet
  facet normal -0.320082 0.94739 0
    outer loop
      vertex 124.549 4.596 35.98
      vertex 124.717 4.65276 22
      vertex 124.549 4.596 22
    endloop
  endfacet
  facet normal 0.75304 -0.657974 0
    outer loop
      vertex 123.129 6.72183 35.98
      vertex 123.245 6.85459 22
      vertex 123.245 6.85459 35.98
    endloop
  endfacet
  facet normal 0.75304 -0.657974 0
    outer loop
      vertex 123.245 6.85459 22
      vertex 123.129 6.72183 35.98
      vertex 123.129 6.72183 22
    endloop
  endfacet
  facet normal -0.75304 -0.657974 0
    outer loop
      vertex 125.271 6.72183 22
      vertex 125.155 6.85459 35.98
      vertex 125.155 6.85459 22
    endloop
  endfacet
  facet normal -0.75304 -0.657974 0
    outer loop
      vertex 125.155 6.85459 35.98
      vertex 125.271 6.72183 22
      vertex 125.271 6.72183 35.98
    endloop
  endfacet
  facet normal 0.320082 -0.94739 0
    outer loop
      vertex 123.683 7.14724 22
      vertex 123.851 7.204 35.98
      vertex 123.683 7.14724 35.98
    endloop
  endfacet
  facet normal 0.320082 -0.94739 0
    outer loop
      vertex 123.851 7.204 35.98
      vertex 123.683 7.14724 22
      vertex 123.851 7.204 22
    endloop
  endfacet
  facet normal 0.555092 -0.831789 0
    outer loop
      vertex 123.378 6.97103 22
      vertex 123.525 7.06913 35.98
      vertex 123.378 6.97103 35.98
    endloop
  endfacet
  facet normal 0.555092 -0.831789 0
    outer loop
      vertex 123.525 7.06913 35.98
      vertex 123.378 6.97103 22
      vertex 123.525 7.06913 22
    endloop
  endfacet
  facet normal 0.981272 0.192628 0
    outer loop
      vertex 122.896 5.55059 35.98
      vertex 122.862 5.72379 22
      vertex 122.862 5.72379 35.98
    endloop
  endfacet
  facet normal 0.981272 0.192628 0
    outer loop
      vertex 122.862 5.72379 22
      vertex 122.896 5.55059 35.98
      vertex 122.896 5.55059 22
    endloop
  endfacet
  facet normal 0.946522 -0.322639 0
    outer loop
      vertex 122.896 6.2494 35.98
      vertex 122.953 6.41662 22
      vertex 122.953 6.41662 35.98
    endloop
  endfacet
  facet normal 0.946522 -0.322639 0
    outer loop
      vertex 122.953 6.41662 22
      vertex 122.896 6.2494 35.98
      vertex 122.896 6.2494 22
    endloop
  endfacet
  facet normal 0.75304 0.657974 0
    outer loop
      vertex 123.245 4.94541 35.98
      vertex 123.129 5.07817 22
      vertex 123.129 5.07817 35.98
    endloop
  endfacet
  facet normal 0.75304 0.657974 0
    outer loop
      vertex 123.129 5.07817 22
      vertex 123.245 4.94541 35.98
      vertex 123.245 4.94541 22
    endloop
  endfacet
  facet normal -0.831754 0.555145 0
    outer loop
      vertex 125.271 5.07817 22
      vertex 125.369 5.225 35.98
      vertex 125.369 5.225 22
    endloop
  endfacet
  facet normal -0.831754 0.555145 0
    outer loop
      vertex 125.369 5.225 35.98
      vertex 125.271 5.07817 22
      vertex 125.271 5.07817 35.98
    endloop
  endfacet
  facet normal 0.443169 -0.896438 0
    outer loop
      vertex 123.525 7.06913 22
      vertex 123.683 7.14724 35.98
      vertex 123.525 7.06913 35.98
    endloop
  endfacet
  facet normal 0.443169 -0.896438 0
    outer loop
      vertex 123.683 7.14724 35.98
      vertex 123.525 7.06913 22
      vertex 123.683 7.14724 22
    endloop
  endfacet
  facet normal -0.320082 -0.94739 0
    outer loop
      vertex 124.549 7.204 22
      vertex 124.717 7.14724 35.98
      vertex 124.549 7.204 35.98
    endloop
  endfacet
  facet normal -0.320082 -0.94739 -0
    outer loop
      vertex 124.717 7.14724 35.98
      vertex 124.549 7.204 22
      vertex 124.717 7.14724 22
    endloop
  endfacet
  facet normal 0.946516 0.322657 0
    outer loop
      vertex 122.953 5.38338 35.98
      vertex 122.896 5.55059 22
      vertex 122.896 5.55059 35.98
    endloop
  endfacet
  facet normal 0.946516 0.322657 0
    outer loop
      vertex 122.896 5.55059 22
      vertex 122.953 5.38338 35.98
      vertex 122.953 5.38338 22
    endloop
  endfacet
  facet normal -0.997689 0.0679432 0
    outer loop
      vertex 125.538 5.72379 22
      vertex 125.55 5.9 35.98
      vertex 125.55 5.9 22
    endloop
  endfacet
  facet normal -0.997689 0.0679432 0
    outer loop
      vertex 125.55 5.9 35.98
      vertex 125.538 5.72379 22
      vertex 125.538 5.72379 35.98
    endloop
  endfacet
  facet normal -0.443169 -0.896438 0
    outer loop
      vertex 124.717 7.14724 22
      vertex 124.875 7.06913 35.98
      vertex 124.717 7.14724 35.98
    endloop
  endfacet
  facet normal -0.443169 -0.896438 -0
    outer loop
      vertex 124.875 7.06913 35.98
      vertex 124.717 7.14724 22
      vertex 124.875 7.06913 22
    endloop
  endfacet
  facet normal -0.946516 0.322657 0
    outer loop
      vertex 125.447 5.38338 22
      vertex 125.504 5.55059 35.98
      vertex 125.504 5.55059 22
    endloop
  endfacet
  facet normal -0.946516 0.322657 0
    outer loop
      vertex 125.504 5.55059 35.98
      vertex 125.447 5.38338 22
      vertex 125.447 5.38338 35.98
    endloop
  endfacet
  facet normal -0.555092 -0.831789 0
    outer loop
      vertex 124.875 7.06913 22
      vertex 125.022 6.97103 35.98
      vertex 124.875 7.06913 35.98
    endloop
  endfacet
  facet normal -0.555092 -0.831789 -0
    outer loop
      vertex 125.022 6.97103 35.98
      vertex 124.875 7.06913 22
      vertex 125.022 6.97103 22
    endloop
  endfacet
  facet normal 0.0654841 -0.997854 0
    outer loop
      vertex 124.024 7.23845 22
      vertex 124.2 7.25 35.98
      vertex 124.024 7.23845 35.98
    endloop
  endfacet
  facet normal 0.0654841 -0.997854 0
    outer loop
      vertex 124.2 7.25 35.98
      vertex 124.024 7.23845 22
      vertex 124.2 7.25 22
    endloop
  endfacet
  facet normal 0.831754 0.555145 0
    outer loop
      vertex 123.129 5.07817 35.98
      vertex 123.031 5.225 22
      vertex 123.031 5.225 35.98
    endloop
  endfacet
  facet normal 0.831754 0.555145 0
    outer loop
      vertex 123.031 5.225 22
      vertex 123.129 5.07817 35.98
      vertex 123.129 5.07817 22
    endloop
  endfacet
  facet normal -0.195298 0.980744 0
    outer loop
      vertex 124.549 4.596 22
      vertex 124.376 4.56155 35.98
      vertex 124.549 4.596 35.98
    endloop
  endfacet
  facet normal -0.195298 0.980744 0
    outer loop
      vertex 124.376 4.56155 35.98
      vertex 124.549 4.596 22
      vertex 124.376 4.56155 22
    endloop
  endfacet
  facet normal 0.555092 0.831789 -0
    outer loop
      vertex 123.525 4.73087 22
      vertex 123.378 4.82897 35.98
      vertex 123.525 4.73087 35.98
    endloop
  endfacet
  facet normal 0.555092 0.831789 0
    outer loop
      vertex 123.378 4.82897 35.98
      vertex 123.525 4.73087 22
      vertex 123.378 4.82897 22
    endloop
  endfacet
  facet normal 0.658713 -0.752394 0
    outer loop
      vertex 123.245 6.85459 22
      vertex 123.378 6.97103 35.98
      vertex 123.245 6.85459 35.98
    endloop
  endfacet
  facet normal 0.658713 -0.752394 0
    outer loop
      vertex 123.378 6.97103 35.98
      vertex 123.245 6.85459 22
      vertex 123.378 6.97103 22
    endloop
  endfacet
  facet normal 0.997689 0.0679432 0
    outer loop
      vertex 122.862 5.72379 35.98
      vertex 122.85 5.9 22
      vertex 122.85 5.9 35.98
    endloop
  endfacet
  facet normal 0.997689 0.0679432 0
    outer loop
      vertex 122.85 5.9 22
      vertex 122.862 5.72379 35.98
      vertex 122.862 5.72379 22
    endloop
  endfacet
  facet normal 0.997689 -0.0679432 0
    outer loop
      vertex 122.85 5.9 35.98
      vertex 122.862 6.07621 22
      vertex 122.862 6.07621 35.98
    endloop
  endfacet
  facet normal 0.997689 -0.0679432 0
    outer loop
      vertex 122.862 6.07621 22
      vertex 122.85 5.9 35.98
      vertex 122.85 5.9 22
    endloop
  endfacet
  facet normal 0.897107 -0.441813 0
    outer loop
      vertex 122.953 6.41662 35.98
      vertex 123.031 6.575 22
      vertex 123.031 6.575 35.98
    endloop
  endfacet
  facet normal 0.897107 -0.441813 0
    outer loop
      vertex 123.031 6.575 22
      vertex 122.953 6.41662 35.98
      vertex 122.953 6.41662 22
    endloop
  endfacet
  facet normal 0.0654841 0.997854 -0
    outer loop
      vertex 124.2 4.55 22
      vertex 124.024 4.56155 35.98
      vertex 124.2 4.55 35.98
    endloop
  endfacet
  facet normal 0.0654841 0.997854 0
    outer loop
      vertex 124.024 4.56155 35.98
      vertex 124.2 4.55 22
      vertex 124.024 4.56155 22
    endloop
  endfacet
  facet normal 0.831754 -0.555145 0
    outer loop
      vertex 123.031 6.575 35.98
      vertex 123.129 6.72183 22
      vertex 123.129 6.72183 35.98
    endloop
  endfacet
  facet normal 0.831754 -0.555145 0
    outer loop
      vertex 123.129 6.72183 22
      vertex 123.031 6.575 35.98
      vertex 123.031 6.575 22
    endloop
  endfacet
  facet normal -0.946522 -0.322639 0
    outer loop
      vertex 125.504 6.2494 22
      vertex 125.447 6.41662 35.98
      vertex 125.447 6.41662 22
    endloop
  endfacet
  facet normal -0.946522 -0.322639 0
    outer loop
      vertex 125.447 6.41662 35.98
      vertex 125.504 6.2494 22
      vertex 125.504 6.2494 35.98
    endloop
  endfacet
  facet normal -0.555092 0.831789 0
    outer loop
      vertex 125.022 4.82897 22
      vertex 124.875 4.73087 35.98
      vertex 125.022 4.82897 35.98
    endloop
  endfacet
  facet normal -0.555092 0.831789 0
    outer loop
      vertex 124.875 4.73087 35.98
      vertex 125.022 4.82897 22
      vertex 124.875 4.73087 22
    endloop
  endfacet
  facet normal 0.195298 -0.980744 0
    outer loop
      vertex 123.851 7.204 22
      vertex 124.024 7.23845 35.98
      vertex 123.851 7.204 35.98
    endloop
  endfacet
  facet normal 0.195298 -0.980744 0
    outer loop
      vertex 124.024 7.23845 35.98
      vertex 123.851 7.204 22
      vertex 124.024 7.23845 22
    endloop
  endfacet
  facet normal -0.0654841 -0.997854 0
    outer loop
      vertex 124.2 7.25 22
      vertex 124.376 7.23845 35.98
      vertex 124.2 7.25 35.98
    endloop
  endfacet
  facet normal -0.0654841 -0.997854 -0
    outer loop
      vertex 124.376 7.23845 35.98
      vertex 124.2 7.25 22
      vertex 124.376 7.23845 22
    endloop
  endfacet
  facet normal 0.98127 -0.192639 0
    outer loop
      vertex 122.862 6.07621 35.98
      vertex 122.896 6.2494 22
      vertex 122.896 6.2494 35.98
    endloop
  endfacet
  facet normal 0.98127 -0.192639 0
    outer loop
      vertex 122.896 6.2494 22
      vertex 122.862 6.07621 35.98
      vertex 122.862 6.07621 22
    endloop
  endfacet
  facet normal 0.897107 0.441813 0
    outer loop
      vertex 123.031 5.225 35.98
      vertex 122.953 5.38338 22
      vertex 122.953 5.38338 35.98
    endloop
  endfacet
  facet normal 0.897107 0.441813 0
    outer loop
      vertex 122.953 5.38338 22
      vertex 123.031 5.225 35.98
      vertex 123.031 5.225 22
    endloop
  endfacet
  facet normal -0.443169 0.896438 0
    outer loop
      vertex 124.875 4.73087 22
      vertex 124.717 4.65276 35.98
      vertex 124.875 4.73087 35.98
    endloop
  endfacet
  facet normal -0.443169 0.896438 0
    outer loop
      vertex 124.717 4.65276 35.98
      vertex 124.875 4.73087 22
      vertex 124.717 4.65276 22
    endloop
  endfacet
  facet normal -0.195298 -0.980744 0
    outer loop
      vertex 124.376 7.23845 22
      vertex 124.549 7.204 35.98
      vertex 124.376 7.23845 35.98
    endloop
  endfacet
  facet normal -0.195298 -0.980744 -0
    outer loop
      vertex 124.549 7.204 35.98
      vertex 124.376 7.23845 22
      vertex 124.549 7.204 22
    endloop
  endfacet
  facet normal 0.658713 0.752394 -0
    outer loop
      vertex 123.378 4.82897 22
      vertex 123.245 4.94541 35.98
      vertex 123.378 4.82897 35.98
    endloop
  endfacet
  facet normal 0.658713 0.752394 0
    outer loop
      vertex 123.245 4.94541 35.98
      vertex 123.378 4.82897 22
      vertex 123.245 4.94541 22
    endloop
  endfacet
  facet normal 0 0 1
    outer loop
      vertex 125.538 6.07621 22
      vertex 125.538 5.72379 22
      vertex 125.55 5.9 22
    endloop
  endfacet
  facet normal 0 0 1
    outer loop
      vertex 125.504 6.2494 22
      vertex 125.538 5.72379 22
      vertex 125.538 6.07621 22
    endloop
  endfacet
  facet normal 0 0 1
    outer loop
      vertex 125.504 6.2494 22
      vertex 125.504 5.55059 22
      vertex 125.538 5.72379 22
    endloop
  endfacet
  facet normal 0 0 1
    outer loop
      vertex 125.447 6.41662 22
      vertex 125.504 5.55059 22
      vertex 125.504 6.2494 22
    endloop
  endfacet
  facet normal 0 0 1
    outer loop
      vertex 125.447 6.41662 22
      vertex 125.447 5.38338 22
      vertex 125.504 5.55059 22
    endloop
  endfacet
  facet normal 0 0 1
    outer loop
      vertex 125.369 6.575 22
      vertex 125.447 5.38338 22
      vertex 125.447 6.41662 22
    endloop
  endfacet
  facet normal 0 0 1
    outer loop
      vertex 125.369 6.575 22
      vertex 125.369 5.225 22
      vertex 125.447 5.38338 22
    endloop
  endfacet
  facet normal 0 0 1
    outer loop
      vertex 125.271 6.72183 22
      vertex 125.369 5.225 22
      vertex 125.369 6.575 22
    endloop
  endfacet
  facet normal 0 0 1
    outer loop
      vertex 125.271 6.72183 22
      vertex 125.271 5.07817 22
      vertex 125.369 5.225 22
    endloop
  endfacet
  facet normal 0 0 1
    outer loop
      vertex 125.155 6.85459 22
      vertex 125.271 5.07817 22
      vertex 125.271 6.72183 22
    endloop
  endfacet
  facet normal 0 0 1
    outer loop
      vertex 125.155 6.85459 22
      vertex 125.155 4.94541 22
      vertex 125.271 5.07817 22
    endloop
  endfacet
  facet normal 0 0 1
    outer loop
      vertex 125.022 6.97103 22
      vertex 125.155 4.94541 22
      vertex 125.155 6.85459 22
    endloop
  endfacet
  facet normal 0 0 1
    outer loop
      vertex 125.022 6.97103 22
      vertex 125.022 4.82897 22
      vertex 125.155 4.94541 22
    endloop
  endfacet
  facet normal 0 0 1
    outer loop
      vertex 124.875 7.06913 22
      vertex 125.022 4.82897 22
      vertex 125.022 6.97103 22
    endloop
  endfacet
  facet normal 0 0 1
    outer loop
      vertex 124.875 7.06913 22
      vertex 124.875 4.73087 22
      vertex 125.022 4.82897 22
    endloop
  endfacet
  facet normal 0 0 1
    outer loop
      vertex 124.717 7.14724 22
      vertex 124.875 4.73087 22
      vertex 124.875 7.06913 22
    endloop
  endfacet
  facet normal 0 0 1
    outer loop
      vertex 124.717 7.14724 22
      vertex 124.717 4.65276 22
      vertex 124.875 4.73087 22
    endloop
  endfacet
  facet normal 0 0 1
    outer loop
      vertex 124.549 7.204 22
      vertex 124.717 4.65276 22
      vertex 124.717 7.14724 22
    endloop
  endfacet
  facet normal 0 0 1
    outer loop
      vertex 124.549 7.204 22
      vertex 124.549 4.596 22
      vertex 124.717 4.65276 22
    endloop
  endfacet
  facet normal 0 0 1
    outer loop
      vertex 124.376 7.23845 22
      vertex 124.549 4.596 22
      vertex 124.549 7.204 22
    endloop
  endfacet
  facet normal 0 0 1
    outer loop
      vertex 124.376 7.23845 22
      vertex 124.376 4.56155 22
      vertex 124.549 4.596 22
    endloop
  endfacet
  facet normal 0 0 1
    outer loop
      vertex 124.2 7.25 22
      vertex 124.376 4.56155 22
      vertex 124.376 7.23845 22
    endloop
  endfacet
  facet normal 0 0 1
    outer loop
      vertex 124.2 7.25 22
      vertex 124.2 4.55 22
      vertex 124.376 4.56155 22
    endloop
  endfacet
  facet normal -0 0 1
    outer loop
      vertex 124.024 7.23845 22
      vertex 124.2 4.55 22
      vertex 124.2 7.25 22
    endloop
  endfacet
  facet normal 0 0 1
    outer loop
      vertex 124.024 7.23845 22
      vertex 124.024 4.56155 22
      vertex 124.2 4.55 22
    endloop
  endfacet
  facet normal -0 0 1
    outer loop
      vertex 123.851 7.204 22
      vertex 124.024 4.56155 22
      vertex 124.024 7.23845 22
    endloop
  endfacet
  facet normal 0 0 1
    outer loop
      vertex 123.851 7.204 22
      vertex 123.851 4.596 22
      vertex 124.024 4.56155 22
    endloop
  endfacet
  facet normal -0 0 1
    outer loop
      vertex 123.683 7.14724 22
      vertex 123.851 4.596 22
      vertex 123.851 7.204 22
    endloop
  endfacet
  facet normal 0 0 1
    outer loop
      vertex 123.683 7.14724 22
      vertex 123.683 4.65276 22
      vertex 123.851 4.596 22
    endloop
  endfacet
  facet normal -0 0 1
    outer loop
      vertex 123.525 7.06913 22
      vertex 123.683 4.65276 22
      vertex 123.683 7.14724 22
    endloop
  endfacet
  facet normal 0 0 1
    outer loop
      vertex 123.525 7.06913 22
      vertex 123.525 4.73087 22
      vertex 123.683 4.65276 22
    endloop
  endfacet
  facet normal -0 0 1
    outer loop
      vertex 123.378 6.97103 22
      vertex 123.525 4.73087 22
      vertex 123.525 7.06913 22
    endloop
  endfacet
  facet normal 0 0 1
    outer loop
      vertex 123.378 6.97103 22
      vertex 123.378 4.82897 22
      vertex 123.525 4.73087 22
    endloop
  endfacet
  facet normal -0 0 1
    outer loop
      vertex 123.245 6.85459 22
      vertex 123.378 4.82897 22
      vertex 123.378 6.97103 22
    endloop
  endfacet
  facet normal 0 0 1
    outer loop
      vertex 123.245 6.85459 22
      vertex 123.245 4.94541 22
      vertex 123.378 4.82897 22
    endloop
  endfacet
  facet normal -0 0 1
    outer loop
      vertex 123.129 6.72183 22
      vertex 123.245 4.94541 22
      vertex 123.245 6.85459 22
    endloop
  endfacet
  facet normal 0 0 1
    outer loop
      vertex 123.129 6.72183 22
      vertex 123.129 5.07817 22
      vertex 123.245 4.94541 22
    endloop
  endfacet
  facet normal -0 0 1
    outer loop
      vertex 123.031 6.575 22
      vertex 123.129 5.07817 22
      vertex 123.129 6.72183 22
    endloop
  endfacet
  facet normal 0 0 1
    outer loop
      vertex 123.031 6.575 22
      vertex 123.031 5.225 22
      vertex 123.129 5.07817 22
    endloop
  endfacet
  facet normal -0 0 1
    outer loop
      vertex 122.953 6.41662 22
      vertex 123.031 5.225 22
      vertex 123.031 6.575 22
    endloop
  endfacet
  facet normal 0 0 1
    outer loop
      vertex 122.953 6.41662 22
      vertex 122.953 5.38338 22
      vertex 123.031 5.225 22
    endloop
  endfacet
  facet normal -0 0 1
    outer loop
      vertex 122.896 6.2494 22
      vertex 122.953 5.38338 22
      vertex 122.953 6.41662 22
    endloop
  endfacet
  facet normal 0 0 1
    outer loop
      vertex 122.896 6.2494 22
      vertex 122.896 5.55059 22
      vertex 122.953 5.38338 22
    endloop
  endfacet
  facet normal -0 0 1
    outer loop
      vertex 122.862 6.07621 22
      vertex 122.896 5.55059 22
      vertex 122.896 6.2494 22
    endloop
  endfacet
  facet normal 0 0 1
    outer loop
      vertex 122.862 6.07621 22
      vertex 122.862 5.72379 22
      vertex 122.896 5.55059 22
    endloop
  endfacet
  facet normal 0 -0 1
    outer loop
      vertex 122.862 5.72379 22
      vertex 122.862 6.07621 22
      vertex 122.85 5.9 22
    endloop
  endfacet
  facet normal -0.980667 -0.195685 0
    outer loop
      vertex 120.578 43.9294 2.4
      vertex 120.482 44.4105 35.98
      vertex 120.482 44.4105 2.4
    endloop
  endfacet
  facet normal -0.980667 -0.195685 0
    outer loop
      vertex 120.482 44.4105 35.98
      vertex 120.578 43.9294 2.4
      vertex 120.578 43.9294 35.98
    endloop
  endfacet
  facet normal 0.65911 -0.752046 0
    outer loop
      vertex 126.483 41.9249 21.19
      vertex 126.852 42.2483 35.98
      vertex 126.483 41.9249 35.98
    endloop
  endfacet
  facet normal 0.65911 -0.752046 0
    outer loop
      vertex 126.852 42.2483 35.98
      vertex 126.483 41.9249 21.19
      vertex 126.852 42.2483 21.19
    endloop
  endfacet
  facet normal -0.947349 0.320202 0
    outer loop
      vertex 120.578 45.8706 2.4
      vertex 120.735 46.3351 35.98
      vertex 120.735 46.3351 2.4
    endloop
  endfacet
  facet normal -0.947349 0.320202 0
    outer loop
      vertex 120.735 46.3351 35.98
      vertex 120.578 45.8706 2.4
      vertex 120.578 45.8706 35.98
    endloop
  endfacet
  facet normal 0.442151 -0.896941 0
    outer loop
      vertex 125.635 41.4355 21.19
      vertex 126.075 41.6524 35.98
      vertex 125.635 41.4355 35.98
    endloop
  endfacet
  facet normal 0.442151 -0.896941 0
    outer loop
      vertex 126.075 41.6524 35.98
      vertex 125.635 41.4355 21.19
      vertex 126.075 41.6524 21.19
    endloop
  endfacet
  facet normal -0.947349 -0.320202 0
    outer loop
      vertex 120.735 43.4649 2.4
      vertex 120.578 43.9294 35.98
      vertex 120.578 43.9294 2.4
    endloop
  endfacet
  facet normal -0.947349 -0.320202 0
    outer loop
      vertex 120.578 43.9294 35.98
      vertex 120.735 43.4649 2.4
      vertex 120.735 43.4649 35.98
    endloop
  endfacet
  facet normal 0.948229 -0.317589 0
    outer loop
      vertex 127.665 43.4649 35.98
      vertex 127.7 43.5694 2.4
      vertex 127.7 43.5694 35.98
    endloop
  endfacet
  facet normal 0.948229 -0.317589 0
    outer loop
      vertex 127.7 43.5694 2.4
      vertex 127.665 43.4649 35.98
      vertex 127.665 43.4649 2.4
    endloop
  endfacet
  facet normal -0.321793 -0.94681 0
    outer loop
      vertex 122.765 41.4355 21.19
      vertex 123.229 41.2778 35.98
      vertex 122.765 41.4355 35.98
    endloop
  endfacet
  facet normal -0.321793 -0.94681 -0
    outer loop
      vertex 123.229 41.2778 35.98
      vertex 122.765 41.4355 21.19
      vertex 123.229 41.2778 21.19
    endloop
  endfacet
  facet normal -0.831046 0.556204 0
    outer loop
      vertex 120.952 46.775 2.4
      vertex 121.225 47.1829 35.98
      vertex 121.225 47.1829 2.4
    endloop
  endfacet
  facet normal -0.831046 0.556204 0
    outer loop
      vertex 121.225 47.1829 35.98
      vertex 120.952 46.775 2.4
      vertex 120.952 46.775 35.98
    endloop
  endfacet
  facet normal -0.89682 0.442396 0
    outer loop
      vertex 120.735 46.3351 2.4
      vertex 120.952 46.775 35.98
      vertex 120.952 46.775 2.4
    endloop
  endfacet
  facet normal -0.89682 0.442396 0
    outer loop
      vertex 120.952 46.775 35.98
      vertex 120.735 46.3351 2.4
      vertex 120.735 46.3351 35.98
    endloop
  endfacet
  facet normal 0.752273 -0.658851 0
    outer loop
      vertex 126.852 42.2483 35.98
      vertex 127.175 42.6171 21.19
      vertex 127.175 42.6171 35.98
    endloop
  endfacet
  facet normal 0.752273 -0.658851 0
    outer loop
      vertex 127.175 42.6171 21.19
      vertex 126.852 42.2483 35.98
      vertex 126.852 42.2483 21.19
    endloop
  endfacet
  facet normal 0 0 1
    outer loop
      vertex 125.447 45.4166 35.98
      vertex 127.7 46.2306 35.98
      vertex 127.665 46.3351 35.98
    endloop
  endfacet
  facet normal 0 0 1
    outer loop
      vertex 127.7 46.2306 35.98
      vertex 125.55 44.9 35.98
      vertex 127.7 43.5694 35.98
    endloop
  endfacet
  facet normal 0 0 1
    outer loop
      vertex 125.447 45.4166 35.98
      vertex 127.665 46.3351 35.98
      vertex 127.448 46.775 35.98
    endloop
  endfacet
  facet normal -0 0 1
    outer loop
      vertex 125.538 44.7238 35.98
      vertex 127.7 43.5694 35.98
      vertex 125.55 44.9 35.98
    endloop
  endfacet
  facet normal 0 0 1
    outer loop
      vertex 125.369 45.575 35.98
      vertex 127.448 46.775 35.98
      vertex 127.175 47.1829 35.98
    endloop
  endfacet
  facet normal -0 0 1
    outer loop
      vertex 125.504 44.5506 35.98
      vertex 127.7 43.5694 35.98
      vertex 125.538 44.7238 35.98
    endloop
  endfacet
  facet normal 0 0 1
    outer loop
      vertex 125.271 45.7218 35.98
      vertex 127.175 47.1829 35.98
      vertex 126.852 47.5517 35.98
    endloop
  endfacet
  facet normal -0 0 1
    outer loop
      vertex 125.447 44.3834 35.98
      vertex 127.7 43.5694 35.98
      vertex 125.504 44.5506 35.98
    endloop
  endfacet
  facet normal 0 0 1
    outer loop
      vertex 125.155 45.8546 35.98
      vertex 126.852 47.5517 35.98
      vertex 126.483 47.8751 35.98
    endloop
  endfacet
  facet normal 0 0 1
    outer loop
      vertex 127.7 43.5694 35.98
      vertex 125.447 44.3834 35.98
      vertex 127.665 43.4649 35.98
    endloop
  endfacet
  facet normal 0 0 1
    outer loop
      vertex 125.022 45.971 35.98
      vertex 126.483 47.8751 35.98
      vertex 126.075 48.1476 35.98
    endloop
  endfacet
  facet normal 0 0 1
    outer loop
      vertex 127.665 43.4649 35.98
      vertex 125.447 44.3834 35.98
      vertex 127.448 43.025 35.98
    endloop
  endfacet
  facet normal 0 0 1
    outer loop
      vertex 124.875 46.0691 35.98
      vertex 126.075 48.1476 35.98
      vertex 125.635 48.3645 35.98
    endloop
  endfacet
  facet normal -0 0 1
    outer loop
      vertex 125.369 44.225 35.98
      vertex 127.448 43.025 35.98
      vertex 125.447 44.3834 35.98
    endloop
  endfacet
  facet normal 0 0 1
    outer loop
      vertex 127.448 43.025 35.98
      vertex 125.369 44.225 35.98
      vertex 127.175 42.6171 35.98
    endloop
  endfacet
  facet normal 0 0 1
    outer loop
      vertex 127.7 46.2306 35.98
      vertex 125.538 45.0762 35.98
      vertex 125.55 44.9 35.98
    endloop
  endfacet
  facet normal 0 0 1
    outer loop
      vertex 124.717 46.1472 35.98
      vertex 125.635 48.3645 35.98
      vertex 125.531 48.4 35.98
    endloop
  endfacet
  facet normal 0 0 1
    outer loop
      vertex 127.7 46.2306 35.98
      vertex 125.504 45.2494 35.98
      vertex 125.538 45.0762 35.98
    endloop
  endfacet
  facet normal 0 0 1
    outer loop
      vertex 127.7 46.2306 35.98
      vertex 125.447 45.4166 35.98
      vertex 125.504 45.2494 35.98
    endloop
  endfacet
  facet normal 0 0 1
    outer loop
      vertex 127.448 46.775 35.98
      vertex 125.369 45.575 35.98
      vertex 125.447 45.4166 35.98
    endloop
  endfacet
  facet normal 0 0 1
    outer loop
      vertex 127.175 47.1829 35.98
      vertex 125.271 45.7218 35.98
      vertex 125.369 45.575 35.98
    endloop
  endfacet
  facet normal 0 0 1
    outer loop
      vertex 126.852 47.5517 35.98
      vertex 125.155 45.8546 35.98
      vertex 125.271 45.7218 35.98
    endloop
  endfacet
  facet normal 0 0 1
    outer loop
      vertex 126.483 47.8751 35.98
      vertex 125.022 45.971 35.98
      vertex 125.155 45.8546 35.98
    endloop
  endfacet
  facet normal 0 0 1
    outer loop
      vertex 126.075 48.1476 35.98
      vertex 124.875 46.0691 35.98
      vertex 125.022 45.971 35.98
    endloop
  endfacet
  facet normal 0 0 1
    outer loop
      vertex 125.635 48.3645 35.98
      vertex 124.717 46.1472 35.98
      vertex 124.875 46.0691 35.98
    endloop
  endfacet
  facet normal 0 0 1
    outer loop
      vertex 125.531 48.4 35.98
      vertex 124.549 46.204 35.98
      vertex 124.717 46.1472 35.98
    endloop
  endfacet
  facet normal 0 0 1
    outer loop
      vertex 125.531 48.4 35.98
      vertex 124.376 46.2384 35.98
      vertex 124.549 46.204 35.98
    endloop
  endfacet
  facet normal 0 0 1
    outer loop
      vertex 125.531 48.4 35.98
      vertex 124.2 46.25 35.98
      vertex 124.376 46.2384 35.98
    endloop
  endfacet
  facet normal -0 0 1
    outer loop
      vertex 122.869 48.4 35.98
      vertex 124.2 46.25 35.98
      vertex 125.531 48.4 35.98
    endloop
  endfacet
  facet normal 0 0 1
    outer loop
      vertex 124.2 46.25 35.98
      vertex 122.869 48.4 35.98
      vertex 124.024 46.2384 35.98
    endloop
  endfacet
  facet normal 0 0 1
    outer loop
      vertex 124.024 46.2384 35.98
      vertex 122.869 48.4 35.98
      vertex 123.851 46.204 35.98
    endloop
  endfacet
  facet normal 0 0 1
    outer loop
      vertex 123.851 46.204 35.98
      vertex 122.869 48.4 35.98
      vertex 123.683 46.1472 35.98
    endloop
  endfacet
  facet normal -0 0 1
    outer loop
      vertex 122.765 48.3645 35.98
      vertex 123.683 46.1472 35.98
      vertex 122.869 48.4 35.98
    endloop
  endfacet
  facet normal 0 0 1
    outer loop
      vertex 123.683 46.1472 35.98
      vertex 122.765 48.3645 35.98
      vertex 123.525 46.0691 35.98
    endloop
  endfacet
  facet normal -0 0 1
    outer loop
      vertex 122.325 48.1476 35.98
      vertex 123.525 46.0691 35.98
      vertex 122.765 48.3645 35.98
    endloop
  endfacet
  facet normal 0 0 1
    outer loop
      vertex 123.525 46.0691 35.98
      vertex 122.325 48.1476 35.98
      vertex 123.378 45.971 35.98
    endloop
  endfacet
  facet normal -0 0 1
    outer loop
      vertex 121.917 47.8751 35.98
      vertex 123.378 45.971 35.98
      vertex 122.325 48.1476 35.98
    endloop
  endfacet
  facet normal 0 0 1
    outer loop
      vertex 123.378 45.971 35.98
      vertex 121.917 47.8751 35.98
      vertex 123.245 45.8546 35.98
    endloop
  endfacet
  facet normal -0 0 1
    outer loop
      vertex 121.548 47.5517 35.98
      vertex 123.245 45.8546 35.98
      vertex 121.917 47.8751 35.98
    endloop
  endfacet
  facet normal 0 0 1
    outer loop
      vertex 123.245 45.8546 35.98
      vertex 121.548 47.5517 35.98
      vertex 123.129 45.7218 35.98
    endloop
  endfacet
  facet normal -0 0 1
    outer loop
      vertex 121.225 47.1829 35.98
      vertex 123.129 45.7218 35.98
      vertex 121.548 47.5517 35.98
    endloop
  endfacet
  facet normal 0 0 1
    outer loop
      vertex 123.129 45.7218 35.98
      vertex 121.225 47.1829 35.98
      vertex 123.031 45.575 35.98
    endloop
  endfacet
  facet normal -0 0 1
    outer loop
      vertex 125.271 44.0782 35.98
      vertex 127.175 42.6171 35.98
      vertex 125.369 44.225 35.98
    endloop
  endfacet
  facet normal 0 0 1
    outer loop
      vertex 127.175 42.6171 35.98
      vertex 125.271 44.0782 35.98
      vertex 126.852 42.2483 35.98
    endloop
  endfacet
  facet normal -0 0 1
    outer loop
      vertex 125.155 43.9454 35.98
      vertex 126.852 42.2483 35.98
      vertex 125.271 44.0782 35.98
    endloop
  endfacet
  facet normal 0 0 1
    outer loop
      vertex 126.852 42.2483 35.98
      vertex 125.155 43.9454 35.98
      vertex 126.483 41.9249 35.98
    endloop
  endfacet
  facet normal -0 0 1
    outer loop
      vertex 125.022 43.829 35.98
      vertex 126.483 41.9249 35.98
      vertex 125.155 43.9454 35.98
    endloop
  endfacet
  facet normal 0 0 1
    outer loop
      vertex 126.483 41.9249 35.98
      vertex 125.022 43.829 35.98
      vertex 126.075 41.6524 35.98
    endloop
  endfacet
  facet normal -0 0 1
    outer loop
      vertex 124.875 43.7309 35.98
      vertex 126.075 41.6524 35.98
      vertex 125.022 43.829 35.98
    endloop
  endfacet
  facet normal 0 0 1
    outer loop
      vertex 126.075 41.6524 35.98
      vertex 124.875 43.7309 35.98
      vertex 125.635 41.4355 35.98
    endloop
  endfacet
  facet normal -0 0 1
    outer loop
      vertex 124.717 43.6528 35.98
      vertex 125.635 41.4355 35.98
      vertex 124.875 43.7309 35.98
    endloop
  endfacet
  facet normal 0 0 1
    outer loop
      vertex 125.635 41.4355 35.98
      vertex 124.717 43.6528 35.98
      vertex 125.171 41.2778 35.98
    endloop
  endfacet
  facet normal -0 0 1
    outer loop
      vertex 124.549 43.596 35.98
      vertex 125.171 41.2778 35.98
      vertex 124.717 43.6528 35.98
    endloop
  endfacet
  facet normal 0 0 1
    outer loop
      vertex 125.171 41.2778 35.98
      vertex 124.549 43.596 35.98
      vertex 124.689 41.1821 35.98
    endloop
  endfacet
  facet normal -0 0 1
    outer loop
      vertex 124.376 43.5616 35.98
      vertex 124.689 41.1821 35.98
      vertex 124.549 43.596 35.98
    endloop
  endfacet
  facet normal -0 0 1
    outer loop
      vertex 124.2 43.55 35.98
      vertex 124.689 41.1821 35.98
      vertex 124.376 43.5616 35.98
    endloop
  endfacet
  facet normal 0 0 1
    outer loop
      vertex 124.2 43.55 35.98
      vertex 124.2 41.15 35.98
      vertex 124.689 41.1821 35.98
    endloop
  endfacet
  facet normal 0 0 1
    outer loop
      vertex 124.024 43.5616 35.98
      vertex 124.2 41.15 35.98
      vertex 124.2 43.55 35.98
    endloop
  endfacet
  facet normal 0 0 1
    outer loop
      vertex 123.711 41.1821 35.98
      vertex 124.024 43.5616 35.98
      vertex 123.851 43.596 35.98
    endloop
  endfacet
  facet normal 0 0 1
    outer loop
      vertex 124.024 43.5616 35.98
      vertex 123.711 41.1821 35.98
      vertex 124.2 41.15 35.98
    endloop
  endfacet
  facet normal 0 0 1
    outer loop
      vertex 123.229 41.2778 35.98
      vertex 123.851 43.596 35.98
      vertex 123.683 43.6528 35.98
    endloop
  endfacet
  facet normal 0 0 1
    outer loop
      vertex 122.765 41.4355 35.98
      vertex 123.683 43.6528 35.98
      vertex 123.525 43.7309 35.98
    endloop
  endfacet
  facet normal 0 0 1
    outer loop
      vertex 122.325 41.6524 35.98
      vertex 123.525 43.7309 35.98
      vertex 123.378 43.829 35.98
    endloop
  endfacet
  facet normal 0 0 1
    outer loop
      vertex 121.917 41.9249 35.98
      vertex 123.378 43.829 35.98
      vertex 123.245 43.9454 35.98
    endloop
  endfacet
  facet normal 0 0 1
    outer loop
      vertex 123.851 43.596 35.98
      vertex 123.229 41.2778 35.98
      vertex 123.711 41.1821 35.98
    endloop
  endfacet
  facet normal 0 0 1
    outer loop
      vertex 121.548 42.2483 35.98
      vertex 123.245 43.9454 35.98
      vertex 123.129 44.0782 35.98
    endloop
  endfacet
  facet normal 0 0 1
    outer loop
      vertex 121.225 42.6171 35.98
      vertex 123.129 44.0782 35.98
      vertex 123.031 44.225 35.98
    endloop
  endfacet
  facet normal 0 0 1
    outer loop
      vertex 120.952 43.025 35.98
      vertex 123.031 44.225 35.98
      vertex 122.953 44.3834 35.98
    endloop
  endfacet
  facet normal 0 0 1
    outer loop
      vertex 120.735 43.4649 35.98
      vertex 122.953 44.3834 35.98
      vertex 122.896 44.5506 35.98
    endloop
  endfacet
  facet normal 0 0 1
    outer loop
      vertex 120.578 43.9294 35.98
      vertex 122.896 44.5506 35.98
      vertex 122.862 44.7238 35.98
    endloop
  endfacet
  facet normal 0 0 1
    outer loop
      vertex 123.683 43.6528 35.98
      vertex 122.765 41.4355 35.98
      vertex 123.229 41.2778 35.98
    endloop
  endfacet
  facet normal 0 0 1
    outer loop
      vertex 120.482 44.4105 35.98
      vertex 122.862 44.7238 35.98
      vertex 122.85 44.9 35.98
    endloop
  endfacet
  facet normal -0 0 1
    outer loop
      vertex 120.952 46.775 35.98
      vertex 123.031 45.575 35.98
      vertex 121.225 47.1829 35.98
    endloop
  endfacet
  facet normal 0 0 1
    outer loop
      vertex 123.031 45.575 35.98
      vertex 120.952 46.775 35.98
      vertex 122.953 45.4166 35.98
    endloop
  endfacet
  facet normal 0 0 1
    outer loop
      vertex 123.525 43.7309 35.98
      vertex 122.325 41.6524 35.98
      vertex 122.765 41.4355 35.98
    endloop
  endfacet
  facet normal -0 0 1
    outer loop
      vertex 120.735 46.3351 35.98
      vertex 122.953 45.4166 35.98
      vertex 120.952 46.775 35.98
    endloop
  endfacet
  facet normal 0 0 1
    outer loop
      vertex 123.378 43.829 35.98
      vertex 121.917 41.9249 35.98
      vertex 122.325 41.6524 35.98
    endloop
  endfacet
  facet normal 0 0 1
    outer loop
      vertex 122.953 45.4166 35.98
      vertex 120.735 46.3351 35.98
      vertex 122.896 45.2494 35.98
    endloop
  endfacet
  facet normal 0 0 1
    outer loop
      vertex 123.245 43.9454 35.98
      vertex 121.548 42.2483 35.98
      vertex 121.917 41.9249 35.98
    endloop
  endfacet
  facet normal -0 0 1
    outer loop
      vertex 120.578 45.8706 35.98
      vertex 122.896 45.2494 35.98
      vertex 120.735 46.3351 35.98
    endloop
  endfacet
  facet normal 0 0 1
    outer loop
      vertex 123.129 44.0782 35.98
      vertex 121.225 42.6171 35.98
      vertex 121.548 42.2483 35.98
    endloop
  endfacet
  facet normal 0 0 1
    outer loop
      vertex 122.896 45.2494 35.98
      vertex 120.578 45.8706 35.98
      vertex 122.862 45.0762 35.98
    endloop
  endfacet
  facet normal 0 0 1
    outer loop
      vertex 123.031 44.225 35.98
      vertex 120.952 43.025 35.98
      vertex 121.225 42.6171 35.98
    endloop
  endfacet
  facet normal -0 0 1
    outer loop
      vertex 120.482 45.3895 35.98
      vertex 122.862 45.0762 35.98
      vertex 120.578 45.8706 35.98
    endloop
  endfacet
  facet normal 0 0 1
    outer loop
      vertex 122.953 44.3834 35.98
      vertex 120.735 43.4649 35.98
      vertex 120.952 43.025 35.98
    endloop
  endfacet
  facet normal 0 0 1
    outer loop
      vertex 122.862 45.0762 35.98
      vertex 120.482 45.3895 35.98
      vertex 122.85 44.9 35.98
    endloop
  endfacet
  facet normal 0 0 1
    outer loop
      vertex 122.896 44.5506 35.98
      vertex 120.578 43.9294 35.98
      vertex 120.735 43.4649 35.98
    endloop
  endfacet
  facet normal 0 0 1
    outer loop
      vertex 120.45 44.9 35.98
      vertex 122.85 44.9 35.98
      vertex 120.482 45.3895 35.98
    endloop
  endfacet
  facet normal 0 0 1
    outer loop
      vertex 122.862 44.7238 35.98
      vertex 120.482 44.4105 35.98
      vertex 120.578 43.9294 35.98
    endloop
  endfacet
  facet normal 0 0 1
    outer loop
      vertex 122.85 44.9 35.98
      vertex 120.45 44.9 35.98
      vertex 120.482 44.4105 35.98
    endloop
  endfacet
  facet normal -0.555406 0.83158 0
    outer loop
      vertex 122.325 48.1476 2.4
      vertex 121.917 47.8751 35.98
      vertex 122.325 48.1476 35.98
    endloop
  endfacet
  facet normal -0.555406 0.83158 0
    outer loop
      vertex 121.917 47.8751 35.98
      vertex 122.325 48.1476 2.4
      vertex 121.917 47.8751 2.4
    endloop
  endfacet
  facet normal 0.89682 0.442396 0
    outer loop
      vertex 127.665 46.3351 35.98
      vertex 127.448 46.775 2.4
      vertex 127.448 46.775 35.98
    endloop
  endfacet
  facet normal 0.89682 0.442396 0
    outer loop
      vertex 127.448 46.775 2.4
      vertex 127.665 46.3351 35.98
      vertex 127.665 46.3351 2.4
    endloop
  endfacet
  facet normal -0.752273 -0.658851 0
    outer loop
      vertex 121.548 42.2483 2.4
      vertex 121.225 42.6171 35.98
      vertex 121.225 42.6171 2.4
    endloop
  endfacet
  facet normal -0.752273 -0.658851 0
    outer loop
      vertex 121.225 42.6171 35.98
      vertex 121.548 42.2483 2.4
      vertex 121.548 42.2483 35.98
    endloop
  endfacet
  facet normal 0.65911 0.752046 -0
    outer loop
      vertex 126.852 47.5517 2.4
      vertex 126.483 47.8751 35.98
      vertex 126.852 47.5517 35.98
    endloop
  endfacet
  facet normal 0.65911 0.752046 0
    outer loop
      vertex 126.483 47.8751 35.98
      vertex 126.852 47.5517 2.4
      vertex 126.483 47.8751 2.4
    endloop
  endfacet
  facet normal 0.831046 0.556204 0
    outer loop
      vertex 127.448 46.775 35.98
      vertex 127.175 47.1829 2.4
      vertex 127.175 47.1829 35.98
    endloop
  endfacet
  facet normal 0.831046 0.556204 0
    outer loop
      vertex 127.175 47.1829 2.4
      vertex 127.448 46.775 35.98
      vertex 127.448 46.775 2.4
    endloop
  endfacet
  facet normal 0.321793 -0.94681 0
    outer loop
      vertex 125.171 41.2778 21.19
      vertex 125.635 41.4355 35.98
      vertex 125.171 41.2778 35.98
    endloop
  endfacet
  facet normal 0.321793 -0.94681 0
    outer loop
      vertex 125.635 41.4355 35.98
      vertex 125.171 41.2778 21.19
      vertex 125.635 41.4355 21.19
    endloop
  endfacet
  facet normal -0.831046 -0.556204 0
    outer loop
      vertex 121.225 42.6171 2.4
      vertex 120.952 43.025 35.98
      vertex 120.952 43.025 2.4
    endloop
  endfacet
  facet normal -0.831046 -0.556204 0
    outer loop
      vertex 120.952 43.025 35.98
      vertex 121.225 42.6171 2.4
      vertex 121.225 42.6171 35.98
    endloop
  endfacet
  facet normal 0.831046 -0.556204 0
    outer loop
      vertex 127.175 42.6171 35.98
      vertex 127.448 43.025 21.19
      vertex 127.448 43.025 35.98
    endloop
  endfacet
  facet normal 0.831046 -0.556204 0
    outer loop
      vertex 127.448 43.025 21.19
      vertex 127.175 42.6171 35.98
      vertex 127.175 42.6171 21.19
    endloop
  endfacet
  facet normal -0.65911 -0.752046 0
    outer loop
      vertex 121.548 42.2483 2.4
      vertex 121.917 41.9249 35.98
      vertex 121.548 42.2483 35.98
    endloop
  endfacet
  facet normal -0.65911 -0.752046 -0
    outer loop
      vertex 121.917 41.9249 35.98
      vertex 121.548 42.2483 2.4
      vertex 121.917 41.9249 2.4
    endloop
  endfacet
  facet normal 0.194746 -0.980854 0
    outer loop
      vertex 124.689 41.1821 21.19
      vertex 125.171 41.2778 35.98
      vertex 124.689 41.1821 35.98
    endloop
  endfacet
  facet normal 0.194746 -0.980854 0
    outer loop
      vertex 125.171 41.2778 35.98
      vertex 124.689 41.1821 21.19
      vertex 125.171 41.2778 21.19
    endloop
  endfacet
  facet normal -0.99787 0.0652336 0
    outer loop
      vertex 120.45 44.9 2.4
      vertex 120.482 45.3895 35.98
      vertex 120.482 45.3895 2.4
    endloop
  endfacet
  facet normal -0.99787 0.0652336 0
    outer loop
      vertex 120.482 45.3895 35.98
      vertex 120.45 44.9 2.4
      vertex 120.45 44.9 35.98
    endloop
  endfacet
  facet normal -0.99787 -0.0652336 0
    outer loop
      vertex 120.482 44.4105 2.4
      vertex 120.45 44.9 35.98
      vertex 120.45 44.9 2.4
    endloop
  endfacet
  facet normal -0.99787 -0.0652336 0
    outer loop
      vertex 120.45 44.9 35.98
      vertex 120.482 44.4105 2.4
      vertex 120.482 44.4105 35.98
    endloop
  endfacet
  facet normal -0.194746 -0.980854 0
    outer loop
      vertex 123.229 41.2778 21.19
      vertex 123.711 41.1821 35.98
      vertex 123.229 41.2778 35.98
    endloop
  endfacet
  facet normal -0.194746 -0.980854 -0
    outer loop
      vertex 123.711 41.1821 35.98
      vertex 123.229 41.2778 21.19
      vertex 123.711 41.1821 21.19
    endloop
  endfacet
  facet normal 0.555406 0.83158 -0
    outer loop
      vertex 126.483 47.8751 2.4
      vertex 126.075 48.1476 35.98
      vertex 126.483 47.8751 35.98
    endloop
  endfacet
  facet normal 0.555406 0.83158 0
    outer loop
      vertex 126.075 48.1476 35.98
      vertex 126.483 47.8751 2.4
      vertex 126.075 48.1476 2.4
    endloop
  endfacet
  facet normal 0.555406 -0.83158 0
    outer loop
      vertex 126.075 41.6524 21.19
      vertex 126.483 41.9249 35.98
      vertex 126.075 41.6524 35.98
    endloop
  endfacet
  facet normal 0.555406 -0.83158 0
    outer loop
      vertex 126.483 41.9249 35.98
      vertex 126.075 41.6524 21.19
      vertex 126.483 41.9249 21.19
    endloop
  endfacet
  facet normal -0.442151 0.896941 0
    outer loop
      vertex 122.765 48.3645 2.4
      vertex 122.325 48.1476 35.98
      vertex 122.765 48.3645 35.98
    endloop
  endfacet
  facet normal -0.442151 0.896941 0
    outer loop
      vertex 122.325 48.1476 35.98
      vertex 122.765 48.3645 2.4
      vertex 122.325 48.1476 2.4
    endloop
  endfacet
  facet normal 0.442151 0.896941 -0
    outer loop
      vertex 126.075 48.1476 2.4
      vertex 125.635 48.3645 35.98
      vertex 126.075 48.1476 35.98
    endloop
  endfacet
  facet normal 0.442151 0.896941 0
    outer loop
      vertex 125.635 48.3645 35.98
      vertex 126.075 48.1476 2.4
      vertex 125.635 48.3645 2.4
    endloop
  endfacet
  facet normal -0.555406 -0.83158 -7.57946e-07
    outer loop
      vertex 121.917 41.9249 35.98
      vertex 122.2 41.7359 21.19
      vertex 122.325 41.6524 35.98
    endloop
  endfacet
  facet normal -0.555378 -0.831598 0
    outer loop
      vertex 121.917 41.9249 2.4
      vertex 122.2 41.7359 21.19
      vertex 121.917 41.9249 35.98
    endloop
  endfacet
  facet normal -0.555378 -0.831598 -0
    outer loop
      vertex 122.2 41.7359 21.19
      vertex 121.917 41.9249 2.4
      vertex 122.2 41.7359 2.4
    endloop
  endfacet
  facet normal -0.555468 -0.831538 -0
    outer loop
      vertex 122.325 41.6524 35.98
      vertex 122.2 41.7359 21.19
      vertex 122.325 41.6524 21.19
    endloop
  endfacet
  facet normal 0.323044 0.946384 -0
    outer loop
      vertex 125.635 48.3645 2.4
      vertex 125.531 48.4 35.98
      vertex 125.635 48.3645 35.98
    endloop
  endfacet
  facet normal 0.323044 0.946384 0
    outer loop
      vertex 125.531 48.4 35.98
      vertex 125.635 48.3645 2.4
      vertex 125.531 48.4 2.4
    endloop
  endfacet
  facet normal 0.948229 0.317589 0
    outer loop
      vertex 127.7 46.2306 35.98
      vertex 127.665 46.3351 2.4
      vertex 127.665 46.3351 35.98
    endloop
  endfacet
  facet normal 0.948229 0.317589 0
    outer loop
      vertex 127.665 46.3351 2.4
      vertex 127.7 46.2306 35.98
      vertex 127.7 46.2306 2.4
    endloop
  endfacet
  facet normal -0.323044 0.946384 0
    outer loop
      vertex 122.869 48.4 2.4
      vertex 122.765 48.3645 35.98
      vertex 122.869 48.4 35.98
    endloop
  endfacet
  facet normal -0.323044 0.946384 0
    outer loop
      vertex 122.765 48.3645 35.98
      vertex 122.869 48.4 2.4
      vertex 122.765 48.3645 2.4
    endloop
  endfacet
  facet normal 0.752273 0.658851 0
    outer loop
      vertex 127.175 47.1829 35.98
      vertex 126.852 47.5517 2.4
      vertex 126.852 47.5517 35.98
    endloop
  endfacet
  facet normal 0.752273 0.658851 0
    outer loop
      vertex 126.852 47.5517 2.4
      vertex 127.175 47.1829 35.98
      vertex 127.175 47.1829 2.4
    endloop
  endfacet
  facet normal 0.0655032 -0.997852 0
    outer loop
      vertex 124.2 41.15 21.19
      vertex 124.689 41.1821 35.98
      vertex 124.2 41.15 35.98
    endloop
  endfacet
  facet normal 0.0655032 -0.997852 0
    outer loop
      vertex 124.689 41.1821 35.98
      vertex 124.2 41.15 21.19
      vertex 124.689 41.1821 21.19
    endloop
  endfacet
  facet normal -0.752273 0.658851 0
    outer loop
      vertex 121.225 47.1829 2.4
      vertex 121.548 47.5517 35.98
      vertex 121.548 47.5517 2.4
    endloop
  endfacet
  facet normal -0.752273 0.658851 0
    outer loop
      vertex 121.548 47.5517 35.98
      vertex 121.225 47.1829 2.4
      vertex 121.225 47.1829 35.98
    endloop
  endfacet
  facet normal -0.65911 0.752046 0
    outer loop
      vertex 121.917 47.8751 2.4
      vertex 121.548 47.5517 35.98
      vertex 121.917 47.8751 35.98
    endloop
  endfacet
  facet normal -0.65911 0.752046 0
    outer loop
      vertex 121.548 47.5517 35.98
      vertex 121.917 47.8751 2.4
      vertex 121.548 47.5517 2.4
    endloop
  endfacet
  facet normal -0.0655032 -0.997852 0
    outer loop
      vertex 123.711 41.1821 21.19
      vertex 124.2 41.15 35.98
      vertex 123.711 41.1821 35.98
    endloop
  endfacet
  facet normal -0.0655032 -0.997852 -0
    outer loop
      vertex 124.2 41.15 35.98
      vertex 123.711 41.1821 21.19
      vertex 124.2 41.15 21.19
    endloop
  endfacet
  facet normal -0.980667 0.195685 0
    outer loop
      vertex 120.482 45.3895 2.4
      vertex 120.578 45.8706 35.98
      vertex 120.578 45.8706 2.4
    endloop
  endfacet
  facet normal -0.980667 0.195685 0
    outer loop
      vertex 120.578 45.8706 35.98
      vertex 120.482 45.3895 2.4
      vertex 120.482 45.3895 35.98
    endloop
  endfacet
  facet normal 0.896901 -0.442232 0
    outer loop
      vertex 127.665 43.4649 35.98
      vertex 127.633 43.4 21.19
      vertex 127.665 43.4649 2.4
    endloop
  endfacet
  facet normal 0.89682 -0.442396 8.95976e-07
    outer loop
      vertex 127.448 43.025 35.98
      vertex 127.633 43.4 21.19
      vertex 127.665 43.4649 35.98
    endloop
  endfacet
  facet normal 0.896806 -0.442424 0
    outer loop
      vertex 127.633 43.4 21.19
      vertex 127.448 43.025 35.98
      vertex 127.448 43.025 21.19
    endloop
  endfacet
  facet normal 0.896901 -0.442232 0
    outer loop
      vertex 127.665 43.4649 2.4
      vertex 127.633 43.4 21.19
      vertex 127.633 43.4 2.4
    endloop
  endfacet
  facet normal -0.442151 -0.896941 0
    outer loop
      vertex 122.325 41.6524 21.19
      vertex 122.765 41.4355 35.98
      vertex 122.325 41.6524 35.98
    endloop
  endfacet
  facet normal -0.442151 -0.896941 -0
    outer loop
      vertex 122.765 41.4355 35.98
      vertex 122.325 41.6524 21.19
      vertex 122.765 41.4355 21.19
    endloop
  endfacet
  facet normal -0.89682 -0.442396 0
    outer loop
      vertex 120.952 43.025 2.4
      vertex 120.735 43.4649 35.98
      vertex 120.735 43.4649 2.4
    endloop
  endfacet
  facet normal -0.89682 -0.442396 0
    outer loop
      vertex 120.735 43.4649 35.98
      vertex 120.952 43.025 2.4
      vertex 120.952 43.025 35.98
    endloop
  endfacet
  facet normal -0.981272 -0.192628 0
    outer loop
      vertex 125.538 45.0762 22
      vertex 125.504 45.2494 35.98
      vertex 125.504 45.2494 22
    endloop
  endfacet
  facet normal -0.981272 -0.192628 0
    outer loop
      vertex 125.504 45.2494 35.98
      vertex 125.538 45.0762 22
      vertex 125.538 45.0762 35.98
    endloop
  endfacet
  facet normal -0.997689 -0.067947 0
    outer loop
      vertex 125.55 44.9 22
      vertex 125.538 45.0762 35.98
      vertex 125.538 45.0762 22
    endloop
  endfacet
  facet normal -0.997689 -0.067947 0
    outer loop
      vertex 125.538 45.0762 35.98
      vertex 125.55 44.9 22
      vertex 125.55 44.9 35.98
    endloop
  endfacet
  facet normal -0.753139 0.657862 0
    outer loop
      vertex 125.155 43.9454 22
      vertex 125.271 44.0782 35.98
      vertex 125.271 44.0782 22
    endloop
  endfacet
  facet normal -0.753139 0.657862 0
    outer loop
      vertex 125.271 44.0782 35.98
      vertex 125.155 43.9454 22
      vertex 125.155 43.9454 35.98
    endloop
  endfacet
  facet normal 0.320285 0.947321 -0
    outer loop
      vertex 123.851 43.596 22
      vertex 123.683 43.6528 35.98
      vertex 123.851 43.596 35.98
    endloop
  endfacet
  facet normal 0.320285 0.947321 0
    outer loop
      vertex 123.683 43.6528 35.98
      vertex 123.851 43.596 22
      vertex 123.683 43.6528 22
    endloop
  endfacet
  facet normal -0.831701 -0.555223 0
    outer loop
      vertex 125.369 45.575 22
      vertex 125.271 45.7218 35.98
      vertex 125.271 45.7218 22
    endloop
  endfacet
  facet normal -0.831701 -0.555223 0
    outer loop
      vertex 125.271 45.7218 35.98
      vertex 125.369 45.575 22
      vertex 125.369 45.575 35.98
    endloop
  endfacet
  facet normal -0.981272 0.192628 0
    outer loop
      vertex 125.504 44.5506 22
      vertex 125.538 44.7238 35.98
      vertex 125.538 44.7238 22
    endloop
  endfacet
  facet normal -0.981272 0.192628 0
    outer loop
      vertex 125.538 44.7238 35.98
      vertex 125.504 44.5506 22
      vertex 125.504 44.5506 35.98
    endloop
  endfacet
  facet normal 0.195026 0.980798 -0
    outer loop
      vertex 124.024 43.5616 22
      vertex 123.851 43.596 35.98
      vertex 124.024 43.5616 35.98
    endloop
  endfacet
  facet normal 0.195026 0.980798 0
    outer loop
      vertex 123.851 43.596 35.98
      vertex 124.024 43.5616 22
      vertex 123.851 43.596 22
    endloop
  endfacet
  facet normal -0.897129 0.441768 0
    outer loop
      vertex 125.369 44.225 22
      vertex 125.447 44.3834 35.98
      vertex 125.447 44.3834 22
    endloop
  endfacet
  facet normal -0.897129 0.441768 0
    outer loop
      vertex 125.447 44.3834 35.98
      vertex 125.369 44.225 22
      vertex 125.369 44.225 35.98
    endloop
  endfacet
  facet normal -0.658585 0.752507 0
    outer loop
      vertex 125.155 43.9454 22
      vertex 125.022 43.829 35.98
      vertex 125.155 43.9454 35.98
    endloop
  endfacet
  facet normal -0.658585 0.752507 0
    outer loop
      vertex 125.022 43.829 35.98
      vertex 125.155 43.9454 22
      vertex 125.022 43.829 22
    endloop
  endfacet
  facet normal -0.0657664 0.997835 0
    outer loop
      vertex 124.376 43.5616 22
      vertex 124.2 43.55 35.98
      vertex 124.376 43.5616 35.98
    endloop
  endfacet
  facet normal -0.0657664 0.997835 0
    outer loop
      vertex 124.2 43.55 35.98
      vertex 124.376 43.5616 22
      vertex 124.2 43.55 22
    endloop
  endfacet
  facet normal -0.897129 -0.441768 0
    outer loop
      vertex 125.447 45.4166 22
      vertex 125.369 45.575 35.98
      vertex 125.369 45.575 22
    endloop
  endfacet
  facet normal -0.897129 -0.441768 0
    outer loop
      vertex 125.369 45.575 35.98
      vertex 125.447 45.4166 22
      vertex 125.447 45.4166 35.98
    endloop
  endfacet
  facet normal -0.658585 -0.752507 0
    outer loop
      vertex 125.022 45.971 22
      vertex 125.155 45.8546 35.98
      vertex 125.022 45.971 35.98
    endloop
  endfacet
  facet normal -0.658585 -0.752507 -0
    outer loop
      vertex 125.155 45.8546 35.98
      vertex 125.022 45.971 22
      vertex 125.155 45.8546 22
    endloop
  endfacet
  facet normal 0.443124 0.89646 -0
    outer loop
      vertex 123.683 43.6528 22
      vertex 123.525 43.7309 35.98
      vertex 123.683 43.6528 35.98
    endloop
  endfacet
  facet normal 0.443124 0.89646 0
    outer loop
      vertex 123.525 43.7309 35.98
      vertex 123.683 43.6528 22
      vertex 123.525 43.7309 22
    endloop
  endfacet
  facet normal -0.320285 0.947321 0
    outer loop
      vertex 124.717 43.6528 22
      vertex 124.549 43.596 35.98
      vertex 124.717 43.6528 35.98
    endloop
  endfacet
  facet normal -0.320285 0.947321 0
    outer loop
      vertex 124.549 43.596 35.98
      vertex 124.717 43.6528 22
      vertex 124.549 43.596 22
    endloop
  endfacet
  facet normal 0.753139 -0.657862 0
    outer loop
      vertex 123.129 45.7218 35.98
      vertex 123.245 45.8546 22
      vertex 123.245 45.8546 35.98
    endloop
  endfacet
  facet normal 0.753139 -0.657862 0
    outer loop
      vertex 123.245 45.8546 22
      vertex 123.129 45.7218 35.98
      vertex 123.129 45.7218 22
    endloop
  endfacet
  facet normal -0.753139 -0.657862 0
    outer loop
      vertex 125.271 45.7218 22
      vertex 125.155 45.8546 35.98
      vertex 125.155 45.8546 22
    endloop
  endfacet
  facet normal -0.753139 -0.657862 0
    outer loop
      vertex 125.155 45.8546 35.98
      vertex 125.271 45.7218 22
      vertex 125.271 45.7218 35.98
    endloop
  endfacet
  facet normal 0.320285 -0.947321 0
    outer loop
      vertex 123.683 46.1472 22
      vertex 123.851 46.204 35.98
      vertex 123.683 46.1472 35.98
    endloop
  endfacet
  facet normal 0.320285 -0.947321 0
    outer loop
      vertex 123.851 46.204 35.98
      vertex 123.683 46.1472 22
      vertex 123.851 46.204 22
    endloop
  endfacet
  facet normal 0.555092 -0.831789 0
    outer loop
      vertex 123.378 45.971 22
      vertex 123.525 46.0691 35.98
      vertex 123.378 45.971 35.98
    endloop
  endfacet
  facet normal 0.555092 -0.831789 0
    outer loop
      vertex 123.525 46.0691 35.98
      vertex 123.378 45.971 22
      vertex 123.525 46.0691 22
    endloop
  endfacet
  facet normal 0.981272 0.192628 0
    outer loop
      vertex 122.896 44.5506 35.98
      vertex 122.862 44.7238 22
      vertex 122.862 44.7238 35.98
    endloop
  endfacet
  facet normal 0.981272 0.192628 0
    outer loop
      vertex 122.862 44.7238 22
      vertex 122.896 44.5506 35.98
      vertex 122.896 44.5506 22
    endloop
  endfacet
  facet normal 0.94651 -0.322674 0
    outer loop
      vertex 122.896 45.2494 35.98
      vertex 122.953 45.4166 22
      vertex 122.953 45.4166 35.98
    endloop
  endfacet
  facet normal 0.94651 -0.322674 0
    outer loop
      vertex 122.953 45.4166 22
      vertex 122.896 45.2494 35.98
      vertex 122.896 45.2494 22
    endloop
  endfacet
  facet normal 0.753139 0.657862 0
    outer loop
      vertex 123.245 43.9454 35.98
      vertex 123.129 44.0782 22
      vertex 123.129 44.0782 35.98
    endloop
  endfacet
  facet normal 0.753139 0.657862 0
    outer loop
      vertex 123.129 44.0782 22
      vertex 123.245 43.9454 35.98
      vertex 123.245 43.9454 22
    endloop
  endfacet
  facet normal -0.831701 0.555223 0
    outer loop
      vertex 125.271 44.0782 22
      vertex 125.369 44.225 35.98
      vertex 125.369 44.225 22
    endloop
  endfacet
  facet normal -0.831701 0.555223 0
    outer loop
      vertex 125.369 44.225 35.98
      vertex 125.271 44.0782 22
      vertex 125.271 44.0782 35.98
    endloop
  endfacet
  facet normal 0.443124 -0.89646 0
    outer loop
      vertex 123.525 46.0691 22
      vertex 123.683 46.1472 35.98
      vertex 123.525 46.0691 35.98
    endloop
  endfacet
  facet normal 0.443124 -0.89646 0
    outer loop
      vertex 123.683 46.1472 35.98
      vertex 123.525 46.0691 22
      vertex 123.683 46.1472 22
    endloop
  endfacet
  facet normal -0.320285 -0.947321 0
    outer loop
      vertex 124.549 46.204 22
      vertex 124.717 46.1472 35.98
      vertex 124.549 46.204 35.98
    endloop
  endfacet
  facet normal -0.320285 -0.947321 -0
    outer loop
      vertex 124.717 46.1472 35.98
      vertex 124.549 46.204 22
      vertex 124.717 46.1472 22
    endloop
  endfacet
  facet normal 0.94651 0.322674 0
    outer loop
      vertex 122.953 44.3834 35.98
      vertex 122.896 44.5506 22
      vertex 122.896 44.5506 35.98
    endloop
  endfacet
  facet normal 0.94651 0.322674 0
    outer loop
      vertex 122.896 44.5506 22
      vertex 122.953 44.3834 35.98
      vertex 122.953 44.3834 22
    endloop
  endfacet
  facet normal -0.997689 0.067947 0
    outer loop
      vertex 125.538 44.7238 22
      vertex 125.55 44.9 35.98
      vertex 125.55 44.9 22
    endloop
  endfacet
  facet normal -0.997689 0.067947 0
    outer loop
      vertex 125.55 44.9 35.98
      vertex 125.538 44.7238 22
      vertex 125.538 44.7238 35.98
    endloop
  endfacet
  facet normal -0.443124 -0.89646 0
    outer loop
      vertex 124.717 46.1472 22
      vertex 124.875 46.0691 35.98
      vertex 124.717 46.1472 35.98
    endloop
  endfacet
  facet normal -0.443124 -0.89646 -0
    outer loop
      vertex 124.875 46.0691 35.98
      vertex 124.717 46.1472 22
      vertex 124.875 46.0691 22
    endloop
  endfacet
  facet normal -0.94651 0.322674 0
    outer loop
      vertex 125.447 44.3834 22
      vertex 125.504 44.5506 35.98
      vertex 125.504 44.5506 22
    endloop
  endfacet
  facet normal -0.94651 0.322674 0
    outer loop
      vertex 125.504 44.5506 35.98
      vertex 125.447 44.3834 22
      vertex 125.447 44.3834 35.98
    endloop
  endfacet
  facet normal -0.555092 -0.831789 0
    outer loop
      vertex 124.875 46.0691 22
      vertex 125.022 45.971 35.98
      vertex 124.875 46.0691 35.98
    endloop
  endfacet
  facet normal -0.555092 -0.831789 -0
    outer loop
      vertex 125.022 45.971 35.98
      vertex 124.875 46.0691 22
      vertex 125.022 45.971 22
    endloop
  endfacet
  facet normal 0.0657664 -0.997835 0
    outer loop
      vertex 124.024 46.2384 22
      vertex 124.2 46.25 35.98
      vertex 124.024 46.2384 35.98
    endloop
  endfacet
  facet normal 0.0657664 -0.997835 0
    outer loop
      vertex 124.2 46.25 35.98
      vertex 124.024 46.2384 22
      vertex 124.2 46.25 22
    endloop
  endfacet
  facet normal 0.831701 0.555223 0
    outer loop
      vertex 123.129 44.0782 35.98
      vertex 123.031 44.225 22
      vertex 123.031 44.225 35.98
    endloop
  endfacet
  facet normal 0.831701 0.555223 0
    outer loop
      vertex 123.031 44.225 22
      vertex 123.129 44.0782 35.98
      vertex 123.129 44.0782 22
    endloop
  endfacet
  facet normal -0.195026 0.980798 0
    outer loop
      vertex 124.549 43.596 22
      vertex 124.376 43.5616 35.98
      vertex 124.549 43.596 35.98
    endloop
  endfacet
  facet normal -0.195026 0.980798 0
    outer loop
      vertex 124.376 43.5616 35.98
      vertex 124.549 43.596 22
      vertex 124.376 43.5616 22
    endloop
  endfacet
  facet normal 0.555092 0.831789 -0
    outer loop
      vertex 123.525 43.7309 22
      vertex 123.378 43.829 35.98
      vertex 123.525 43.7309 35.98
    endloop
  endfacet
  facet normal 0.555092 0.831789 0
    outer loop
      vertex 123.378 43.829 35.98
      vertex 123.525 43.7309 22
      vertex 123.378 43.829 22
    endloop
  endfacet
  facet normal 0.658585 -0.752507 0
    outer loop
      vertex 123.245 45.8546 22
      vertex 123.378 45.971 35.98
      vertex 123.245 45.8546 35.98
    endloop
  endfacet
  facet normal 0.658585 -0.752507 0
    outer loop
      vertex 123.378 45.971 35.98
      vertex 123.245 45.8546 22
      vertex 123.378 45.971 22
    endloop
  endfacet
  facet normal 0.997689 0.067947 0
    outer loop
      vertex 122.862 44.7238 35.98
      vertex 122.85 44.9 22
      vertex 122.85 44.9 35.98
    endloop
  endfacet
  facet normal 0.997689 0.067947 0
    outer loop
      vertex 122.85 44.9 22
      vertex 122.862 44.7238 35.98
      vertex 122.862 44.7238 22
    endloop
  endfacet
  facet normal 0.997689 -0.067947 0
    outer loop
      vertex 122.85 44.9 35.98
      vertex 122.862 45.0762 22
      vertex 122.862 45.0762 35.98
    endloop
  endfacet
  facet normal 0.997689 -0.067947 0
    outer loop
      vertex 122.862 45.0762 22
      vertex 122.85 44.9 35.98
      vertex 122.85 44.9 22
    endloop
  endfacet
  facet normal 0.897129 -0.441768 0
    outer loop
      vertex 122.953 45.4166 35.98
      vertex 123.031 45.575 22
      vertex 123.031 45.575 35.98
    endloop
  endfacet
  facet normal 0.897129 -0.441768 0
    outer loop
      vertex 123.031 45.575 22
      vertex 122.953 45.4166 35.98
      vertex 122.953 45.4166 22
    endloop
  endfacet
  facet normal 0.0657664 0.997835 -0
    outer loop
      vertex 124.2 43.55 22
      vertex 124.024 43.5616 35.98
      vertex 124.2 43.55 35.98
    endloop
  endfacet
  facet normal 0.0657664 0.997835 0
    outer loop
      vertex 124.024 43.5616 35.98
      vertex 124.2 43.55 22
      vertex 124.024 43.5616 22
    endloop
  endfacet
  facet normal 0.831701 -0.555223 0
    outer loop
      vertex 123.031 45.575 35.98
      vertex 123.129 45.7218 22
      vertex 123.129 45.7218 35.98
    endloop
  endfacet
  facet normal 0.831701 -0.555223 0
    outer loop
      vertex 123.129 45.7218 22
      vertex 123.031 45.575 35.98
      vertex 123.031 45.575 22
    endloop
  endfacet
  facet normal -0.94651 -0.322674 0
    outer loop
      vertex 125.504 45.2494 22
      vertex 125.447 45.4166 35.98
      vertex 125.447 45.4166 22
    endloop
  endfacet
  facet normal -0.94651 -0.322674 0
    outer loop
      vertex 125.447 45.4166 35.98
      vertex 125.504 45.2494 22
      vertex 125.504 45.2494 35.98
    endloop
  endfacet
  facet normal -0.555092 0.831789 0
    outer loop
      vertex 125.022 43.829 22
      vertex 124.875 43.7309 35.98
      vertex 125.022 43.829 35.98
    endloop
  endfacet
  facet normal -0.555092 0.831789 0
    outer loop
      vertex 124.875 43.7309 35.98
      vertex 125.022 43.829 22
      vertex 124.875 43.7309 22
    endloop
  endfacet
  facet normal 0.195026 -0.980798 0
    outer loop
      vertex 123.851 46.204 22
      vertex 124.024 46.2384 35.98
      vertex 123.851 46.204 35.98
    endloop
  endfacet
  facet normal 0.195026 -0.980798 0
    outer loop
      vertex 124.024 46.2384 35.98
      vertex 123.851 46.204 22
      vertex 124.024 46.2384 22
    endloop
  endfacet
  facet normal -0.0657664 -0.997835 0
    outer loop
      vertex 124.2 46.25 22
      vertex 124.376 46.2384 35.98
      vertex 124.2 46.25 35.98
    endloop
  endfacet
  facet normal -0.0657664 -0.997835 -0
    outer loop
      vertex 124.376 46.2384 35.98
      vertex 124.2 46.25 22
      vertex 124.376 46.2384 22
    endloop
  endfacet
  facet normal 0.981272 -0.192628 0
    outer loop
      vertex 122.862 45.0762 35.98
      vertex 122.896 45.2494 22
      vertex 122.896 45.2494 35.98
    endloop
  endfacet
  facet normal 0.981272 -0.192628 0
    outer loop
      vertex 122.896 45.2494 22
      vertex 122.862 45.0762 35.98
      vertex 122.862 45.0762 22
    endloop
  endfacet
  facet normal 0.897129 0.441768 0
    outer loop
      vertex 123.031 44.225 35.98
      vertex 122.953 44.3834 22
      vertex 122.953 44.3834 35.98
    endloop
  endfacet
  facet normal 0.897129 0.441768 0
    outer loop
      vertex 122.953 44.3834 22
      vertex 123.031 44.225 35.98
      vertex 123.031 44.225 22
    endloop
  endfacet
  facet normal -0.443124 0.89646 0
    outer loop
      vertex 124.875 43.7309 22
      vertex 124.717 43.6528 35.98
      vertex 124.875 43.7309 35.98
    endloop
  endfacet
  facet normal -0.443124 0.89646 0
    outer loop
      vertex 124.717 43.6528 35.98
      vertex 124.875 43.7309 22
      vertex 124.717 43.6528 22
    endloop
  endfacet
  facet normal -0.195026 -0.980798 0
    outer loop
      vertex 124.376 46.2384 22
      vertex 124.549 46.204 35.98
      vertex 124.376 46.2384 35.98
    endloop
  endfacet
  facet normal -0.195026 -0.980798 -0
    outer loop
      vertex 124.549 46.204 35.98
      vertex 124.376 46.2384 22
      vertex 124.549 46.204 22
    endloop
  endfacet
  facet normal 0.658585 0.752507 -0
    outer loop
      vertex 123.378 43.829 22
      vertex 123.245 43.9454 35.98
      vertex 123.378 43.829 35.98
    endloop
  endfacet
  facet normal 0.658585 0.752507 0
    outer loop
      vertex 123.245 43.9454 35.98
      vertex 123.378 43.829 22
      vertex 123.245 43.9454 22
    endloop
  endfacet
  facet normal 0 0 1
    outer loop
      vertex 125.538 45.0762 22
      vertex 125.538 44.7238 22
      vertex 125.55 44.9 22
    endloop
  endfacet
  facet normal 0 0 1
    outer loop
      vertex 125.504 45.2494 22
      vertex 125.538 44.7238 22
      vertex 125.538 45.0762 22
    endloop
  endfacet
  facet normal 0 0 1
    outer loop
      vertex 125.504 45.2494 22
      vertex 125.504 44.5506 22
      vertex 125.538 44.7238 22
    endloop
  endfacet
  facet normal 0 0 1
    outer loop
      vertex 125.447 45.4166 22
      vertex 125.504 44.5506 22
      vertex 125.504 45.2494 22
    endloop
  endfacet
  facet normal 0 0 1
    outer loop
      vertex 125.447 45.4166 22
      vertex 125.447 44.3834 22
      vertex 125.504 44.5506 22
    endloop
  endfacet
  facet normal 0 0 1
    outer loop
      vertex 125.369 45.575 22
      vertex 125.447 44.3834 22
      vertex 125.447 45.4166 22
    endloop
  endfacet
  facet normal 0 0 1
    outer loop
      vertex 125.369 45.575 22
      vertex 125.369 44.225 22
      vertex 125.447 44.3834 22
    endloop
  endfacet
  facet normal 0 0 1
    outer loop
      vertex 125.271 45.7218 22
      vertex 125.369 44.225 22
      vertex 125.369 45.575 22
    endloop
  endfacet
  facet normal 0 0 1
    outer loop
      vertex 125.271 45.7218 22
      vertex 125.271 44.0782 22
      vertex 125.369 44.225 22
    endloop
  endfacet
  facet normal 0 0 1
    outer loop
      vertex 125.155 45.8546 22
      vertex 125.271 44.0782 22
      vertex 125.271 45.7218 22
    endloop
  endfacet
  facet normal 0 0 1
    outer loop
      vertex 125.155 45.8546 22
      vertex 125.155 43.9454 22
      vertex 125.271 44.0782 22
    endloop
  endfacet
  facet normal 0 0 1
    outer loop
      vertex 125.022 45.971 22
      vertex 125.155 43.9454 22
      vertex 125.155 45.8546 22
    endloop
  endfacet
  facet normal 0 0 1
    outer loop
      vertex 125.022 45.971 22
      vertex 125.022 43.829 22
      vertex 125.155 43.9454 22
    endloop
  endfacet
  facet normal 0 0 1
    outer loop
      vertex 124.875 46.0691 22
      vertex 125.022 43.829 22
      vertex 125.022 45.971 22
    endloop
  endfacet
  facet normal 0 0 1
    outer loop
      vertex 124.875 46.0691 22
      vertex 124.875 43.7309 22
      vertex 125.022 43.829 22
    endloop
  endfacet
  facet normal 0 0 1
    outer loop
      vertex 124.717 46.1472 22
      vertex 124.875 43.7309 22
      vertex 124.875 46.0691 22
    endloop
  endfacet
  facet normal 0 0 1
    outer loop
      vertex 124.717 46.1472 22
      vertex 124.717 43.6528 22
      vertex 124.875 43.7309 22
    endloop
  endfacet
  facet normal 0 0 1
    outer loop
      vertex 124.549 46.204 22
      vertex 124.717 43.6528 22
      vertex 124.717 46.1472 22
    endloop
  endfacet
  facet normal 0 0 1
    outer loop
      vertex 124.549 46.204 22
      vertex 124.549 43.596 22
      vertex 124.717 43.6528 22
    endloop
  endfacet
  facet normal 0 0 1
    outer loop
      vertex 124.376 46.2384 22
      vertex 124.549 43.596 22
      vertex 124.549 46.204 22
    endloop
  endfacet
  facet normal 0 0 1
    outer loop
      vertex 124.376 46.2384 22
      vertex 124.376 43.5616 22
      vertex 124.549 43.596 22
    endloop
  endfacet
  facet normal 0 0 1
    outer loop
      vertex 124.2 46.25 22
      vertex 124.376 43.5616 22
      vertex 124.376 46.2384 22
    endloop
  endfacet
  facet normal 0 0 1
    outer loop
      vertex 124.2 46.25 22
      vertex 124.2 43.55 22
      vertex 124.376 43.5616 22
    endloop
  endfacet
  facet normal -0 0 1
    outer loop
      vertex 124.024 46.2384 22
      vertex 124.2 43.55 22
      vertex 124.2 46.25 22
    endloop
  endfacet
  facet normal 0 0 1
    outer loop
      vertex 124.024 46.2384 22
      vertex 124.024 43.5616 22
      vertex 124.2 43.55 22
    endloop
  endfacet
  facet normal -0 0 1
    outer loop
      vertex 123.851 46.204 22
      vertex 124.024 43.5616 22
      vertex 124.024 46.2384 22
    endloop
  endfacet
  facet normal 0 0 1
    outer loop
      vertex 123.851 46.204 22
      vertex 123.851 43.596 22
      vertex 124.024 43.5616 22
    endloop
  endfacet
  facet normal -0 0 1
    outer loop
      vertex 123.683 46.1472 22
      vertex 123.851 43.596 22
      vertex 123.851 46.204 22
    endloop
  endfacet
  facet normal 0 0 1
    outer loop
      vertex 123.683 46.1472 22
      vertex 123.683 43.6528 22
      vertex 123.851 43.596 22
    endloop
  endfacet
  facet normal -0 0 1
    outer loop
      vertex 123.525 46.0691 22
      vertex 123.683 43.6528 22
      vertex 123.683 46.1472 22
    endloop
  endfacet
  facet normal 0 0 1
    outer loop
      vertex 123.525 46.0691 22
      vertex 123.525 43.7309 22
      vertex 123.683 43.6528 22
    endloop
  endfacet
  facet normal -0 0 1
    outer loop
      vertex 123.378 45.971 22
      vertex 123.525 43.7309 22
      vertex 123.525 46.0691 22
    endloop
  endfacet
  facet normal 0 0 1
    outer loop
      vertex 123.378 45.971 22
      vertex 123.378 43.829 22
      vertex 123.525 43.7309 22
    endloop
  endfacet
  facet normal -0 0 1
    outer loop
      vertex 123.245 45.8546 22
      vertex 123.378 43.829 22
      vertex 123.378 45.971 22
    endloop
  endfacet
  facet normal 0 0 1
    outer loop
      vertex 123.245 45.8546 22
      vertex 123.245 43.9454 22
      vertex 123.378 43.829 22
    endloop
  endfacet
  facet normal -0 0 1
    outer loop
      vertex 123.129 45.7218 22
      vertex 123.245 43.9454 22
      vertex 123.245 45.8546 22
    endloop
  endfacet
  facet normal 0 0 1
    outer loop
      vertex 123.129 45.7218 22
      vertex 123.129 44.0782 22
      vertex 123.245 43.9454 22
    endloop
  endfacet
  facet normal -0 0 1
    outer loop
      vertex 123.031 45.575 22
      vertex 123.129 44.0782 22
      vertex 123.129 45.7218 22
    endloop
  endfacet
  facet normal 0 0 1
    outer loop
      vertex 123.031 45.575 22
      vertex 123.031 44.225 22
      vertex 123.129 44.0782 22
    endloop
  endfacet
  facet normal -0 0 1
    outer loop
      vertex 122.953 45.4166 22
      vertex 123.031 44.225 22
      vertex 123.031 45.575 22
    endloop
  endfacet
  facet normal 0 0 1
    outer loop
      vertex 122.953 45.4166 22
      vertex 122.953 44.3834 22
      vertex 123.031 44.225 22
    endloop
  endfacet
  facet normal -0 0 1
    outer loop
      vertex 122.896 45.2494 22
      vertex 122.953 44.3834 22
      vertex 122.953 45.4166 22
    endloop
  endfacet
  facet normal 0 0 1
    outer loop
      vertex 122.896 45.2494 22
      vertex 122.896 44.5506 22
      vertex 122.953 44.3834 22
    endloop
  endfacet
  facet normal -0 0 1
    outer loop
      vertex 122.862 45.0762 22
      vertex 122.896 44.5506 22
      vertex 122.896 45.2494 22
    endloop
  endfacet
  facet normal 0 0 1
    outer loop
      vertex 122.862 45.0762 22
      vertex 122.862 44.7238 22
      vertex 122.896 44.5506 22
    endloop
  endfacet
  facet normal 0 -0 1
    outer loop
      vertex 122.862 44.7238 22
      vertex 122.862 45.0762 22
      vertex 122.85 44.9 22
    endloop
  endfacet
  facet normal 1 0 0
    outer loop
      vertex 6.4 10.9 21.19
      vertex 6.4 9.61582 21.19
      vertex 6.4 10.9 17.4
    endloop
  endfacet
  facet normal 1 -0 0
    outer loop
      vertex 6.4 10.9 17.4
      vertex 6.4 13.65 2.4
      vertex 6.4 13.65 17.4
    endloop
  endfacet
  facet normal 1 0 0
    outer loop
      vertex 6.4 9.61582 2.4
      vertex 6.4 10.9 17.4
      vertex 6.4 9.61582 21.19
    endloop
  endfacet
  facet normal 1 0 0
    outer loop
      vertex 6.4 10.9 17.4
      vertex 6.4 9.61582 2.4
      vertex 6.4 13.65 2.4
    endloop
  endfacet
  facet normal -0 0 1
    outer loop
      vertex 2.4 13.65 21.19
      vertex 3.65 10.9 21.19
      vertex 3.65 13.65 21.19
    endloop
  endfacet
  facet normal 0 0 1
    outer loop
      vertex 2.4 7.65 21.19
      vertex 3.65 10.9 21.19
      vertex 2.4 13.65 21.19
    endloop
  endfacet
  facet normal 0 0 1
    outer loop
      vertex 3.65 10.9 21.19
      vertex 3.24835 8.55165 21.19
      vertex 3.61714 8.87507 21.19
    endloop
  endfacet
  facet normal 0 0 1
    outer loop
      vertex 3.65 10.9 21.19
      vertex 2.92492 8.18285 21.19
      vertex 3.24835 8.55165 21.19
    endloop
  endfacet
  facet normal 0 0 1
    outer loop
      vertex 3.65 10.9 21.19
      vertex 2.4 7.65 21.19
      vertex 2.92492 8.18285 21.19
    endloop
  endfacet
  facet normal 0 0 1
    outer loop
      vertex 2.92492 8.18285 21.19
      vertex 2.4 7.65 21.19
      vertex 2.6524 7.775 21.19
    endloop
  endfacet
  facet normal 0 0 1
    outer loop
      vertex 2.6524 7.775 21.19
      vertex 2.4 7.65 21.19
      vertex 2.59076 7.65 21.19
    endloop
  endfacet
  facet normal 0 0 1
    outer loop
      vertex 6.4 10.9 21.19
      vertex 6.38947 9.61792 21.19
      vertex 6.4 9.61582 21.19
    endloop
  endfacet
  facet normal 0 0 1
    outer loop
      vertex 6.4 10.9 21.19
      vertex 5.9 9.65 21.19
      vertex 6.38947 9.61792 21.19
    endloop
  endfacet
  facet normal 0 0 1
    outer loop
      vertex 6.4 10.9 21.19
      vertex 5.41053 9.61792 21.19
      vertex 5.9 9.65 21.19
    endloop
  endfacet
  facet normal -0 0 1
    outer loop
      vertex 3.65 10.9 21.19
      vertex 5.41053 9.61792 21.19
      vertex 6.4 10.9 21.19
    endloop
  endfacet
  facet normal 0 0 1
    outer loop
      vertex 5.41053 9.61792 21.19
      vertex 3.65 10.9 21.19
      vertex 4.92943 9.52222 21.19
    endloop
  endfacet
  facet normal 0 0 1
    outer loop
      vertex 4.92943 9.52222 21.19
      vertex 3.65 10.9 21.19
      vertex 4.46494 9.36455 21.19
    endloop
  endfacet
  facet normal 0 0 1
    outer loop
      vertex 4.46494 9.36455 21.19
      vertex 3.65 10.9 21.19
      vertex 4.025 9.14759 21.19
    endloop
  endfacet
  facet normal 0 0 1
    outer loop
      vertex 4.025 9.14759 21.19
      vertex 3.65 10.9 21.19
      vertex 3.61714 8.87507 21.19
    endloop
  endfacet
  facet normal 0 1 0
    outer loop
      vertex 6.4 13.65 17.4
      vertex 6.4 13.65 2.4
      vertex 3.65 13.65 17.4
    endloop
  endfacet
  facet normal 0 1 -0
    outer loop
      vertex 3.65 13.65 17.4
      vertex 2.4 13.65 21.19
      vertex 3.65 13.65 21.19
    endloop
  endfacet
  facet normal 0 1 0
    outer loop
      vertex 2.4 13.65 2.4
      vertex 3.65 13.65 17.4
      vertex 6.4 13.65 2.4
    endloop
  endfacet
  facet normal 0 1 0
    outer loop
      vertex 3.65 13.65 17.4
      vertex 2.4 13.65 2.4
      vertex 2.4 13.65 21.19
    endloop
  endfacet
  facet normal 0 -1 0
    outer loop
      vertex 2.4 7.65 2.4
      vertex 2.59076 7.65 21.19
      vertex 2.4 7.65 21.19
    endloop
  endfacet
  facet normal 0 -1 -0
    outer loop
      vertex 2.59076 7.65 21.19
      vertex 2.4 7.65 2.4
      vertex 2.59076 7.65 2.4
    endloop
  endfacet
  facet normal -0 0 1
    outer loop
      vertex 3.65 13.65 17.4
      vertex 6.4 10.9 17.4
      vertex 6.4 13.65 17.4
    endloop
  endfacet
  facet normal 0 0 1
    outer loop
      vertex 6.4 10.9 17.4
      vertex 3.65 13.65 17.4
      vertex 3.65 10.9 17.4
    endloop
  endfacet
  facet normal 1 -0 0
    outer loop
      vertex 3.65 10.9 21.19
      vertex 3.65 13.65 17.4
      vertex 3.65 13.65 21.19
    endloop
  endfacet
  facet normal 1 0 0
    outer loop
      vertex 3.65 13.65 17.4
      vertex 3.65 10.9 21.19
      vertex 3.65 10.9 17.4
    endloop
  endfacet
  facet normal 0 1 -0
    outer loop
      vertex 6.4 10.9 17.4
      vertex 3.65 10.9 21.19
      vertex 6.4 10.9 21.19
    endloop
  endfacet
  facet normal 0 1 0
    outer loop
      vertex 3.65 10.9 21.19
      vertex 6.4 10.9 17.4
      vertex 3.65 10.9 17.4
    endloop
  endfacet
  facet normal 1 0 0
    outer loop
      vertex 6.4 39.9 17.4
      vertex 6.4 41.1842 21.19
      vertex 6.4 39.9 21.19
    endloop
  endfacet
  facet normal 1 0 0
    outer loop
      vertex 6.4 41.1842 21.19
      vertex 6.4 39.9 17.4
      vertex 6.4 41.1842 2.4
    endloop
  endfacet
  facet normal 1 0 0
    outer loop
      vertex 6.4 37.15 2.4
      vertex 6.4 39.9 17.4
      vertex 6.4 37.15 17.4
    endloop
  endfacet
  facet normal 1 0 0
    outer loop
      vertex 6.4 39.9 17.4
      vertex 6.4 37.15 2.4
      vertex 6.4 41.1842 2.4
    endloop
  endfacet
  facet normal -0 0 1
    outer loop
      vertex 6.38947 41.1821 21.19
      vertex 6.4 39.9 21.19
      vertex 6.4 41.1842 21.19
    endloop
  endfacet
  facet normal -0 0 1
    outer loop
      vertex 5.9 41.15 21.19
      vertex 6.4 39.9 21.19
      vertex 6.38947 41.1821 21.19
    endloop
  endfacet
  facet normal 0 0 1
    outer loop
      vertex 5.41053 41.1821 21.19
      vertex 6.4 39.9 21.19
      vertex 5.9 41.15 21.19
    endloop
  endfacet
  facet normal 0 0 1
    outer loop
      vertex 3.65 39.9 21.19
      vertex 5.41053 41.1821 21.19
      vertex 4.92943 41.2778 21.19
    endloop
  endfacet
  facet normal 0 0 1
    outer loop
      vertex 3.65 39.9 21.19
      vertex 4.92943 41.2778 21.19
      vertex 4.46494 41.4355 21.19
    endloop
  endfacet
  facet normal 0 0 1
    outer loop
      vertex 3.65 39.9 21.19
      vertex 4.46494 41.4355 21.19
      vertex 4.025 41.6524 21.19
    endloop
  endfacet
  facet normal 0 0 1
    outer loop
      vertex 5.41053 41.1821 21.19
      vertex 3.65 39.9 21.19
      vertex 6.4 39.9 21.19
    endloop
  endfacet
  facet normal 0 0 1
    outer loop
      vertex 3.61714 41.9249 21.19
      vertex 3.65 39.9 21.19
      vertex 4.025 41.6524 21.19
    endloop
  endfacet
  facet normal 0 0 1
    outer loop
      vertex 3.24835 42.2483 21.19
      vertex 3.65 39.9 21.19
      vertex 3.61714 41.9249 21.19
    endloop
  endfacet
  facet normal 0 0 1
    outer loop
      vertex 2.92492 42.6171 21.19
      vertex 3.65 39.9 21.19
      vertex 3.24835 42.2483 21.19
    endloop
  endfacet
  facet normal 0 0 1
    outer loop
      vertex 2.4 43.15 21.19
      vertex 3.65 39.9 21.19
      vertex 2.92492 42.6171 21.19
    endloop
  endfacet
  facet normal 0 0 1
    outer loop
      vertex 2.4 43.15 21.19
      vertex 2.92492 42.6171 21.19
      vertex 2.6524 43.025 21.19
    endloop
  endfacet
  facet normal -0 0 1
    outer loop
      vertex 2.4 43.15 21.19
      vertex 2.6524 43.025 21.19
      vertex 2.59076 43.15 21.19
    endloop
  endfacet
  facet normal 0 0 1
    outer loop
      vertex 3.65 39.9 21.19
      vertex 2.4 43.15 21.19
      vertex 2.4 37.15 21.19
    endloop
  endfacet
  facet normal 0 0 1
    outer loop
      vertex 3.65 39.9 21.19
      vertex 2.4 37.15 21.19
      vertex 3.65 37.15 21.19
    endloop
  endfacet
  facet normal 0 1 -0
    outer loop
      vertex 2.59076 43.15 2.4
      vertex 2.4 43.15 21.19
      vertex 2.59076 43.15 21.19
    endloop
  endfacet
  facet normal 0 1 0
    outer loop
      vertex 2.4 43.15 21.19
      vertex 2.59076 43.15 2.4
      vertex 2.4 43.15 2.4
    endloop
  endfacet
  facet normal 0 -1 0
    outer loop
      vertex 2.4 37.15 21.19
      vertex 3.65 37.15 17.4
      vertex 3.65 37.15 21.19
    endloop
  endfacet
  facet normal 0 -1 0
    outer loop
      vertex 2.4 37.15 2.4
      vertex 3.65 37.15 17.4
      vertex 2.4 37.15 21.19
    endloop
  endfacet
  facet normal 0 -1 0
    outer loop
      vertex 6.4 37.15 2.4
      vertex 3.65 37.15 17.4
      vertex 2.4 37.15 2.4
    endloop
  endfacet
  facet normal 0 -1 0
    outer loop
      vertex 3.65 37.15 17.4
      vertex 6.4 37.15 2.4
      vertex 6.4 37.15 17.4
    endloop
  endfacet
  facet normal -0 0 1
    outer loop
      vertex 3.65 39.9 17.4
      vertex 6.4 37.15 17.4
      vertex 6.4 39.9 17.4
    endloop
  endfacet
  facet normal 0 0 1
    outer loop
      vertex 6.4 37.15 17.4
      vertex 3.65 39.9 17.4
      vertex 3.65 37.15 17.4
    endloop
  endfacet
  facet normal 1 -0 0
    outer loop
      vertex 3.65 37.15 21.19
      vertex 3.65 39.9 17.4
      vertex 3.65 39.9 21.19
    endloop
  endfacet
  facet normal 1 0 0
    outer loop
      vertex 3.65 39.9 17.4
      vertex 3.65 37.15 21.19
      vertex 3.65 37.15 17.4
    endloop
  endfacet
  facet normal 0 -1 0
    outer loop
      vertex 3.65 39.9 17.4
      vertex 6.4 39.9 21.19
      vertex 3.65 39.9 21.19
    endloop
  endfacet
  facet normal 0 -1 -0
    outer loop
      vertex 6.4 39.9 21.19
      vertex 3.65 39.9 17.4
      vertex 6.4 39.9 17.4
    endloop
  endfacet
  facet normal 1 -0 0
    outer loop
      vertex 58.9 7.65 21.19
      vertex 58.9 13.65 2.4
      vertex 58.9 13.65 21.19
    endloop
  endfacet
  facet normal 1 0 0
    outer loop
      vertex 58.9 13.65 2.4
      vertex 58.9 7.65 21.19
      vertex 58.9 7.65 2.4
    endloop
  endfacet
  facet normal 0 0 1
    outer loop
      vertex 55.65 10.9 21.19
      vertex 58.9 13.65 21.19
      vertex 55.65 13.65 21.19
    endloop
  endfacet
  facet normal 0 0 1
    outer loop
      vertex 58.9 13.65 21.19
      vertex 55.65 10.9 21.19
      vertex 58.9 7.65 21.19
    endloop
  endfacet
  facet normal 0 0 1
    outer loop
      vertex 52.9 7.65 21.19
      vertex 55.65 10.9 21.19
      vertex 52.9 10.9 21.19
    endloop
  endfacet
  facet normal 0 0 1
    outer loop
      vertex 55.65 10.9 21.19
      vertex 52.9 7.65 21.19
      vertex 58.9 7.65 21.19
    endloop
  endfacet
  facet normal -1 0 0
    outer loop
      vertex 52.9 13.65 2.4
      vertex 52.9 10.9 17.4
      vertex 52.9 13.65 17.4
    endloop
  endfacet
  facet normal -1 0 0
    outer loop
      vertex 52.9 7.65 2.4
      vertex 52.9 10.9 17.4
      vertex 52.9 13.65 2.4
    endloop
  endfacet
  facet normal -1 0 0
    outer loop
      vertex 52.9 7.65 21.19
      vertex 52.9 10.9 17.4
      vertex 52.9 7.65 2.4
    endloop
  endfacet
  facet normal -1 0 0
    outer loop
      vertex 52.9 10.9 17.4
      vertex 52.9 7.65 21.19
      vertex 52.9 10.9 21.19
    endloop
  endfacet
  facet normal 0 1 0
    outer loop
      vertex 58.9 13.65 21.19
      vertex 55.65 13.65 17.4
      vertex 55.65 13.65 21.19
    endloop
  endfacet
  facet normal 0 1 -0
    outer loop
      vertex 58.9 13.65 2.4
      vertex 55.65 13.65 17.4
      vertex 58.9 13.65 21.19
    endloop
  endfacet
  facet normal 0 1 0
    outer loop
      vertex 52.9 13.65 2.4
      vertex 55.65 13.65 17.4
      vertex 58.9 13.65 2.4
    endloop
  endfacet
  facet normal 0 1 0
    outer loop
      vertex 55.65 13.65 17.4
      vertex 52.9 13.65 2.4
      vertex 52.9 13.65 17.4
    endloop
  endfacet
  facet normal 0 -1 0
    outer loop
      vertex 52.9 7.65 2.4
      vertex 58.9 7.65 21.19
      vertex 52.9 7.65 21.19
    endloop
  endfacet
  facet normal 0 -1 -0
    outer loop
      vertex 58.9 7.65 21.19
      vertex 52.9 7.65 2.4
      vertex 58.9 7.65 2.4
    endloop
  endfacet
  facet normal -1 0 0
    outer loop
      vertex 55.65 10.9 17.4
      vertex 55.65 13.65 21.19
      vertex 55.65 13.65 17.4
    endloop
  endfacet
  facet normal -1 -0 0
    outer loop
      vertex 55.65 13.65 21.19
      vertex 55.65 10.9 17.4
      vertex 55.65 10.9 21.19
    endloop
  endfacet
  facet normal -0 0 1
    outer loop
      vertex 52.9 13.65 17.4
      vertex 55.65 10.9 17.4
      vertex 55.65 13.65 17.4
    endloop
  endfacet
  facet normal 0 0 1
    outer loop
      vertex 55.65 10.9 17.4
      vertex 52.9 13.65 17.4
      vertex 52.9 10.9 17.4
    endloop
  endfacet
  facet normal 0 1 -0
    outer loop
      vertex 55.65 10.9 17.4
      vertex 52.9 10.9 21.19
      vertex 55.65 10.9 21.19
    endloop
  endfacet
  facet normal 0 1 0
    outer loop
      vertex 52.9 10.9 21.19
      vertex 55.65 10.9 17.4
      vertex 52.9 10.9 17.4
    endloop
  endfacet
  facet normal 1 -0 0
    outer loop
      vertex 58.9 37.15 21.19
      vertex 58.9 43.15 2.4
      vertex 58.9 43.15 21.19
    endloop
  endfacet
  facet normal 1 0 0
    outer loop
      vertex 58.9 43.15 2.4
      vertex 58.9 37.15 21.19
      vertex 58.9 37.15 2.4
    endloop
  endfacet
  facet normal 0 0 1
    outer loop
      vertex 58.9 43.15 21.19
      vertex 55.65 39.9 21.19
      vertex 58.9 37.15 21.19
    endloop
  endfacet
  facet normal -0 0 1
    outer loop
      vertex 52.9 43.15 21.19
      vertex 55.65 39.9 21.19
      vertex 58.9 43.15 21.19
    endloop
  endfacet
  facet normal 0 0 1
    outer loop
      vertex 55.65 39.9 21.19
      vertex 52.9 43.15 21.19
      vertex 52.9 39.9 21.19
    endloop
  endfacet
  facet normal 0 0 1
    outer loop
      vertex 58.9 37.15 21.19
      vertex 55.65 39.9 21.19
      vertex 55.65 37.15 21.19
    endloop
  endfacet
  facet normal -1 0 0
    outer loop
      vertex 52.9 43.15 2.4
      vertex 52.9 39.9 17.4
      vertex 52.9 43.15 21.19
    endloop
  endfacet
  facet normal -1 0 0
    outer loop
      vertex 52.9 37.15 2.4
      vertex 52.9 39.9 17.4
      vertex 52.9 43.15 2.4
    endloop
  endfacet
  facet normal -1 -0 0
    outer loop
      vertex 52.9 39.9 17.4
      vertex 52.9 37.15 2.4
      vertex 52.9 37.15 17.4
    endloop
  endfacet
  facet normal -1 -0 0
    outer loop
      vertex 52.9 43.15 21.19
      vertex 52.9 39.9 17.4
      vertex 52.9 39.9 21.19
    endloop
  endfacet
  facet normal 0 1 -0
    outer loop
      vertex 58.9 43.15 2.4
      vertex 52.9 43.15 21.19
      vertex 58.9 43.15 21.19
    endloop
  endfacet
  facet normal 0 1 0
    outer loop
      vertex 52.9 43.15 21.19
      vertex 58.9 43.15 2.4
      vertex 52.9 43.15 2.4
    endloop
  endfacet
  facet normal 0 -1 0
    outer loop
      vertex 52.9 37.15 17.4
      vertex 52.9 37.15 2.4
      vertex 55.65 37.15 17.4
    endloop
  endfacet
  facet normal 0 -1 0
    outer loop
      vertex 55.65 37.15 17.4
      vertex 58.9 37.15 21.19
      vertex 55.65 37.15 21.19
    endloop
  endfacet
  facet normal 0 -1 0
    outer loop
      vertex 58.9 37.15 2.4
      vertex 55.65 37.15 17.4
      vertex 52.9 37.15 2.4
    endloop
  endfacet
  facet normal 0 -1 0
    outer loop
      vertex 55.65 37.15 17.4
      vertex 58.9 37.15 2.4
      vertex 58.9 37.15 21.19
    endloop
  endfacet
  facet normal -1 0 0
    outer loop
      vertex 55.65 37.15 17.4
      vertex 55.65 39.9 21.19
      vertex 55.65 39.9 17.4
    endloop
  endfacet
  facet normal -1 -0 0
    outer loop
      vertex 55.65 39.9 21.19
      vertex 55.65 37.15 17.4
      vertex 55.65 37.15 21.19
    endloop
  endfacet
  facet normal -0 0 1
    outer loop
      vertex 52.9 39.9 17.4
      vertex 55.65 37.15 17.4
      vertex 55.65 39.9 17.4
    endloop
  endfacet
  facet normal 0 0 1
    outer loop
      vertex 55.65 37.15 17.4
      vertex 52.9 39.9 17.4
      vertex 52.9 37.15 17.4
    endloop
  endfacet
  facet normal 0 -1 0
    outer loop
      vertex 52.9 39.9 17.4
      vertex 55.65 39.9 21.19
      vertex 52.9 39.9 21.19
    endloop
  endfacet
  facet normal 0 -1 -0
    outer loop
      vertex 55.65 39.9 21.19
      vertex 52.9 39.9 17.4
      vertex 55.65 39.9 17.4
    endloop
  endfacet
  facet normal 1 0 0
    outer loop
      vertex 85.9 10.65 21.19
      vertex 85.9 7.4 21.19
      vertex 85.9 10.65 17.4
    endloop
  endfacet
  facet normal 1 -0 0
    outer loop
      vertex 85.9 10.65 17.4
      vertex 85.9 13.4 2.4
      vertex 85.9 13.4 17.4
    endloop
  endfacet
  facet normal 1 0 0
    outer loop
      vertex 85.9 7.4 2.4
      vertex 85.9 10.65 17.4
      vertex 85.9 7.4 21.19
    endloop
  endfacet
  facet normal 1 0 0
    outer loop
      vertex 85.9 10.65 17.4
      vertex 85.9 7.4 2.4
      vertex 85.9 13.4 2.4
    endloop
  endfacet
  facet normal 0 0 1
    outer loop
      vertex 83.15 13.4 21.19
      vertex 79.9 13.4 21.19
      vertex 83.15 10.65 21.19
    endloop
  endfacet
  facet normal -0 0 1
    outer loop
      vertex 83.15 10.65 21.19
      vertex 85.9 7.4 21.19
      vertex 85.9 10.65 21.19
    endloop
  endfacet
  facet normal 0 0 1
    outer loop
      vertex 79.9 7.4 21.19
      vertex 83.15 10.65 21.19
      vertex 79.9 13.4 21.19
    endloop
  endfacet
  facet normal 0 0 1
    outer loop
      vertex 83.15 10.65 21.19
      vertex 79.9 7.4 21.19
      vertex 85.9 7.4 21.19
    endloop
  endfacet
  facet normal -1 0 0
    outer loop
      vertex 79.9 7.4 2.4
      vertex 79.9 13.4 21.19
      vertex 79.9 13.4 2.4
    endloop
  endfacet
  facet normal -1 -0 0
    outer loop
      vertex 79.9 13.4 21.19
      vertex 79.9 7.4 2.4
      vertex 79.9 7.4 21.19
    endloop
  endfacet
  facet normal 0 1 0
    outer loop
      vertex 85.9 13.4 17.4
      vertex 85.9 13.4 2.4
      vertex 83.15 13.4 17.4
    endloop
  endfacet
  facet normal 0 1 -0
    outer loop
      vertex 83.15 13.4 17.4
      vertex 79.9 13.4 21.19
      vertex 83.15 13.4 21.19
    endloop
  endfacet
  facet normal 0 1 0
    outer loop
      vertex 79.9 13.4 2.4
      vertex 83.15 13.4 17.4
      vertex 85.9 13.4 2.4
    endloop
  endfacet
  facet normal 0 1 0
    outer loop
      vertex 83.15 13.4 17.4
      vertex 79.9 13.4 2.4
      vertex 79.9 13.4 21.19
    endloop
  endfacet
  facet normal 0 -1 0
    outer loop
      vertex 79.9 7.4 2.4
      vertex 85.9 7.4 21.19
      vertex 79.9 7.4 21.19
    endloop
  endfacet
  facet normal 0 -1 -0
    outer loop
      vertex 85.9 7.4 21.19
      vertex 79.9 7.4 2.4
      vertex 85.9 7.4 2.4
    endloop
  endfacet
  facet normal -0 0 1
    outer loop
      vertex 83.15 13.4 17.4
      vertex 85.9 10.65 17.4
      vertex 85.9 13.4 17.4
    endloop
  endfacet
  facet normal 0 0 1
    outer loop
      vertex 85.9 10.65 17.4
      vertex 83.15 13.4 17.4
      vertex 83.15 10.65 17.4
    endloop
  endfacet
  facet normal 1 -0 0
    outer loop
      vertex 83.15 10.65 21.19
      vertex 83.15 13.4 17.4
      vertex 83.15 13.4 21.19
    endloop
  endfacet
  facet normal 1 0 0
    outer loop
      vertex 83.15 13.4 17.4
      vertex 83.15 10.65 21.19
      vertex 83.15 10.65 17.4
    endloop
  endfacet
  facet normal 0 1 -0
    outer loop
      vertex 85.9 10.65 17.4
      vertex 83.15 10.65 21.19
      vertex 85.9 10.65 21.19
    endloop
  endfacet
  facet normal 0 1 0
    outer loop
      vertex 83.15 10.65 21.19
      vertex 85.9 10.65 17.4
      vertex 83.15 10.65 17.4
    endloop
  endfacet
  facet normal 1 0 0
    outer loop
      vertex 85.9 40.15 17.4
      vertex 85.9 43.4 21.19
      vertex 85.9 40.15 21.19
    endloop
  endfacet
  facet normal 1 0 0
    outer loop
      vertex 85.9 43.4 21.19
      vertex 85.9 40.15 17.4
      vertex 85.9 43.4 2.4
    endloop
  endfacet
  facet normal 1 0 0
    outer loop
      vertex 85.9 37.4 2.4
      vertex 85.9 40.15 17.4
      vertex 85.9 37.4 17.4
    endloop
  endfacet
  facet normal 1 0 0
    outer loop
      vertex 85.9 40.15 17.4
      vertex 85.9 37.4 2.4
      vertex 85.9 43.4 2.4
    endloop
  endfacet
  facet normal 0 0 1
    outer loop
      vertex 85.9 43.4 21.19
      vertex 83.15 40.15 21.19
      vertex 85.9 40.15 21.19
    endloop
  endfacet
  facet normal -0 0 1
    outer loop
      vertex 79.9 43.4 21.19
      vertex 83.15 40.15 21.19
      vertex 85.9 43.4 21.19
    endloop
  endfacet
  facet normal 0 0 1
    outer loop
      vertex 79.9 37.4 21.19
      vertex 83.15 40.15 21.19
      vertex 79.9 43.4 21.19
    endloop
  endfacet
  facet normal 0 0 1
    outer loop
      vertex 83.15 40.15 21.19
      vertex 79.9 37.4 21.19
      vertex 83.15 37.4 21.19
    endloop
  endfacet
  facet normal -1 0 0
    outer loop
      vertex 79.9 37.4 2.4
      vertex 79.9 43.4 21.19
      vertex 79.9 43.4 2.4
    endloop
  endfacet
  facet normal -1 -0 0
    outer loop
      vertex 79.9 43.4 21.19
      vertex 79.9 37.4 2.4
      vertex 79.9 37.4 21.19
    endloop
  endfacet
  facet normal 0 1 -0
    outer loop
      vertex 85.9 43.4 2.4
      vertex 79.9 43.4 21.19
      vertex 85.9 43.4 21.19
    endloop
  endfacet
  facet normal 0 1 0
    outer loop
      vertex 79.9 43.4 21.19
      vertex 85.9 43.4 2.4
      vertex 79.9 43.4 2.4
    endloop
  endfacet
  facet normal 0 -1 0
    outer loop
      vertex 79.9 37.4 21.19
      vertex 83.15 37.4 17.4
      vertex 83.15 37.4 21.19
    endloop
  endfacet
  facet normal 0 -1 0
    outer loop
      vertex 79.9 37.4 2.4
      vertex 83.15 37.4 17.4
      vertex 79.9 37.4 21.19
    endloop
  endfacet
  facet normal 0 -1 0
    outer loop
      vertex 85.9 37.4 2.4
      vertex 83.15 37.4 17.4
      vertex 79.9 37.4 2.4
    endloop
  endfacet
  facet normal 0 -1 0
    outer loop
      vertex 83.15 37.4 17.4
      vertex 85.9 37.4 2.4
      vertex 85.9 37.4 17.4
    endloop
  endfacet
  facet normal -0 0 1
    outer loop
      vertex 83.15 40.15 17.4
      vertex 85.9 37.4 17.4
      vertex 85.9 40.15 17.4
    endloop
  endfacet
  facet normal 0 0 1
    outer loop
      vertex 85.9 37.4 17.4
      vertex 83.15 40.15 17.4
      vertex 83.15 37.4 17.4
    endloop
  endfacet
  facet normal 1 -0 0
    outer loop
      vertex 83.15 37.4 21.19
      vertex 83.15 40.15 17.4
      vertex 83.15 40.15 21.19
    endloop
  endfacet
  facet normal 1 0 0
    outer loop
      vertex 83.15 40.15 17.4
      vertex 83.15 37.4 21.19
      vertex 83.15 37.4 17.4
    endloop
  endfacet
  facet normal 0 -1 0
    outer loop
      vertex 83.15 40.15 17.4
      vertex 85.9 40.15 21.19
      vertex 83.15 40.15 21.19
    endloop
  endfacet
  facet normal 0 -1 -0
    outer loop
      vertex 85.9 40.15 21.19
      vertex 83.15 40.15 17.4
      vertex 85.9 40.15 17.4
    endloop
  endfacet
  facet normal -0 0 1
    outer loop
      vertex 127.448 7.775 21.19
      vertex 127.7 7.4 21.19
      vertex 127.7 13.4 21.19
    endloop
  endfacet
  facet normal 0 0 1
    outer loop
      vertex 127.7 7.4 21.19
      vertex 127.448 7.775 21.19
      vertex 127.633 7.4 21.19
    endloop
  endfacet
  facet normal 0 0 1
    outer loop
      vertex 127.7 13.4 21.19
      vertex 127.175 8.18285 21.19
      vertex 127.448 7.775 21.19
    endloop
  endfacet
  facet normal 0 0 1
    outer loop
      vertex 127.7 13.4 21.19
      vertex 126.852 8.55165 21.19
      vertex 127.175 8.18285 21.19
    endloop
  endfacet
  facet normal 0 0 1
    outer loop
      vertex 127.7 13.4 21.19
      vertex 126.483 8.87507 21.19
      vertex 126.852 8.55165 21.19
    endloop
  endfacet
  facet normal 0 0 1
    outer loop
      vertex 127.7 13.4 21.19
      vertex 126.075 9.14759 21.19
      vertex 126.483 8.87507 21.19
    endloop
  endfacet
  facet normal -0 0 1
    outer loop
      vertex 124.95 10.65 21.19
      vertex 126.075 9.14759 21.19
      vertex 127.7 13.4 21.19
    endloop
  endfacet
  facet normal 0 0 1
    outer loop
      vertex 126.075 9.14759 21.19
      vertex 124.95 10.65 21.19
      vertex 125.635 9.36455 21.19
    endloop
  endfacet
  facet normal 0 0 1
    outer loop
      vertex 124.95 10.65 21.19
      vertex 127.7 13.4 21.19
      vertex 124.95 13.4 21.19
    endloop
  endfacet
  facet normal 0 0 1
    outer loop
      vertex 125.635 9.36455 21.19
      vertex 124.95 10.65 21.19
      vertex 125.171 9.52222 21.19
    endloop
  endfacet
  facet normal 0 0 1
    outer loop
      vertex 124.95 10.65 21.19
      vertex 124.689 9.61792 21.19
      vertex 125.171 9.52222 21.19
    endloop
  endfacet
  facet normal 0 0 1
    outer loop
      vertex 124.95 10.65 21.19
      vertex 124.2 9.65 21.19
      vertex 124.689 9.61792 21.19
    endloop
  endfacet
  facet normal 0 0 1
    outer loop
      vertex 124.95 10.65 21.19
      vertex 123.711 9.61792 21.19
      vertex 124.2 9.65 21.19
    endloop
  endfacet
  facet normal -0 0 1
    outer loop
      vertex 122.2 10.65 21.19
      vertex 123.711 9.61792 21.19
      vertex 124.95 10.65 21.19
    endloop
  endfacet
  facet normal 0 0 1
    outer loop
      vertex 123.711 9.61792 21.19
      vertex 122.2 10.65 21.19
      vertex 123.229 9.52222 21.19
    endloop
  endfacet
  facet normal 0 0 1
    outer loop
      vertex 123.229 9.52222 21.19
      vertex 122.2 10.65 21.19
      vertex 122.765 9.36455 21.19
    endloop
  endfacet
  facet normal 0 0 1
    outer loop
      vertex 122.765 9.36455 21.19
      vertex 122.2 10.65 21.19
      vertex 122.325 9.14759 21.19
    endloop
  endfacet
  facet normal 0 0 1
    outer loop
      vertex 122.325 9.14759 21.19
      vertex 122.2 10.65 21.19
      vertex 122.2 9.06407 21.19
    endloop
  endfacet
  facet normal -1 0 0
    outer loop
      vertex 122.2 13.4 2.4
      vertex 122.2 10.65 17.4
      vertex 122.2 13.4 17.4
    endloop
  endfacet
  facet normal -1 0 0
    outer loop
      vertex 122.2 9.06407 2.4
      vertex 122.2 10.65 17.4
      vertex 122.2 13.4 2.4
    endloop
  endfacet
  facet normal -1 0 0
    outer loop
      vertex 122.2 9.06407 21.19
      vertex 122.2 10.65 17.4
      vertex 122.2 9.06407 2.4
    endloop
  endfacet
  facet normal -1 0 0
    outer loop
      vertex 122.2 10.65 17.4
      vertex 122.2 9.06407 21.19
      vertex 122.2 10.65 21.19
    endloop
  endfacet
  facet normal 0 1 0
    outer loop
      vertex 127.7 13.4 21.19
      vertex 124.95 13.4 17.4
      vertex 124.95 13.4 21.19
    endloop
  endfacet
  facet normal 0 1 -0
    outer loop
      vertex 127.7 13.4 2.4
      vertex 124.95 13.4 17.4
      vertex 127.7 13.4 21.19
    endloop
  endfacet
  facet normal 0 1 0
    outer loop
      vertex 122.2 13.4 2.4
      vertex 124.95 13.4 17.4
      vertex 127.7 13.4 2.4
    endloop
  endfacet
  facet normal 0 1 0
    outer loop
      vertex 124.95 13.4 17.4
      vertex 122.2 13.4 2.4
      vertex 122.2 13.4 17.4
    endloop
  endfacet
  facet normal 0 -1 0
    outer loop
      vertex 127.633 7.4 2.4
      vertex 127.7 7.4 21.19
      vertex 127.633 7.4 21.19
    endloop
  endfacet
  facet normal 0 -1 -0
    outer loop
      vertex 127.7 7.4 21.19
      vertex 127.633 7.4 2.4
      vertex 127.7 7.4 2.4
    endloop
  endfacet
  facet normal -1 0 0
    outer loop
      vertex 124.95 10.65 17.4
      vertex 124.95 13.4 21.19
      vertex 124.95 13.4 17.4
    endloop
  endfacet
  facet normal -1 -0 0
    outer loop
      vertex 124.95 13.4 21.19
      vertex 124.95 10.65 17.4
      vertex 124.95 10.65 21.19
    endloop
  endfacet
  facet normal -0 0 1
    outer loop
      vertex 122.2 13.4 17.4
      vertex 124.95 10.65 17.4
      vertex 124.95 13.4 17.4
    endloop
  endfacet
  facet normal 0 0 1
    outer loop
      vertex 124.95 10.65 17.4
      vertex 122.2 13.4 17.4
      vertex 122.2 10.65 17.4
    endloop
  endfacet
  facet normal 0 1 -0
    outer loop
      vertex 124.95 10.65 17.4
      vertex 122.2 10.65 21.19
      vertex 124.95 10.65 21.19
    endloop
  endfacet
  facet normal 0 1 0
    outer loop
      vertex 122.2 10.65 21.19
      vertex 124.95 10.65 17.4
      vertex 122.2 10.65 17.4
    endloop
  endfacet
  facet normal -0 0 1
    outer loop
      vertex 124.689 41.1821 21.19
      vertex 124.95 40.15 21.19
      vertex 125.171 41.2778 21.19
    endloop
  endfacet
  facet normal -0 0 1
    outer loop
      vertex 124.2 41.15 21.19
      vertex 124.95 40.15 21.19
      vertex 124.689 41.1821 21.19
    endloop
  endfacet
  facet normal 0 0 1
    outer loop
      vertex 123.711 41.1821 21.19
      vertex 124.95 40.15 21.19
      vertex 124.2 41.15 21.19
    endloop
  endfacet
  facet normal 0 0 1
    outer loop
      vertex 122.2 40.15 21.19
      vertex 123.711 41.1821 21.19
      vertex 123.229 41.2778 21.19
    endloop
  endfacet
  facet normal 0 0 1
    outer loop
      vertex 122.2 40.15 21.19
      vertex 123.229 41.2778 21.19
      vertex 122.765 41.4355 21.19
    endloop
  endfacet
  facet normal 0 0 1
    outer loop
      vertex 122.2 40.15 21.19
      vertex 122.765 41.4355 21.19
      vertex 122.325 41.6524 21.19
    endloop
  endfacet
  facet normal 0 0 1
    outer loop
      vertex 123.711 41.1821 21.19
      vertex 122.2 40.15 21.19
      vertex 124.95 40.15 21.19
    endloop
  endfacet
  facet normal 0 0 1
    outer loop
      vertex 122.2 40.15 21.19
      vertex 122.325 41.6524 21.19
      vertex 122.2 41.7359 21.19
    endloop
  endfacet
  facet normal 0 0 1
    outer loop
      vertex 127.448 43.025 21.19
      vertex 127.7 43.4 21.19
      vertex 127.633 43.4 21.19
    endloop
  endfacet
  facet normal 0 0 1
    outer loop
      vertex 127.7 43.4 21.19
      vertex 127.448 43.025 21.19
      vertex 127.7 37.4 21.19
    endloop
  endfacet
  facet normal -0 0 1
    outer loop
      vertex 127.175 42.6171 21.19
      vertex 127.7 37.4 21.19
      vertex 127.448 43.025 21.19
    endloop
  endfacet
  facet normal -0 0 1
    outer loop
      vertex 126.852 42.2483 21.19
      vertex 127.7 37.4 21.19
      vertex 127.175 42.6171 21.19
    endloop
  endfacet
  facet normal -0 0 1
    outer loop
      vertex 126.483 41.9249 21.19
      vertex 127.7 37.4 21.19
      vertex 126.852 42.2483 21.19
    endloop
  endfacet
  facet normal -0 0 1
    outer loop
      vertex 126.075 41.6524 21.19
      vertex 127.7 37.4 21.19
      vertex 126.483 41.9249 21.19
    endloop
  endfacet
  facet normal 0 0 1
    outer loop
      vertex 124.95 40.15 21.19
      vertex 126.075 41.6524 21.19
      vertex 125.635 41.4355 21.19
    endloop
  endfacet
  facet normal 0 0 1
    outer loop
      vertex 124.95 40.15 21.19
      vertex 125.635 41.4355 21.19
      vertex 125.171 41.2778 21.19
    endloop
  endfacet
  facet normal 0 0 1
    outer loop
      vertex 126.075 41.6524 21.19
      vertex 124.95 40.15 21.19
      vertex 127.7 37.4 21.19
    endloop
  endfacet
  facet normal 0 0 1
    outer loop
      vertex 127.7 37.4 21.19
      vertex 124.95 40.15 21.19
      vertex 124.95 37.4 21.19
    endloop
  endfacet
  facet normal -1 0 0
    outer loop
      vertex 122.2 41.7359 2.4
      vertex 122.2 40.15 17.4
      vertex 122.2 41.7359 21.19
    endloop
  endfacet
  facet normal -1 0 0
    outer loop
      vertex 122.2 37.4 2.4
      vertex 122.2 40.15 17.4
      vertex 122.2 41.7359 2.4
    endloop
  endfacet
  facet normal -1 -0 0
    outer loop
      vertex 122.2 40.15 17.4
      vertex 122.2 37.4 2.4
      vertex 122.2 37.4 17.4
    endloop
  endfacet
  facet normal -1 -0 0
    outer loop
      vertex 122.2 41.7359 21.19
      vertex 122.2 40.15 17.4
      vertex 122.2 40.15 21.19
    endloop
  endfacet
  facet normal 0 1 -0
    outer loop
      vertex 127.7 43.4 2.4
      vertex 127.633 43.4 21.19
      vertex 127.7 43.4 21.19
    endloop
  endfacet
  facet normal 0 1 0
    outer loop
      vertex 127.633 43.4 21.19
      vertex 127.7 43.4 2.4
      vertex 127.633 43.4 2.4
    endloop
  endfacet
  facet normal 0 -1 0
    outer loop
      vertex 122.2 37.4 17.4
      vertex 122.2 37.4 2.4
      vertex 124.95 37.4 17.4
    endloop
  endfacet
  facet normal 0 -1 0
    outer loop
      vertex 124.95 37.4 17.4
      vertex 127.7 37.4 21.19
      vertex 124.95 37.4 21.19
    endloop
  endfacet
  facet normal 0 -1 0
    outer loop
      vertex 127.7 37.4 2.4
      vertex 124.95 37.4 17.4
      vertex 122.2 37.4 2.4
    endloop
  endfacet
  facet normal 0 -1 0
    outer loop
      vertex 124.95 37.4 17.4
      vertex 127.7 37.4 2.4
      vertex 127.7 37.4 21.19
    endloop
  endfacet
  facet normal -1 0 0
    outer loop
      vertex 124.95 37.4 17.4
      vertex 124.95 40.15 21.19
      vertex 124.95 40.15 17.4
    endloop
  endfacet
  facet normal -1 -0 0
    outer loop
      vertex 124.95 40.15 21.19
      vertex 124.95 37.4 17.4
      vertex 124.95 37.4 21.19
    endloop
  endfacet
  facet normal -0 0 1
    outer loop
      vertex 122.2 40.15 17.4
      vertex 124.95 37.4 17.4
      vertex 124.95 40.15 17.4
    endloop
  endfacet
  facet normal 0 0 1
    outer loop
      vertex 124.95 37.4 17.4
      vertex 122.2 40.15 17.4
      vertex 122.2 37.4 17.4
    endloop
  endfacet
  facet normal 0 -1 0
    outer loop
      vertex 122.2 40.15 17.4
      vertex 124.95 40.15 21.19
      vertex 122.2 40.15 21.19
    endloop
  endfacet
  facet normal 0 -1 -0
    outer loop
      vertex 124.95 40.15 21.19
      vertex 122.2 40.15 17.4
      vertex 124.95 40.15 17.4
    endloop
  endfacet
endsolid OpenSCAD_Model
